instance,window_id,n,k,p,method,start,end,optimizer_seed,penalty,optimizer_fun,optimizer_success,optimizer_message,P_feasible,P_optimal,P_near_optimal_5pct,expected_cost,optimal_cost,normalized_gap,best_sample_x,best_sample_cost,expected_feasible_cost_conditional
0,W1,5,2,1,Penalty QAOA transverse mixer,2025-02-24,2026-05-21,12345778,0.01,-0.2900209305426079,True,Return from COBYLA because the trust region radius reaches its lower bound.,0.26454304942064705,0.11171534522764917,0.11171534522764917,-0.3072506859421449,-0.3482309453090251,0.13155164883803902,00101,-0.3482309453090251,-0.31097940585398165
0,W1,5,2,1,QWOA Johnson,2025-02-24,2026-05-21,12345778,,-0.3177019932758133,False,Return from COBYLA because the objective function has been evaluated MAXFUN times.,1.0,0.40752215856145124,0.40752215856145124,-0.3177019932758133,-0.3482309453090251,0.1078112216573825,00101,-0.3482309453090251,
0,W1,5,2,1,QWOA complete / Grover-equivalent,2025-02-24,2026-05-21,12345878,,-0.3094101131265615,False,Return from COBYLA because the objective function has been evaluated MAXFUN times.,1.0,0.3016002872669979,0.3016002872669979,-0.3094101131265615,-0.3482309453090251,0.13709351499502842,00101,-0.3482309453090251,
0,W1,5,2,1,QWOA weighted Johnson cost alpha=0.25,2025-02-24,2026-05-21,12345778,,-0.31638308010737665,True,Return from COBYLA because the trust region radius reaches its lower bound.,1.0,0.3791995913438825,0.3791995913438825,-0.31638308010737665,-0.3482309453090251,0.11246888693834178,00101,-0.3482309453090251,
0,W1,5,2,1,QWOA weighted Johnson cost alpha=0.5,2025-02-24,2026-05-21,12345678,,-0.3083810837157334,True,Return from COBYLA because the trust region radius reaches its lower bound.,1.0,0.24558774486574927,0.24558774486574927,-0.3083810837157334,-0.3482309453090251,0.14072747261604548,00110,-0.30384800856464067,
0,W1,5,2,1,QWOA weighted Johnson cost alpha=1.0,2025-02-24,2026-05-21,12346078,,-0.3037438222626339,True,Return from COBYLA because the trust region radius reaches its lower bound.,1.0,0.3854185613269399,0.3854185613269399,-0.3037438222626339,-0.3482309453090251,0.15710369220784356,00101,-0.3482309453090251,
0,W1,5,2,1,QWOA weighted Johnson cost alpha=2.0,2025-02-24,2026-05-21,12345878,,-0.21318854530394604,True,Return from COBYLA because the trust region radius reaches its lower bound.,1.0,0.13297573038537175,0.13297573038537175,-0.21318854530394604,-0.3482309453090251,0.4768943953350891,00110,-0.30384800856464067,
0,W1,5,2,2,Penalty QAOA transverse mixer,2025-02-24,2026-05-21,12345678,0.1,-0.2508946618649795,False,Return from COBYLA because the objective function has been evaluated MAXFUN times.,0.6007229736933681,0.2132611360244627,0.2132611360244627,-0.2949936046688195,-0.3482309453090251,0.2246735199770533,00101,-0.3482309453090251,-0.28461004380111016
0,W1,5,2,2,QWOA Johnson,2025-02-24,2026-05-21,12345778,,-0.3135337222827852,False,Return from COBYLA because the objective function has been evaluated MAXFUN times.,1.0,0.34925087204017846,0.34925087204017846,-0.3135337222827852,-0.3482309453090251,0.12253122866805584,00101,-0.3482309453090251,
0,W1,5,2,2,QWOA complete / Grover-equivalent,2025-02-24,2026-05-21,12345778,,-0.3127457035486733,False,Return from COBYLA because the objective function has been evaluated MAXFUN times.,1.0,0.3329731320727363,0.3329731320727363,-0.3127457035486733,-0.3482309453090251,0.1253140710768317,00101,-0.3482309453090251,
0,W1,5,2,2,QWOA weighted Johnson cost alpha=0.25,2025-02-24,2026-05-21,12345978,,-0.3143420413816287,False,Return from COBYLA because the objective function has been evaluated MAXFUN times.,1.0,0.3922199789372808,0.3922199789372808,-0.3143420413816287,-0.3482309453090251,0.11967669669982754,00101,-0.3482309453090251,
0,W1,5,2,2,QWOA weighted Johnson cost alpha=0.5,2025-02-24,2026-05-21,12345778,,-0.322456260193531,False,Return from COBYLA because the objective function has been evaluated MAXFUN times.,1.0,0.4984652125906256,0.4984652125906256,-0.322456260193531,-0.3482309453090251,0.09102180406038077,00101,-0.3482309453090251,
0,W1,5,2,2,QWOA weighted Johnson cost alpha=1.0,2025-02-24,2026-05-21,12346078,,-0.30939563132690107,False,Return from COBYLA because the objective function has been evaluated MAXFUN times.,1.0,0.4467999247644222,0.4467999247644222,-0.30939563132690107,-0.3482309453090251,0.13714465662974595,00101,-0.3482309453090251,
0,W1,5,2,2,QWOA weighted Johnson cost alpha=2.0,2025-02-24,2026-05-21,12346078,,-0.24423434693647986,False,Return from COBYLA because the objective function has been evaluated MAXFUN times.,1.0,0.30615542395977124,0.30615542395977124,-0.24423434693647986,-0.3482309453090251,0.3672579493249213,00101,-0.3482309453090251,
0,W1,5,2,3,Penalty QAOA transverse mixer,2025-02-24,2026-05-21,12345678,0.1,-0.23246472980414,False,Return from COBYLA because the objective function has been evaluated MAXFUN times.,0.5576380726947733,0.23367402114094749,0.23367402114094749,-0.28545638225139364,-0.3482309453090251,0.19878802107246862,00101,-0.3482309453090251,-0.2919400521459299
0,W1,5,2,3,QWOA Johnson,2025-02-24,2026-05-21,12345878,,-0.3118970640733106,False,Return from COBYLA because the objective function has been evaluated MAXFUN times.,1.0,0.3357908165801696,0.3357908165801696,-0.3118970640733106,-0.3482309453090251,0.1283109921138199,00101,-0.3482309453090251,
0,W1,5,2,3,QWOA complete / Grover-equivalent,2025-02-24,2026-05-21,12345978,,-0.3120092601199324,False,Return from COBYLA because the objective function has been evaluated MAXFUN times.,1.0,0.3273780471500203,0.3273780471500203,-0.3120092601199324,-0.3482309453090251,0.12791477828904568,00101,-0.3482309453090251,
0,W1,5,2,3,QWOA weighted Johnson cost alpha=0.25,2025-02-24,2026-05-21,12346078,,-0.31847785495850467,False,Return from COBYLA because the objective function has been evaluated MAXFUN times.,1.0,0.4074023687573365,0.4074023687573365,-0.31847785495850467,-0.3482309453090251,0.10507131116988479,00101,-0.3482309453090251,
0,W1,5,2,3,QWOA weighted Johnson cost alpha=0.5,2025-02-24,2026-05-21,12345778,,-0.3168691149323405,False,Return from COBYLA because the objective function has been evaluated MAXFUN times.,1.0,0.4495884660127916,0.4495884660127916,-0.3168691149323405,-0.3482309453090251,0.11075248317216013,00101,-0.3482309453090251,
0,W1,5,2,3,QWOA weighted Johnson cost alpha=1.0,2025-02-24,2026-05-21,12345978,,-0.3193226335840919,False,Return from COBYLA because the objective function has been evaluated MAXFUN times.,1.0,0.49379490468147663,0.49379490468147663,-0.3193226335840919,-0.3482309453090251,0.10208802449972577,00101,-0.3482309453090251,
0,W1,5,2,3,QWOA weighted Johnson cost alpha=2.0,2025-02-24,2026-05-21,12345778,,-0.26499022750449025,False,Return from COBYLA because the objective function has been evaluated MAXFUN times.,1.0,0.4090549422066572,0.4090549422066572,-0.26499022750449025,-0.3482309453090251,0.2939597621425522,00101,-0.3482309453090251,
1,W1,5,3,1,Penalty QAOA transverse mixer,2025-02-24,2026-05-21,12346078,0.01,-0.2971108357133073,True,Return from COBYLA because the trust region radius reaches its lower bound.,0.40297602590647785,0.09183419548883742,0.2737555473013298,-0.3063394480556003,-0.3645291646478553,0.1360382135984204,00111,-0.3645291646478553,-0.32008502723696025
1,W1,5,3,1,QWOA Johnson,2025-02-24,2026-05-21,12345878,,-0.33760033364993575,False,Return from COBYLA because the objective function has been evaluated MAXFUN times.,1.0,0.2670274685903597,0.7683637073681335,-0.33760033364993575,-0.3645291646478553,0.08242594584258281,00111,-0.3645291646478553,
1,W1,5,3,1,QWOA complete / Grover-equivalent,2025-02-24,2026-05-21,12345878,,-0.3241696205820396,False,Return from COBYLA because the objective function has been evaluated MAXFUN times.,1.0,0.22688708851977868,0.6638391088091029,-0.3241696205820396,-0.3645291646478553,0.1235357596346188,00111,-0.3645291646478553,
1,W1,5,3,1,QWOA weighted Johnson cost alpha=0.25,2025-02-24,2026-05-21,12345978,,-0.3385840285343753,True,Return from COBYLA because the trust region radius reaches its lower bound.,1.0,0.27795760886081344,0.7835526247903997,-0.3385840285343753,-0.3645291646478553,0.07941497290890051,00111,-0.3645291646478553,
1,W1,5,3,1,QWOA weighted Johnson cost alpha=0.5,2025-02-24,2026-05-21,12345778,,-0.3373769689143585,True,Return from COBYLA because the trust region radius reaches its lower bound.,1.0,0.2795017776025004,0.7813741506796231,-0.3373769689143585,-0.3645291646478553,0.0831096387069057,00111,-0.3645291646478553,
1,W1,5,3,1,QWOA weighted Johnson cost alpha=1.0,2025-02-24,2026-05-21,12345878,,-0.3260435010547784,True,Return from COBYLA because the trust region radius reaches its lower bound.,1.0,0.24091686351566083,0.7354109241524129,-0.3260435010547784,-0.3645291646478553,0.11780003459058037,10101,-0.3605079153652597,
1,W1,5,3,1,QWOA weighted Johnson cost alpha=2.0,2025-02-24,2026-05-21,12345878,,-0.33596979484518225,True,Return from COBYLA because the trust region radius reaches its lower bound.,1.0,0.30579355744413605,0.8933658028765697,-0.33596979484518225,-0.3645291646478553,0.08741683101042486,00111,-0.3645291646478553,
1,W1,5,3,2,Penalty QAOA transverse mixer,2025-02-24,2026-05-21,12345878,0.1,-0.26335261236447344,False,Return from COBYLA because the objective function has been evaluated MAXFUN times.,0.6485556217828099,0.14302426057848255,0.4125234627236039,-0.30938111728957207,-0.3645291646478553,0.1553594136868258,00111,-0.3645291646478553,-0.3137727268254937
1,W1,5,3,2,QWOA Johnson,2025-02-24,2026-05-21,12345778,,-0.3362514972494545,False,Return from COBYLA because the objective function has been evaluated MAXFUN times.,1.0,0.2687962843740035,0.7625893165416456,-0.3362514972494545,-0.3645291646478553,0.08655457348724956,00111,-0.3645291646478553,
1,W1,5,3,2,QWOA complete / Grover-equivalent,2025-02-24,2026-05-21,12345678,,-0.3298649195541692,False,Return from COBYLA because the objective function has been evaluated MAXFUN times.,1.0,0.24273804038223318,0.7054461140425343,-0.3298649195541692,-0.3645291646478553,0.10610312749881086,00111,-0.3645291646478553,
1,W1,5,3,2,QWOA weighted Johnson cost alpha=0.25,2025-02-24,2026-05-21,12345778,,-0.33953443934677774,False,Return from COBYLA because the objective function has been evaluated MAXFUN times.,1.0,0.28219415256372415,0.7895803767704738,-0.33953443934677774,-0.3645291646478553,0.07650587855729866,00111,-0.3645291646478553,
1,W1,5,3,2,QWOA weighted Johnson cost alpha=0.5,2025-02-24,2026-05-21,12345778,,-0.34214873366944326,False,Return from COBYLA because the objective function has been evaluated MAXFUN times.,1.0,0.29647419706163386,0.8228749252695877,-0.34214873366944326,-0.3645291646478553,0.06850383486393344,00111,-0.3645291646478553,
1,W1,5,3,2,QWOA weighted Johnson cost alpha=1.0,2025-02-24,2026-05-21,12345878,,-0.3343642183753153,False,Return from COBYLA because the objective function has been evaluated MAXFUN times.,1.0,0.2701951398447601,0.7650642261208669,-0.3343642183753153,-0.3645291646478553,0.09233130944291235,00111,-0.3645291646478553,
1,W1,5,3,2,QWOA weighted Johnson cost alpha=2.0,2025-02-24,2026-05-21,12345678,,-0.3428176460109038,False,Return from COBYLA because the objective function has been evaluated MAXFUN times.,1.0,0.27156842167541423,0.9304215328697785,-0.3428176460109038,-0.3645291646478553,0.06645637381986057,01101,-0.35565375215108436,
1,W1,5,3,3,Penalty QAOA transverse mixer,2025-02-24,2026-05-21,12345878,0.1,-0.2786146211201256,False,Return from COBYLA because the objective function has been evaluated MAXFUN times.,0.6526099044540314,0.15807729934343756,0.4543956608096177,-0.3196586385628958,-0.3645291646478553,0.11837025000433615,00111,-0.3645291646478553,-0.3258572097801989
1,W1,5,3,3,QWOA Johnson,2025-02-24,2026-05-21,12345878,,-0.3344540583647688,False,Return from COBYLA because the objective function has been evaluated MAXFUN times.,1.0,0.2631107610517512,0.7465016343431868,-0.3344540583647688,-0.3645291646478553,0.09205631993052822,00111,-0.3645291646478553,
1,W1,5,3,3,QWOA complete / Grover-equivalent,2025-02-24,2026-05-21,12346078,,-0.3391121219892406,False,Return from COBYLA because the objective function has been evaluated MAXFUN times.,1.0,0.2726858084506479,0.7838139944529812,-0.3391121219892406,-0.3645291646478553,0.07779854171239167,00111,-0.3645291646478553,
1,W1,5,3,3,QWOA weighted Johnson cost alpha=0.25,2025-02-24,2026-05-21,12346078,,-0.3393198156462769,False,Return from COBYLA because the objective function has been evaluated MAXFUN times.,1.0,0.28001190574443535,0.7887895689800772,-0.3393198156462769,-0.3645291646478553,0.07716281615386142,00111,-0.3645291646478553,
1,W1,5,3,3,QWOA weighted Johnson cost alpha=0.5,2025-02-24,2026-05-21,12345678,,-0.35011567128509224,False,Return from COBYLA because the objective function has been evaluated MAXFUN times.,1.0,0.32579596229635205,0.9042219606811783,-0.35011567128509224,-0.3645291646478553,0.04411798727591699,00111,-0.3645291646478553,
1,W1,5,3,3,QWOA weighted Johnson cost alpha=1.0,2025-02-24,2026-05-21,12345978,,-0.3545661053053469,False,Return from COBYLA because the objective function has been evaluated MAXFUN times.,1.0,0.3526108266023715,0.966044026632362,-0.3545661053053469,-0.3645291646478553,0.030495738558256828,00111,-0.3645291646478553,
1,W1,5,3,3,QWOA weighted Johnson cost alpha=2.0,2025-02-24,2026-05-21,12345978,,-0.35097491033411,False,Return from COBYLA because the objective function has been evaluated MAXFUN times.,1.0,0.3157285813424256,0.9595101410332263,-0.35097491033411,-0.3645291646478553,0.0414879588381567,10101,-0.3605079153652597,
2,W1,6,2,1,Penalty QAOA transverse mixer,2025-02-24,2026-05-21,12345978,0.01,-0.2732391959557735,True,Return from COBYLA because the trust region radius reaches its lower bound.,0.36118991185216004,0.18345966585162254,0.18345966585162254,-0.28719344531703267,-0.3482309453090251,0.11213175987684028,001010,-0.3482309453090251,-0.2964279995291357
2,W1,6,2,1,QWOA Johnson,2025-02-24,2026-05-21,12346078,,-0.29093144872342885,False,Return from COBYLA because the objective function has been evaluated MAXFUN times.,1.0,0.3357334552934752,0.3357334552934752,-0.29093144872342885,-0.3482309453090251,0.12402949862156705,001010,-0.3482309453090251,
2,W1,6,2,1,QWOA complete / Grover-equivalent,2025-02-24,2026-05-21,12345978,,-0.2522716860330036,False,Return from COBYLA because the objective function has been evaluated MAXFUN times.,1.0,0.20741724515114404,0.20741724515114404,-0.2522716860330036,-0.3482309453090251,0.20771175185322194,001010,-0.3482309453090251,
2,W1,6,2,1,QWOA weighted Johnson cost alpha=0.25,2025-02-24,2026-05-21,12345778,,-0.288921737481963,True,Return from COBYLA because the trust region radius reaches its lower bound.,1.0,0.31858628064744526,0.31858628064744526,-0.288921737481963,-0.3482309453090251,0.1283796847925883,001010,-0.3482309453090251,
2,W1,6,2,1,QWOA weighted Johnson cost alpha=0.5,2025-02-24,2026-05-21,12346078,,-0.27888444806581564,True,Return from COBYLA because the trust region radius reaches its lower bound.,1.0,0.2750083500580418,0.2750083500580418,-0.27888444806581564,-0.3482309453090251,0.15010622774649726,001010,-0.3482309453090251,
2,W1,6,2,1,QWOA weighted Johnson cost alpha=1.0,2025-02-24,2026-05-21,12345878,,-0.24064144806546675,True,Return from COBYLA because the trust region radius reaches its lower bound.,1.0,0.16139267327137918,0.16139267327137918,-0.24064144806546675,-0.3482309453090251,0.2328863636721627,101000,-0.30516909742419,
2,W1,6,2,1,QWOA weighted Johnson cost alpha=2.0,2025-02-24,2026-05-21,12345978,,-0.1635479965317432,True,Return from COBYLA because the trust region radius reaches its lower bound.,1.0,0.05929371223193763,0.05929371223193763,-0.1635479965317432,-0.3482309453090251,0.3997615145986621,101000,-0.30516909742419,
2,W1,6,2,2,Penalty QAOA transverse mixer,2025-02-24,2026-05-21,12345778,0.01,-0.3158648040441827,False,Return from COBYLA because the objective function has been evaluated MAXFUN times.,0.4045404897917149,0.2534904745483148,0.2534904745483148,-0.3260071490230211,-0.3482309453090251,0.041440592214273375,001010,-0.3482309453090251,-0.329086103973079
2,W1,6,2,2,QWOA Johnson,2025-02-24,2026-05-21,12345778,,-0.3088314939456826,False,Return from COBYLA because the objective function has been evaluated MAXFUN times.,1.0,0.38003651304430003,0.38003651304430003,-0.3088314939456826,-0.3482309453090251,0.0852833705311922,001010,-0.3482309453090251,
2,W1,6,2,2,QWOA complete / Grover-equivalent,2025-02-24,2026-05-21,12345678,,-0.28918896223443646,False,Return from COBYLA because the objective function has been evaluated MAXFUN times.,1.0,0.2854462548436428,0.2854462548436428,-0.28918896223443646,-0.3482309453090251,0.12780125471826737,001010,-0.3482309453090251,
2,W1,6,2,2,QWOA weighted Johnson cost alpha=0.25,2025-02-24,2026-05-21,12345878,,-0.3085652785632108,False,Return from COBYLA because the objective function has been evaluated MAXFUN times.,1.0,0.3632214664148823,0.3632214664148823,-0.3085652785632108,-0.3482309453090251,0.08585961574067673,001010,-0.3482309453090251,
2,W1,6,2,2,QWOA weighted Johnson cost alpha=0.5,2025-02-24,2026-05-21,12345878,,-0.2894113430432247,False,Return from COBYLA because the objective function has been evaluated MAXFUN times.,1.0,0.2951929464397599,0.2951929464397599,-0.2894113430432247,-0.3482309453090251,0.1273198930683293,001010,-0.3482309453090251,
2,W1,6,2,2,QWOA weighted Johnson cost alpha=1.0,2025-02-24,2026-05-21,12345978,,-0.2987782356784281,False,Return from COBYLA because the objective function has been evaluated MAXFUN times.,1.0,0.3061358615043539,0.3061358615043539,-0.2987782356784281,-0.3482309453090251,0.10704447938383335,001010,-0.3482309453090251,
2,W1,6,2,2,QWOA weighted Johnson cost alpha=2.0,2025-02-24,2026-05-21,12345678,,-0.23428195201306984,False,Return from COBYLA because the objective function has been evaluated MAXFUN times.,1.0,0.27130636299405964,0.27130636299405964,-0.23428195201306984,-0.3482309453090251,0.24665201876280274,001010,-0.3482309453090251,
2,W1,6,2,3,Penalty QAOA transverse mixer,2025-02-24,2026-05-21,12345778,0.01,-0.31435762632074643,False,Return from COBYLA because the objective function has been evaluated MAXFUN times.,0.41448231112406575,0.2701050328561377,0.2701050328561377,-0.3243487148901386,-0.3482309453090251,0.039785234341046055,001010,-0.3482309453090251,-0.3298508508587722
2,W1,6,2,3,QWOA Johnson,2025-02-24,2026-05-21,12346078,,-0.3140219858144524,False,Return from COBYLA because the objective function has been evaluated MAXFUN times.,1.0,0.39385666425058713,0.39385666425058713,-0.3140219858144524,-0.3482309453090251,0.07404812166436937,001010,-0.3482309453090251,
2,W1,6,2,3,QWOA complete / Grover-equivalent,2025-02-24,2026-05-21,12345678,,-0.30599641360497465,False,Return from COBYLA because the objective function has been evaluated MAXFUN times.,1.0,0.3320850353800061,0.3320850353800061,-0.30599641360497465,-0.3482309453090251,0.09142013636969454,001010,-0.3482309453090251,
2,W1,6,2,3,QWOA weighted Johnson cost alpha=0.25,2025-02-24,2026-05-21,12346078,,-0.3015419864835785,False,Return from COBYLA because the objective function has been evaluated MAXFUN times.,1.0,0.34926993365753217,0.34926993365753217,-0.3015419864835785,-0.3482309453090251,0.10106211222349211,001010,-0.3482309453090251,
2,W1,6,2,3,QWOA weighted Johnson cost alpha=0.5,2025-02-24,2026-05-21,12346078,,-0.29194704875408095,False,Return from COBYLA because the objective function has been evaluated MAXFUN times.,1.0,0.33273676589219564,0.33273676589219564,-0.29194704875408095,-0.3482309453090251,0.1218311483722999,001010,-0.3482309453090251,
2,W1,6,2,3,QWOA weighted Johnson cost alpha=1.0,2025-02-24,2026-05-21,12345978,,-0.2924845271568549,False,Return from COBYLA because the objective function has been evaluated MAXFUN times.,1.0,0.2959194008668084,0.2959194008668084,-0.2924845271568549,-0.3482309453090251,0.12066773192384314,001010,-0.3482309453090251,
2,W1,6,2,3,QWOA weighted Johnson cost alpha=2.0,2025-02-24,2026-05-21,12345978,,-0.22888237890462937,False,Return from COBYLA because the objective function has been evaluated MAXFUN times.,1.0,0.26381260288490277,0.26381260288490277,-0.22888237890462937,-0.3482309453090251,0.2583398412624286,001010,-0.3482309453090251,
3,W1,6,3,1,Penalty QAOA transverse mixer,2025-02-24,2026-05-21,12345978,0.01,-0.2801792938368257,True,Return from COBYLA because the trust region radius reaches its lower bound.,0.39263053882011,0.09992565402141951,0.26972710799975547,-0.29060300283180573,-0.3645291646478553,0.10702557721005697,001110,-0.3645291646478553,-0.30882569726803677
3,W1,6,3,1,QWOA Johnson,2025-02-24,2026-05-21,12346078,,-0.3217165475642909,True,Return from COBYLA because the trust region radius reaches its lower bound.,1.0,0.2546224367128464,0.7115674028494547,-0.3217165475642909,-0.3645291646478553,0.08225780675372657,001110,-0.3645291646478553,
3,W1,6,3,1,QWOA complete / Grover-equivalent,2025-02-24,2026-05-21,12345878,,-0.2616305377298015,True,Return from COBYLA because the trust region radius reaches its lower bound.,1.0,0.14106185780749547,0.4173777092911222,-0.2616305377298015,-0.3645291646478553,0.1977037598922786,001110,-0.3645291646478553,
3,W1,6,3,1,QWOA weighted Johnson cost alpha=0.25,2025-02-24,2026-05-21,12345878,,-0.3279188800368694,True,Return from COBYLA because the trust region radius reaches its lower bound.,1.0,0.2668891927878954,0.7404160246332745,-0.3279188800368694,-0.3645291646478553,0.07034098641649036,001110,-0.3645291646478553,
3,W1,6,3,1,QWOA weighted Johnson cost alpha=0.5,2025-02-24,2026-05-21,12345678,,-0.3296982549847798,True,Return from COBYLA because the trust region radius reaches its lower bound.,1.0,0.2676109945974103,0.7442818214404865,-0.3296982549847798,-0.3645291646478553,0.06692219329945331,001110,-0.3645291646478553,
3,W1,6,3,1,QWOA weighted Johnson cost alpha=1.0,2025-02-24,2026-05-21,12345978,,-0.31912690034897295,True,Return from COBYLA because the trust region radius reaches its lower bound.,1.0,0.2353336959681798,0.6840982791788716,-0.31912690034897295,-0.3645291646478553,0.0872334124211439,001110,-0.3645291646478553,
3,W1,6,3,1,QWOA weighted Johnson cost alpha=2.0,2025-02-24,2026-05-21,12345878,,-0.2712262963809012,True,Return from COBYLA because the trust region radius reaches its lower bound.,1.0,0.17259920269283957,0.5025212024021738,-0.2712262963809012,-0.3645291646478553,0.17926699721465716,101010,-0.3605079153652597,
3,W1,6,3,2,Penalty QAOA transverse mixer,2025-02-24,2026-05-21,12345878,0.01,-0.3217331966628014,False,Return from COBYLA because the objective function has been evaluated MAXFUN times.,0.4447057191760878,0.1398674618732231,0.3711120967345252,-0.3294290492496956,-0.3645291646478553,0.03701430467598015,001110,-0.3645291646478553,-0.3452643761098928
3,W1,6,3,2,QWOA Johnson,2025-02-24,2026-05-21,12346078,,-0.34058151082686167,False,Return from COBYLA because the objective function has been evaluated MAXFUN times.,1.0,0.2892932845136978,0.8006482144325722,-0.34058151082686167,-0.3645291646478553,0.04601170436199907,001110,-0.3645291646478553,
3,W1,6,3,2,QWOA complete / Grover-equivalent,2025-02-24,2026-05-21,12345878,,-0.3110502903567856,False,Return from COBYLA because the objective function has been evaluated MAXFUN times.,1.0,0.21874758348356368,0.636728749607528,-0.3110502903567856,-0.3645291646478553,0.10275136645478346,001110,-0.3645291646478553,
3,W1,6,3,2,QWOA weighted Johnson cost alpha=0.25,2025-02-24,2026-05-21,12346078,,-0.33768429271211714,False,Return from COBYLA because the objective function has been evaluated MAXFUN times.,1.0,0.281687906768618,0.7811266382563976,-0.33768429271211714,-0.3645291646478553,0.05157825983187108,001110,-0.3645291646478553,
3,W1,6,3,2,QWOA weighted Johnson cost alpha=0.5,2025-02-24,2026-05-21,12345978,,-0.3319638557618979,False,Return from COBYLA because the objective function has been evaluated MAXFUN times.,1.0,0.2729042226336333,0.7584275397414196,-0.3319638557618979,-0.3645291646478553,0.06256919262814374,001110,-0.3645291646478553,
3,W1,6,3,2,QWOA weighted Johnson cost alpha=1.0,2025-02-24,2026-05-21,12345978,,-0.3335361897712702,False,Return from COBYLA because the objective function has been evaluated MAXFUN times.,1.0,0.2779176471559035,0.7700908902753955,-0.3335361897712702,-0.3645291646478553,0.0595481965782454,001110,-0.3645291646478553,
3,W1,6,3,2,QWOA weighted Johnson cost alpha=2.0,2025-02-24,2026-05-21,12345978,,-0.30780620282302984,False,Return from COBYLA because the objective function has been evaluated MAXFUN times.,1.0,0.2643795023774127,0.7902956261033628,-0.30780620282302984,-0.3645291646478553,0.10898437774028832,101010,-0.3605079153652597,
3,W1,6,3,3,Penalty QAOA transverse mixer,2025-02-24,2026-05-21,12345978,0.1,-0.2749726171690623,False,Return from COBYLA because the objective function has been evaluated MAXFUN times.,0.5962948116942516,0.17194292591605484,0.4653253651574075,-0.3224207914849937,-0.3645291646478553,0.05666936930293698,001110,-0.3645291646478553,-0.3350345293775826
3,W1,6,3,3,QWOA Johnson,2025-02-24,2026-05-21,12346078,,-0.33628852886449134,False,Return from COBYLA because the objective function has been evaluated MAXFUN times.,1.0,0.28626090024850115,0.7773911911335666,-0.33628852886449134,-0.3645291646478553,0.05426000368854171,001110,-0.3645291646478553,
3,W1,6,3,3,QWOA complete / Grover-equivalent,2025-02-24,2026-05-21,12345878,,-0.3222884251231732,False,Return from COBYLA because the objective function has been evaluated MAXFUN times.,1.0,0.2302333419872111,0.6668043436725064,-0.3222884251231732,-0.3645291646478553,0.0811590326789366,001110,-0.3645291646478553,
3,W1,6,3,3,QWOA weighted Johnson cost alpha=0.25,2025-02-24,2026-05-21,12346078,,-0.3351921862553009,False,Return from COBYLA because the objective function has been evaluated MAXFUN times.,1.0,0.28097804298900514,0.7686166200336542,-0.3351921862553009,-0.3645291646478553,0.05636645605296129,001110,-0.3645291646478553,
3,W1,6,3,3,QWOA weighted Johnson cost alpha=0.5,2025-02-24,2026-05-21,12346078,,-0.33654454611637563,False,Return from COBYLA because the objective function has been evaluated MAXFUN times.,1.0,0.2895596981882964,0.7948971588863917,-0.33654454611637563,-0.3645291646478553,0.05376810622779987,001110,-0.3645291646478553,
3,W1,6,3,3,QWOA weighted Johnson cost alpha=1.0,2025-02-24,2026-05-21,12346078,,-0.3402565744337968,False,Return from COBYLA because the objective function has been evaluated MAXFUN times.,1.0,0.31315317704032336,0.8474419254479892,-0.3402565744337968,-0.3645291646478553,0.046636019268415825,001110,-0.3645291646478553,
3,W1,6,3,3,QWOA weighted Johnson cost alpha=2.0,2025-02-24,2026-05-21,12346078,,-0.3111816497359075,False,Return from COBYLA because the objective function has been evaluated MAXFUN times.,1.0,0.26626664763733404,0.7725101048120753,-0.3111816497359075,-0.3645291646478553,0.10249897977162395,101010,-0.3605079153652597,
4,W1,6,4,1,Penalty QAOA transverse mixer,2025-02-24,2026-05-21,12345778,0.01,-0.2706751690214872,True,Return from COBYLA because the trust region radius reaches its lower bound.,0.2527488282000276,0.08095497048368112,0.20019822852976632,-0.28862577015293184,-0.33826425243008607,0.09320419214172442,101110,-0.33826425243008607,-0.2849076790587711
4,W1,6,4,1,QWOA Johnson,2025-02-24,2026-05-21,12345778,,-0.2858099736429323,True,Return from COBYLA because the trust region radius reaches its lower bound.,1.0,0.29751127613362427,0.7654536310504323,-0.2858099736429323,-0.33826425243008607,0.09162804823897881,101110,-0.33826425243008607,
4,W1,6,4,1,QWOA complete / Grover-equivalent,2025-02-24,2026-05-21,12346078,,-0.2357315756415081,True,Return from COBYLA because the trust region radius reaches its lower bound.,1.0,0.18620743427213512,0.5391314724416179,-0.2357315756415081,-0.33826425243008607,0.17910586652001179,101110,-0.33826425243008607,
4,W1,6,4,1,QWOA weighted Johnson cost alpha=0.25,2025-02-24,2026-05-21,12345778,,-0.2909136512748358,True,Return from COBYLA because the trust region radius reaches its lower bound.,1.0,0.3114360145998682,0.7960722708207507,-0.2909136512748358,-0.33826425243008607,0.08271285521631203,101110,-0.33826425243008607,
4,W1,6,4,1,QWOA weighted Johnson cost alpha=0.5,2025-02-24,2026-05-21,12345878,,-0.29264098399307,True,Return from COBYLA because the trust region radius reaches its lower bound.,1.0,0.3150887714491361,0.8125939565560436,-0.29264098399307,-0.33826425243008607,0.07969552032408417,101110,-0.33826425243008607,
4,W1,6,4,1,QWOA weighted Johnson cost alpha=1.0,2025-02-24,2026-05-21,12345678,,-0.28150717842062173,True,Return from COBYLA because the trust region radius reaches its lower bound.,1.0,0.28482314155519134,0.793477146988997,-0.28150717842062173,-0.33826425243008607,0.099144245912616,101110,-0.33826425243008607,
4,W1,6,4,1,QWOA weighted Johnson cost alpha=2.0,2025-02-24,2026-05-21,12345978,,-0.2746220471626831,True,Return from COBYLA because the trust region radius reaches its lower bound.,1.0,0.27219733940448854,0.820261720681267,-0.2746220471626831,-0.33826425243008607,0.1111713131723531,011110,-0.33030503333399197,
4,W1,6,4,2,Penalty QAOA transverse mixer,2025-02-24,2026-05-21,12345878,0.1,-0.20195899297237363,False,Return from COBYLA because the objective function has been evaluated MAXFUN times.,0.5672021625914142,0.147061651545027,0.38020040423955453,-0.2619411207029969,-0.33826425243008607,0.1378198831588859,101110,-0.33826425243008607,-0.259366549024091
4,W1,6,4,2,QWOA Johnson,2025-02-24,2026-05-21,12345678,,-0.30242553395396193,False,Return from COBYLA because the objective function has been evaluated MAXFUN times.,1.0,0.3300929130808282,0.8440880355139933,-0.30242553395396193,-0.33826425243008607,0.06260369794956948,101110,-0.33826425243008607,
4,W1,6,4,2,QWOA complete / Grover-equivalent,2025-02-24,2026-05-21,12345878,,-0.2654453991445874,False,Return from COBYLA because the objective function has been evaluated MAXFUN times.,1.0,0.2373339784178285,0.6728448867492374,-0.2654453991445874,-0.33826425243008607,0.1272012418400622,101110,-0.33826425243008607,
4,W1,6,4,2,QWOA weighted Johnson cost alpha=0.25,2025-02-24,2026-05-21,12346078,,-0.31366684447274606,False,Return from COBYLA because the objective function has been evaluated MAXFUN times.,1.0,0.3755323278563925,0.9242653700543783,-0.31366684447274606,-0.33826425243008607,0.04296718084742703,101110,-0.33826425243008607,
4,W1,6,4,2,QWOA weighted Johnson cost alpha=0.5,2025-02-24,2026-05-21,12345878,,-0.3059973695375984,False,Return from COBYLA because the objective function has been evaluated MAXFUN times.,1.0,0.3519741783141032,0.8889856003812149,-0.3059973695375984,-0.33826425243008607,0.056364353310266326,101110,-0.33826425243008607,
4,W1,6,4,2,QWOA weighted Johnson cost alpha=1.0,2025-02-24,2026-05-21,12345878,,-0.3135819373355181,False,Return from COBYLA because the objective function has been evaluated MAXFUN times.,1.0,0.3808119903316215,0.9503378733593661,-0.3135819373355181,-0.33826425243008607,0.043115498114304866,101110,-0.33826425243008607,
4,W1,6,4,2,QWOA weighted Johnson cost alpha=2.0,2025-02-24,2026-05-21,12346078,,-0.29687340600845946,False,Return from COBYLA because the objective function has been evaluated MAXFUN times.,1.0,0.31451577398202485,0.8974620959250628,-0.29687340600845946,-0.33826425243008607,0.07230225179460056,011110,-0.33030503333399197,
4,W1,6,4,3,Penalty QAOA transverse mixer,2025-02-24,2026-05-21,12345778,0.1,-0.23232556576812582,False,Return from COBYLA because the objective function has been evaluated MAXFUN times.,0.619906682412011,0.19042647849500063,0.4772462556439284,-0.28369017520059914,-0.33826425243008607,0.09851596264589008,101110,-0.33826425243008607,-0.2818668515366985
4,W1,6,4,3,QWOA Johnson,2025-02-24,2026-05-21,12346078,,-0.29883003635179584,False,Return from COBYLA because the objective function has been evaluated MAXFUN times.,1.0,0.3394027409329427,0.8335418973924813,-0.29883003635179584,-0.33826425243008607,0.06888437581516794,101110,-0.33826425243008607,
4,W1,6,4,3,QWOA complete / Grover-equivalent,2025-02-24,2026-05-21,12345978,,-0.2938718668762203,False,Return from COBYLA because the objective function has been evaluated MAXFUN times.,1.0,0.2845570994208201,0.7858219141105371,-0.2938718668762203,-0.33826425243008607,0.07754539265477663,101110,-0.33826425243008607,
4,W1,6,4,3,QWOA weighted Johnson cost alpha=0.25,2025-02-24,2026-05-21,12346078,,-0.3019123084128485,False,Return from COBYLA because the objective function has been evaluated MAXFUN times.,1.0,0.3376084444158468,0.8540778367167047,-0.3019123084128485,-0.33826425243008607,0.06350020926811104,101110,-0.33826425243008607,
4,W1,6,4,3,QWOA weighted Johnson cost alpha=0.5,2025-02-24,2026-05-21,12345978,,-0.30745929868153754,False,Return from COBYLA because the objective function has been evaluated MAXFUN times.,1.0,0.3444290697919779,0.8911010906890456,-0.30745929868153754,-0.33826425243008607,0.05381063000646536,101110,-0.33826425243008607,
4,W1,6,4,3,QWOA weighted Johnson cost alpha=1.0,2025-02-24,2026-05-21,12345878,,-0.3201749621684747,False,Return from COBYLA because the objective function has been evaluated MAXFUN times.,1.0,0.357483750799169,0.9578878003385212,-0.3201749621684747,-0.33826425243008607,0.03159868744789113,101110,-0.33826425243008607,
4,W1,6,4,3,QWOA weighted Johnson cost alpha=2.0,2025-02-24,2026-05-21,12346078,,-0.2942844342483928,False,Return from COBYLA because the objective function has been evaluated MAXFUN times.,1.0,0.37523088111921393,0.8921505491570821,-0.2942844342483928,-0.33826425243008607,0.07682471277978219,101110,-0.33826425243008607,
5,W1,7,3,1,QWOA Johnson,2025-02-24,2026-05-21,12345978,,-0.3090093706379552,True,Return from COBYLA because the trust region radius reaches its lower bound.,1.0,0.199127659074903,0.5542448612324221,-0.3090093706379552,-0.3645291646478553,0.09529384309405067,0011100,-0.3645291646478553,
5,W1,7,3,1,QWOA complete / Grover-equivalent,2025-02-24,2026-05-21,12345678,,-0.23560290053352448,True,Return from COBYLA because the trust region radius reaches its lower bound.,1.0,0.0881357516108347,0.2612367642254844,-0.23560290053352448,-0.3645291646478553,0.22128827028829398,0011100,-0.3645291646478553,
5,W1,7,3,1,QWOA weighted Johnson cost alpha=0.25,2025-02-24,2026-05-21,12345978,,-0.3119847120234112,True,Return from COBYLA because the trust region radius reaches its lower bound.,1.0,0.20299872004414643,0.5604192243827025,-0.3119847120234112,-0.3645291646478553,0.09018698489702057,0011100,-0.3645291646478553,
5,W1,7,3,1,QWOA weighted Johnson cost alpha=0.5,2025-02-24,2026-05-21,12345678,,-0.3091479520613634,True,Return from COBYLA because the trust region radius reaches its lower bound.,1.0,0.19483789838856655,0.5384787793835898,-0.3091479520613634,-0.3645291646478553,0.09505598276597275,0011100,-0.3645291646478553,
5,W1,7,3,1,QWOA weighted Johnson cost alpha=1.0,2025-02-24,2026-05-21,12345978,,-0.28788422245376827,True,Return from COBYLA because the trust region radius reaches its lower bound.,1.0,0.15417997846221626,0.44147150923222056,-0.28788422245376827,-0.3645291646478553,0.1315529213615873,1010100,-0.3605079153652597,
5,W1,7,3,1,QWOA weighted Johnson cost alpha=2.0,2025-02-24,2026-05-21,12345978,,-0.21797903367786017,True,Return from COBYLA because the trust region radius reaches its lower bound.,1.0,0.08199924365396655,0.25761255617155965,-0.21797903367786017,-0.3645291646478553,0.2515377701793534,0110100,-0.35565375215108436,
5,W1,7,3,2,QWOA Johnson,2025-02-24,2026-05-21,12345678,,-0.329021665951199,False,Return from COBYLA because the objective function has been evaluated MAXFUN times.,1.0,0.23278140699427288,0.6399470851737118,-0.329021665951199,-0.3645291646478553,0.060944858852646513,0011100,-0.3645291646478553,
5,W1,7,3,2,QWOA complete / Grover-equivalent,2025-02-24,2026-05-21,12345878,,-0.2959348290664667,False,Return from COBYLA because the objective function has been evaluated MAXFUN times.,1.0,0.14219085130902037,0.41770234618693364,-0.2959348290664667,-0.3645291646478553,0.11773490821792165,0011100,-0.3645291646478553,
5,W1,7,3,2,QWOA weighted Johnson cost alpha=0.25,2025-02-24,2026-05-21,12345878,,-0.3252890107389433,False,Return from COBYLA because the objective function has been evaluated MAXFUN times.,1.0,0.22398699053345167,0.6158586939512247,-0.3252890107389433,-0.3645291646478553,0.06735156598231386,0011100,-0.3645291646478553,
5,W1,7,3,2,QWOA weighted Johnson cost alpha=0.5,2025-02-24,2026-05-21,12345778,,-0.3194304239982313,False,Return from COBYLA because the objective function has been evaluated MAXFUN times.,1.0,0.21760099036125793,0.5944018582577867,-0.3194304239982313,-0.3645291646478553,0.07740720929977181,0011100,-0.3645291646478553,
5,W1,7,3,2,QWOA weighted Johnson cost alpha=1.0,2025-02-24,2026-05-21,12346078,,-0.3157123470895976,False,Return from COBYLA because the objective function has been evaluated MAXFUN times.,1.0,0.24033869845675426,0.6435014102654133,-0.3157123470895976,-0.3645291646478553,0.0837888943161062,0011100,-0.3645291646478553,
5,W1,7,3,2,QWOA weighted Johnson cost alpha=2.0,2025-02-24,2026-05-21,12345978,,-0.2655551729111157,False,Return from COBYLA because the objective function has been evaluated MAXFUN times.,1.0,0.13012338245743918,0.4324201926279704,-0.2655551729111157,-0.3645291646478553,0.1698783687358588,0110100,-0.35565375215108436,
5,W1,7,3,3,QWOA Johnson,2025-02-24,2026-05-21,12346078,,-0.3246673497594627,False,Return from COBYLA because the objective function has been evaluated MAXFUN times.,1.0,0.2270953095458892,0.6157120278954751,-0.3246673497594627,-0.3645291646478553,0.06841858117739459,0011100,-0.3645291646478553,
5,W1,7,3,3,QWOA complete / Grover-equivalent,2025-02-24,2026-05-21,12345878,,-0.30384490150429966,False,Return from COBYLA because the objective function has been evaluated MAXFUN times.,1.0,0.16017932857277722,0.4656206935321801,-0.30384490150429966,-0.3645291646478553,0.10415810709328097,0011100,-0.3645291646478553,
5,W1,7,3,3,QWOA weighted Johnson cost alpha=0.25,2025-02-24,2026-05-21,12345678,,-0.3262427878211443,False,Return from COBYLA because the objective function has been evaluated MAXFUN times.,1.0,0.22553537760810524,0.6200184886198543,-0.3262427878211443,-0.3645291646478553,0.06571450869060709,0011100,-0.3645291646478553,
5,W1,7,3,3,QWOA weighted Johnson cost alpha=0.5,2025-02-24,2026-05-21,12345978,,-0.32016398754973285,False,Return from COBYLA because the objective function has been evaluated MAXFUN times.,1.0,0.22733957993888979,0.6202032941523616,-0.32016398754973285,-0.3645291646478553,0.07614812519791367,0011100,-0.3645291646478553,
5,W1,7,3,3,QWOA weighted Johnson cost alpha=1.0,2025-02-24,2026-05-21,12346078,,-0.32192822710199176,False,Return from COBYLA because the objective function has been evaluated MAXFUN times.,1.0,0.2699181403504251,0.7052209421638553,-0.32192822710199176,-0.3645291646478553,0.07311999495947476,0011100,-0.3645291646478553,
5,W1,7,3,3,QWOA weighted Johnson cost alpha=2.0,2025-02-24,2026-05-21,12346078,,-0.30828091193956003,False,Return from COBYLA because the objective function has been evaluated MAXFUN times.,1.0,0.24581533287464638,0.6988022071432588,-0.30828091193956003,-0.3645291646478553,0.09654416525650299,1010100,-0.3605079153652597,
6,W1,7,4,1,QWOA Johnson,2025-02-24,2026-05-21,12345978,,-0.2843199586307291,True,Return from COBYLA because the trust region radius reaches its lower bound.,1.0,0.18849410293448585,0.6080500300611583,-0.2843199586307291,-0.33826425243008607,0.08570712508465936,1011100,-0.33826425243008607,
6,W1,7,4,1,QWOA complete / Grover-equivalent,2025-02-24,2026-05-21,12345878,,-0.20478283291866906,True,Return from COBYLA because the trust region radius reaches its lower bound.,1.0,0.08390926220178449,0.3226080837989801,-0.20478283291866906,-0.33826425243008607,0.21207634603753556,1011100,-0.33826425243008607,
6,W1,7,4,1,QWOA weighted Johnson cost alpha=0.25,2025-02-24,2026-05-21,12345878,,-0.2904453841934658,True,Return from COBYLA because the trust region radius reaches its lower bound.,1.0,0.19841919696248939,0.6344437783929175,-0.2904453841934658,-0.33826425243008607,0.07597499999919752,1011100,-0.33826425243008607,
6,W1,7,4,1,QWOA weighted Johnson cost alpha=0.5,2025-02-24,2026-05-21,12345678,,-0.2926757079129061,True,Return from COBYLA because the trust region radius reaches its lower bound.,1.0,0.1978482451250593,0.642448592430822,-0.2926757079129061,-0.33826425243008607,0.07243144385010158,1011100,-0.33826425243008607,
6,W1,7,4,1,QWOA weighted Johnson cost alpha=1.0,2025-02-24,2026-05-21,12345978,,-0.28376894502291455,True,Return from COBYLA because the trust region radius reaches its lower bound.,1.0,0.1633857242560439,0.5998216299671381,-0.28376894502291455,-0.33826425243008607,0.08658257990818465,1011100,-0.33826425243008607,
6,W1,7,4,1,QWOA weighted Johnson cost alpha=2.0,2025-02-24,2026-05-21,12345978,,-0.21892397441221262,True,Return from COBYLA because the trust region radius reaches its lower bound.,1.0,0.12783468554551145,0.5139223682289196,-0.21892397441221262,-0.33826425243008607,0.18960878742355194,1010101,-0.304939829209674,
6,W1,7,4,2,QWOA Johnson,2025-02-24,2026-05-21,12345678,,-0.3094008120892205,False,Return from COBYLA because the objective function has been evaluated MAXFUN times.,1.0,0.23392575319105385,0.7185366634330028,-0.3094008120892205,-0.33826425243008607,0.0458584646759739,1011100,-0.33826425243008607,
6,W1,7,4,2,QWOA complete / Grover-equivalent,2025-02-24,2026-05-21,12345778,,-0.2321979519085474,False,Return from COBYLA because the objective function has been evaluated MAXFUN times.,1.0,0.10548836271490099,0.3956862371459581,-0.2321979519085474,-0.33826425243008607,0.16851898589828146,1011100,-0.33826425243008607,
6,W1,7,4,2,QWOA weighted Johnson cost alpha=0.25,2025-02-24,2026-05-21,12345878,,-0.3085819706986215,False,Return from COBYLA because the objective function has been evaluated MAXFUN times.,1.0,0.22892955732490458,0.71202060130825,-0.3085819706986215,-0.33826425243008607,0.04715944642113492,1011100,-0.33826425243008607,
6,W1,7,4,2,QWOA weighted Johnson cost alpha=0.5,2025-02-24,2026-05-21,12345778,,-0.30165279247820764,False,Return from COBYLA because the objective function has been evaluated MAXFUN times.,1.0,0.21543527118246442,0.6814205216794913,-0.30165279247820764,-0.33826425243008607,0.05816858015230975,1011100,-0.33826425243008607,
6,W1,7,4,2,QWOA weighted Johnson cost alpha=1.0,2025-02-24,2026-05-21,12345878,,-0.3035804722965876,False,Return from COBYLA because the objective function has been evaluated MAXFUN times.,1.0,0.20393017770895186,0.6934309773714051,-0.3035804722965876,-0.33826425243008607,0.05510586705179953,1011100,-0.33826425243008607,
6,W1,7,4,2,QWOA weighted Johnson cost alpha=2.0,2025-02-24,2026-05-21,12345678,,-0.28079372709711253,False,Return from COBYLA because the objective function has been evaluated MAXFUN times.,1.0,0.17188636716217637,0.6164526972423154,-0.28079372709711253,-0.33826425243008607,0.09130962992517595,1011100,-0.33826425243008607,
6,W1,7,4,3,QWOA Johnson,2025-02-24,2026-05-21,12345978,,-0.30202281005152143,False,Return from COBYLA because the objective function has been evaluated MAXFUN times.,1.0,0.21600374850678097,0.6741876102239064,-0.30202281005152143,-0.33826425243008607,0.05758069327483051,1011100,-0.33826425243008607,
6,W1,7,4,3,QWOA complete / Grover-equivalent,2025-02-24,2026-05-21,12346078,,-0.2832364501116183,False,Return from COBYLA because the objective function has been evaluated MAXFUN times.,1.0,0.158175502621132,0.5739881559614501,-0.2832364501116183,-0.33826425243008607,0.08742861207868934,1011100,-0.33826425243008607,
6,W1,7,4,3,QWOA weighted Johnson cost alpha=0.25,2025-02-24,2026-05-21,12345678,,-0.30731247868842715,False,Return from COBYLA because the objective function has been evaluated MAXFUN times.,1.0,0.223122640065813,0.7008243014257878,-0.30731247868842715,-0.33826425243008607,0.049176425472086886,1011100,-0.33826425243008607,
6,W1,7,4,3,QWOA weighted Johnson cost alpha=0.5,2025-02-24,2026-05-21,12346078,,-0.3021538297965639,False,Return from COBYLA because the objective function has been evaluated MAXFUN times.,1.0,0.21700149660507428,0.6847980529162517,-0.3021538297965639,-0.33826425243008607,0.05737252805686171,1011100,-0.33826425243008607,
6,W1,7,4,3,QWOA weighted Johnson cost alpha=1.0,2025-02-24,2026-05-21,12346078,,-0.3070815192709971,False,Return from COBYLA because the objective function has been evaluated MAXFUN times.,1.0,0.22572770704096914,0.7202643758787444,-0.3070815192709971,-0.33826425243008607,0.049543375640213744,1011100,-0.33826425243008607,
6,W1,7,4,3,QWOA weighted Johnson cost alpha=2.0,2025-02-24,2026-05-21,12345978,,-0.29686903513613494,False,Return from COBYLA because the objective function has been evaluated MAXFUN times.,1.0,0.2393853803583633,0.7388396122542116,-0.29686903513613494,-0.33826425243008607,0.06576905204682865,1011100,-0.33826425243008607,
7,W1,8,3,1,QWOA Johnson,2025-02-24,2026-05-21,12345878,,-0.3318529032543459,True,Return from COBYLA because the trust region radius reaches its lower bound.,1.0,0.21685067199794167,0.21685067199794167,-0.3318529032543459,-0.4492870568015065,0.17596434921441417,00101001,-0.4492870568015065,
7,W1,8,3,1,QWOA complete / Grover-equivalent,2025-02-24,2026-05-21,12346078,,-0.2490912072496937,True,Return from COBYLA because the trust region radius reaches its lower bound.,1.0,0.0648267419949291,0.0648267419949291,-0.2490912072496937,-0.4492870568015065,0.29997518879943647,00101001,-0.4492870568015065,
7,W1,8,3,1,QWOA weighted Johnson cost alpha=0.25,2025-02-24,2026-05-21,12346078,,-0.3319333947481806,True,Return from COBYLA because the trust region radius reaches its lower bound.,1.0,0.19827693578748007,0.19827693578748007,-0.3319333947481806,-0.4492870568015065,0.17584374006535403,00101001,-0.4492870568015065,
7,W1,8,3,1,QWOA weighted Johnson cost alpha=0.5,2025-02-24,2026-05-21,12345878,,-0.32534008110886564,True,Return from COBYLA because the trust region radius reaches its lower bound.,1.0,0.1647290129384789,0.1647290129384789,-0.32534008110886564,-0.4492870568015065,0.18572321812743808,00101001,-0.4492870568015065,
7,W1,8,3,1,QWOA weighted Johnson cost alpha=1.0,2025-02-24,2026-05-21,12345878,,-0.29683384265254065,True,Return from COBYLA because the trust region radius reaches its lower bound.,1.0,0.08814944144862712,0.08814944144862712,-0.29683384265254065,-0.4492870568015065,0.22843721185928473,00111000,-0.3645291646478553,
7,W1,8,3,1,QWOA weighted Johnson cost alpha=2.0,2025-02-24,2026-05-21,12346078,,-0.22157025250017118,True,Return from COBYLA because the trust region radius reaches its lower bound.,1.0,0.01952618041880837,0.01952618041880837,-0.22157025250017118,-0.4492870568015065,0.3412128249213189,00111000,-0.3645291646478553,
7,W1,8,3,2,QWOA Johnson,2025-02-24,2026-05-21,12345678,,-0.36654661247271075,False,Return from COBYLA because the objective function has been evaluated MAXFUN times.,1.0,0.3374088080331975,0.3374088080331975,-0.36654661247271075,-0.4492870568015065,0.12397899589050206,00101001,-0.4492870568015065,
7,W1,8,3,2,QWOA complete / Grover-equivalent,2025-02-24,2026-05-21,12346078,,-0.31507937992684876,False,Return from COBYLA because the objective function has been evaluated MAXFUN times.,1.0,0.1261627187143846,0.1261627187143846,-0.31507937992684876,-0.4492870568015065,0.2010979413356408,00101001,-0.4492870568015065,
7,W1,8,3,2,QWOA weighted Johnson cost alpha=0.25,2025-02-24,2026-05-21,12345978,,-0.35958480465731435,False,Return from COBYLA because the objective function has been evaluated MAXFUN times.,1.0,0.30713418272197385,0.30713418272197385,-0.35958480465731435,-0.4492870568015065,0.13441062880639043,00101001,-0.4492870568015065,
7,W1,8,3,2,QWOA weighted Johnson cost alpha=0.5,2025-02-24,2026-05-21,12345978,,-0.34704303142296866,False,Return from COBYLA because the objective function has been evaluated MAXFUN times.,1.0,0.24913020599595284,0.24913020599595284,-0.34704303142296866,-0.4492870568015065,0.15320333006505896,00101001,-0.4492870568015065,
7,W1,8,3,2,QWOA weighted Johnson cost alpha=1.0,2025-02-24,2026-05-21,12345778,,-0.36590474434530634,False,Return from COBYLA because the objective function has been evaluated MAXFUN times.,1.0,0.3883111638496287,0.3883111638496287,-0.36590474434530634,-0.4492870568015065,0.12494077663237825,00101001,-0.4492870568015065,
7,W1,8,3,2,QWOA weighted Johnson cost alpha=2.0,2025-02-24,2026-05-21,12345978,,-0.30252299765537904,False,Return from COBYLA because the objective function has been evaluated MAXFUN times.,1.0,0.2044703145065228,0.2044703145065228,-0.30252299765537904,-0.4492870568015065,0.21991253290162222,00101001,-0.4492870568015065,
7,W1,8,3,3,QWOA Johnson,2025-02-24,2026-05-21,12345678,,-0.3676904068408743,False,Return from COBYLA because the objective function has been evaluated MAXFUN times.,1.0,0.3415400943394835,0.3415400943394835,-0.3676904068408743,-0.4492870568015065,0.12226512453749587,00101001,-0.4492870568015065,
7,W1,8,3,3,QWOA complete / Grover-equivalent,2025-02-24,2026-05-21,12345978,,-0.3031811896230411,False,Return from COBYLA because the objective function has been evaluated MAXFUN times.,1.0,0.12443185155377345,0.12443185155377345,-0.3031811896230411,-0.4492870568015065,0.21892629237661776,00101001,-0.4492870568015065,
7,W1,8,3,3,QWOA weighted Johnson cost alpha=0.25,2025-02-24,2026-05-21,12346078,,-0.37302730478609863,False,Return from COBYLA because the objective function has been evaluated MAXFUN times.,1.0,0.3992270731230098,0.3992270731230098,-0.37302730478609863,-0.4492870568015065,0.11426827059518843,00101001,-0.4492870568015065,
7,W1,8,3,3,QWOA weighted Johnson cost alpha=0.5,2025-02-24,2026-05-21,12345978,,-0.3817553515497337,False,Return from COBYLA because the objective function has been evaluated MAXFUN times.,1.0,0.45844915490939764,0.45844915490939764,-0.3817553515497337,-0.4492870568015065,0.10119008999537471,00101001,-0.4492870568015065,
7,W1,8,3,3,QWOA weighted Johnson cost alpha=1.0,2025-02-24,2026-05-21,12345978,,-0.38044487308181474,False,Return from COBYLA because the objective function has been evaluated MAXFUN times.,1.0,0.4991450558982108,0.4991450558982108,-0.38044487308181474,-0.4492870568015065,0.10315372224205549,00101001,-0.4492870568015065,
7,W1,8,3,3,QWOA weighted Johnson cost alpha=2.0,2025-02-24,2026-05-21,12345678,,-0.30848067111460126,False,Return from COBYLA because the objective function has been evaluated MAXFUN times.,1.0,0.2146207251685555,0.2146207251685555,-0.30848067111460126,-0.4492870568015065,0.21098550357141105,00101001,-0.4492870568015065,
8,W1,8,4,1,QWOA Johnson,2025-02-24,2026-05-21,12345778,,-0.32547253467845094,True,Return from COBYLA because the trust region radius reaches its lower bound.,1.0,0.15420913409359172,0.2912067187486056,-0.32547253467845094,-0.41460945582211883,0.1227708180536932,00111001,-0.41460945582211883,
8,W1,8,4,1,QWOA complete / Grover-equivalent,2025-02-24,2026-05-21,12345878,,-0.21794583365838022,True,Return from COBYLA because the trust region radius reaches its lower bound.,1.0,0.048025517308184947,0.09464356371940374,-0.21794583365838022,-0.41460945582211883,0.27087040324770967,00111001,-0.41460945582211883,
8,W1,8,4,1,QWOA weighted Johnson cost alpha=0.25,2025-02-24,2026-05-21,12345978,,-0.3294696352702973,True,Return from COBYLA because the trust region radius reaches its lower bound.,1.0,0.1522611977630589,0.28881069375210366,-0.3294696352702973,-0.41460945582211883,0.11726549766335861,00111001,-0.41460945582211883,
8,W1,8,4,1,QWOA weighted Johnson cost alpha=0.5,2025-02-24,2026-05-21,12345778,,-0.32759541398365155,True,Return from COBYLA because the trust region radius reaches its lower bound.,1.0,0.14078915432946973,0.270128514925853,-0.32759541398365155,-0.41460945582211883,0.11984691597602706,00111001,-0.41460945582211883,
8,W1,8,4,1,QWOA weighted Johnson cost alpha=1.0,2025-02-24,2026-05-21,12346078,,-0.3079584679419333,True,Return from COBYLA because the trust region radius reaches its lower bound.,1.0,0.09913889695262204,0.19909442657783866,-0.3079584679419333,-0.41460945582211883,0.146893440566351,10101001,-0.40032515797372004,
8,W1,8,4,1,QWOA weighted Johnson cost alpha=2.0,2025-02-24,2026-05-21,12346078,,-0.23266282849304962,True,Return from COBYLA because the trust region radius reaches its lower bound.,1.0,0.024142018529961683,0.053004449586929694,-0.23266282849304962,-0.41460945582211883,0.25060026746152775,01101010,-0.2860365557724215,
8,W1,8,4,2,QWOA Johnson,2025-02-24,2026-05-21,12345978,,-0.3567207155388834,False,Return from COBYLA because the objective function has been evaluated MAXFUN times.,1.0,0.2141948079723632,0.3934424296726917,-0.3567207155388834,-0.41460945582211883,0.07973180932753664,00111001,-0.41460945582211883,
8,W1,8,4,2,QWOA complete / Grover-equivalent,2025-02-24,2026-05-21,12345878,,-0.27176505331019085,False,Return from COBYLA because the objective function has been evaluated MAXFUN times.,1.0,0.07911857468832054,0.15422922685111579,-0.27176505331019085,-0.41460945582211883,0.19674366049187048,00111001,-0.41460945582211883,
8,W1,8,4,2,QWOA weighted Johnson cost alpha=0.25,2025-02-24,2026-05-21,12345978,,-0.3535140308359664,False,Return from COBYLA because the objective function has been evaluated MAXFUN times.,1.0,0.20211550524714472,0.37395133439197725,-0.3535140308359664,-0.41460945582211883,0.08414846742124457,00111001,-0.41460945582211883,
8,W1,8,4,2,QWOA weighted Johnson cost alpha=0.5,2025-02-24,2026-05-21,12345978,,-0.3490380276215877,False,Return from COBYLA because the objective function has been evaluated MAXFUN times.,1.0,0.2119684563279423,0.38924471580982345,-0.3490380276215877,-0.41460945582211883,0.09031339402168806,00111001,-0.41460945582211883,
8,W1,8,4,2,QWOA weighted Johnson cost alpha=1.0,2025-02-24,2026-05-21,12345778,,-0.36028704492378694,False,Return from COBYLA because the objective function has been evaluated MAXFUN times.,1.0,0.2924792622634606,0.5181299960897543,-0.36028704492378694,-0.41460945582211883,0.07481980237894759,00111001,-0.41460945582211883,
8,W1,8,4,2,QWOA weighted Johnson cost alpha=2.0,2025-02-24,2026-05-21,12345778,,-0.31581826607351865,False,Return from COBYLA because the objective function has been evaluated MAXFUN times.,1.0,0.23318775701159447,0.4189527872776023,-0.31581826607351865,-0.41460945582211883,0.1360679169340467,00111001,-0.41460945582211883,
8,W1,8,4,3,QWOA Johnson,2025-02-24,2026-05-21,12345678,,-0.3573368073292353,False,Return from COBYLA because the objective function has been evaluated MAXFUN times.,1.0,0.20771471487849477,0.3825369219275311,-0.3573368073292353,-0.41460945582211883,0.07888324857260823,00111001,-0.41460945582211883,
8,W1,8,4,3,QWOA complete / Grover-equivalent,2025-02-24,2026-05-21,12345778,,-0.3085776058810604,False,Return from COBYLA because the objective function has been evaluated MAXFUN times.,1.0,0.11618276437824224,0.2234222603470266,-0.3085776058810604,-0.41460945582211883,0.14604068426403047,00111001,-0.41460945582211883,
8,W1,8,4,3,QWOA weighted Johnson cost alpha=0.25,2025-02-24,2026-05-21,12346078,,-0.3566223884354017,False,Return from COBYLA because the objective function has been evaluated MAXFUN times.,1.0,0.2266789253266191,0.41330628960519283,-0.3566223884354017,-0.41460945582211883,0.07986723804524878,00111001,-0.41460945582211883,
8,W1,8,4,3,QWOA weighted Johnson cost alpha=0.5,2025-02-24,2026-05-21,12346078,,-0.3663527404334143,False,Return from COBYLA because the objective function has been evaluated MAXFUN times.,1.0,0.27562899800628965,0.4919287639323592,-0.3663527404334143,-0.41460945582211883,0.06646534734250652,00111001,-0.41460945582211883,
8,W1,8,4,3,QWOA weighted Johnson cost alpha=1.0,2025-02-24,2026-05-21,12346078,,-0.36399336109434427,False,Return from COBYLA because the objective function has been evaluated MAXFUN times.,1.0,0.2900797574814092,0.5146328525800077,-0.36399336109434427,-0.41460945582211883,0.06971498764688434,00111001,-0.41460945582211883,
8,W1,8,4,3,QWOA weighted Johnson cost alpha=2.0,2025-02-24,2026-05-21,12346078,,-0.3234871338127074,False,Return from COBYLA because the objective function has been evaluated MAXFUN times.,1.0,0.23559502252707498,0.4289440571623262,-0.3234871338127074,-0.41460945582211883,0.12550536716448177,00111001,-0.41460945582211883,
9,W2,5,2,1,Penalty QAOA transverse mixer,2023-11-21,2025-02-21,12346078,1.0,0.14567899706868004,False,Return from COBYLA because the objective function has been evaluated MAXFUN times.,0.6392736134189073,0.06545584305674351,0.06545584305674351,-0.26180528536184483,-0.3440137096772169,0.5361921887740966,01010,-0.3440137096772169,-0.24608322282353534
9,W2,5,2,1,QWOA Johnson,2023-11-21,2025-02-21,12345878,,-0.3211530574864937,False,Return from COBYLA because the objective function has been evaluated MAXFUN times.,1.0,0.42699716664738163,0.42699716664738163,-0.3211530574864937,-0.3440137096772169,0.12516738687576948,01010,-0.3440137096772169,
9,W2,5,2,1,QWOA complete / Grover-equivalent,2023-11-21,2025-02-21,12345678,,-0.3131904133102584,False,Return from COBYLA because the objective function has been evaluated MAXFUN times.,1.0,0.30145685486869117,0.30145685486869117,-0.3131904133102584,-0.3440137096772169,0.16876471541416452,01010,-0.3440137096772169,
9,W2,5,2,1,QWOA weighted Johnson cost alpha=0.25,2023-11-21,2025-02-21,12346078,,-0.32172999899324495,False,Return from COBYLA because the objective function has been evaluated MAXFUN times.,1.0,0.41197231282134505,0.41197231282134505,-0.32172999899324495,-0.3440137096772169,0.12200849796141351,01010,-0.3440137096772169,
9,W2,5,2,1,QWOA weighted Johnson cost alpha=0.5,2023-11-21,2025-02-21,12345678,,-0.3180521618074689,False,Return from COBYLA because the objective function has been evaluated MAXFUN times.,1.0,0.31161254451729664,0.31161254451729664,-0.3180521618074689,-0.3440137096772169,0.14214551181637805,01010,-0.3440137096772169,
9,W2,5,2,1,QWOA weighted Johnson cost alpha=1.0,2023-11-21,2025-02-21,12345978,,-0.3144687939195383,False,Return from COBYLA because the objective function has been evaluated MAXFUN times.,1.0,0.3220995328528901,0.3220995328528901,-0.3144687939195383,-0.3440137096772169,0.16176528429727124,01010,-0.3440137096772169,
9,W2,5,2,1,QWOA weighted Johnson cost alpha=2.0,2023-11-21,2025-02-21,12345778,,-0.3012320125593561,True,Return from COBYLA because the trust region radius reaches its lower bound.,1.0,0.18323468933905174,0.18323468933905174,-0.3012320125593561,-0.3440137096772169,0.23423974039228282,00011,-0.31463719637256615,
9,W2,5,2,2,Penalty QAOA transverse mixer,2023-11-21,2025-02-21,12345678,100.0,37.94654105871947,True,Return from COBYLA because the trust region radius reaches its lower bound.,0.786582649810731,0.1013877469112977,0.1013877469112977,-0.23815500362439945,-0.3440137096772169,0.48239805078539677,01010,-0.3440137096772169,-0.25590821884809883
9,W2,5,2,2,QWOA Johnson,2023-11-21,2025-02-21,12345778,,-0.3197772975619337,False,Return from COBYLA because the objective function has been evaluated MAXFUN times.,1.0,0.386613627560747,0.386613627560747,-0.3197772975619337,-0.3440137096772169,0.1326999923888992,01010,-0.3440137096772169,
9,W2,5,2,2,QWOA complete / Grover-equivalent,2023-11-21,2025-02-21,12345778,,-0.3148461012240298,False,Return from COBYLA because the objective function has been evaluated MAXFUN times.,1.0,0.324305944964814,0.324305944964814,-0.3148461012240298,-0.3440137096772169,0.1596994390642335,01010,-0.3440137096772169,
9,W2,5,2,2,QWOA weighted Johnson cost alpha=0.25,2023-11-21,2025-02-21,12345778,,-0.3235037669658927,False,Return from COBYLA because the objective function has been evaluated MAXFUN times.,1.0,0.4166111804070753,0.4166111804070753,-0.3235037669658927,-0.3440137096772169,0.1122967058302009,01010,-0.3440137096772169,
9,W2,5,2,2,QWOA weighted Johnson cost alpha=0.5,2023-11-21,2025-02-21,12345778,,-0.3219611486175956,False,Return from COBYLA because the objective function has been evaluated MAXFUN times.,1.0,0.39209726178743803,0.39209726178743803,-0.3219611486175956,-0.3440137096772169,0.1207429000153921,01010,-0.3440137096772169,
9,W2,5,2,2,QWOA weighted Johnson cost alpha=1.0,2023-11-21,2025-02-21,12346078,,-0.3180757674549949,False,Return from COBYLA because the objective function has been evaluated MAXFUN times.,1.0,0.3704688500432408,0.3704688500432408,-0.3180757674549949,-0.3440137096772169,0.1420162654067969,01010,-0.3440137096772169,
9,W2,5,2,2,QWOA weighted Johnson cost alpha=2.0,2023-11-21,2025-02-21,12345878,,-0.30956508059281124,False,Return from COBYLA because the objective function has been evaluated MAXFUN times.,1.0,0.20429449076202078,0.20429449076202078,-0.30956508059281124,-0.3440137096772169,0.18861425509537408,00011,-0.31463719637256615,
9,W2,5,2,3,Penalty QAOA transverse mixer,2023-11-21,2025-02-21,12345978,0.1,-0.2843323128114732,False,Return from COBYLA because the objective function has been evaluated MAXFUN times.,0.46031460790600653,0.11342294845754328,0.11342294845754328,-0.34456037390199934,-0.3440137096772169,0.28388729102835486,01010,-0.3440137096772169,-0.2921643519207343
9,W2,5,2,3,QWOA Johnson,2023-11-21,2025-02-21,12345978,,-0.3176440486449694,False,Return from COBYLA because the objective function has been evaluated MAXFUN times.,1.0,0.34880480080044635,0.34880480080044635,-0.3176440486449694,-0.3440137096772169,0.14438002628575955,01010,-0.3440137096772169,
9,W2,5,2,3,QWOA complete / Grover-equivalent,2023-11-21,2025-02-21,12345878,,-0.3160924834306807,False,Return from COBYLA because the objective function has been evaluated MAXFUN times.,1.0,0.3368014631885736,0.3368014631885736,-0.3160924834306807,-0.3440137096772169,0.15287520664280432,01010,-0.3440137096772169,
9,W2,5,2,3,QWOA weighted Johnson cost alpha=0.25,2023-11-21,2025-02-21,12346078,,-0.3221334052224344,False,Return from COBYLA because the objective function has been evaluated MAXFUN times.,1.0,0.41170752796268856,0.41170752796268856,-0.3221334052224344,-0.3440137096772169,0.11979975504647865,01010,-0.3440137096772169,
9,W2,5,2,3,QWOA weighted Johnson cost alpha=0.5,2023-11-21,2025-02-21,12346078,,-0.32024761391187423,False,Return from COBYLA because the objective function has been evaluated MAXFUN times.,1.0,0.3346763581841,0.3346763581841,-0.32024761391187423,-0.3440137096772169,0.1301249010032345,01010,-0.3440137096772169,
9,W2,5,2,3,QWOA weighted Johnson cost alpha=1.0,2023-11-21,2025-02-21,12346078,,-0.3242537879562002,False,Return from COBYLA because the objective function has been evaluated MAXFUN times.,1.0,0.4693175769703387,0.4693175769703387,-0.3242537879562002,-0.3440137096772169,0.1081901664945971,01010,-0.3440137096772169,
9,W2,5,2,3,QWOA weighted Johnson cost alpha=2.0,2023-11-21,2025-02-21,12345678,,-0.31219430667436776,False,Return from COBYLA because the objective function has been evaluated MAXFUN times.,1.0,0.3158666629267913,0.3158666629267913,-0.31219430667436776,-0.3440137096772169,0.1742186308853354,01010,-0.3440137096772169,
10,W2,5,3,1,Penalty QAOA transverse mixer,2023-11-21,2025-02-21,12345678,1.0,0.12584393378641856,True,Return from COBYLA because the trust region radius reaches its lower bound.,0.5868005479069727,0.07131882633976495,0.07131882633976495,-0.37767539901494407,-0.44457072089469796,0.40224475992626546,01011,-0.44457072089469796,-0.36160998431693403
10,W2,5,3,1,QWOA Johnson,2023-11-21,2025-02-21,12345878,,-0.4117625474291426,False,Return from COBYLA because the objective function has been evaluated MAXFUN times.,1.0,0.3254499142805711,0.3254499142805711,-0.4117625474291426,-0.44457072089469796,0.15907423684578012,01011,-0.44457072089469796,
10,W2,5,3,1,QWOA complete / Grover-equivalent,2023-11-21,2025-02-21,12345678,,-0.40511316988221246,False,Return from COBYLA because the objective function has been evaluated MAXFUN times.,1.0,0.24338941710471745,0.24338941710471745,-0.40511316988221246,-0.44457072089469796,0.19131451562533117,01011,-0.44457072089469796,
10,W2,5,3,1,QWOA weighted Johnson cost alpha=0.25,2023-11-21,2025-02-21,12345778,,-0.4114677347634267,False,Return from COBYLA because the objective function has been evaluated MAXFUN times.,1.0,0.30831857386386335,0.30831857386386335,-0.4114677347634267,-0.44457072089469796,0.1605036702721933,01011,-0.44457072089469796,
10,W2,5,3,1,QWOA weighted Johnson cost alpha=0.5,2023-11-21,2025-02-21,12345878,,-0.40810989719193114,False,Return from COBYLA because the objective function has been evaluated MAXFUN times.,1.0,0.2562911440595678,0.2562911440595678,-0.40810989719193114,-0.44457072089469796,0.17678453545655143,01011,-0.44457072089469796,
10,W2,5,3,1,QWOA weighted Johnson cost alpha=1.0,2023-11-21,2025-02-21,12346078,,-0.40145253596109426,True,Return from COBYLA because the trust region radius reaches its lower bound.,1.0,0.11831684908722853,0.11831684908722853,-0.40145253596109426,-0.44457072089469796,0.20906352405413053,10011,-0.4002524161905197,
10,W2,5,3,1,QWOA weighted Johnson cost alpha=2.0,2023-11-21,2025-02-21,12345878,,-0.37481251337982546,False,Return from COBYLA because the objective function has been evaluated MAXFUN times.,1.0,0.07943580835753228,0.07943580835753228,-0.37481251337982546,-0.44457072089469796,0.3382307654465476,11010,-0.4119928363771773,
10,W2,5,3,2,Penalty QAOA transverse mixer,2023-11-21,2025-02-21,12345778,1.0,0.05838085201298292,False,Return from COBYLA because the objective function has been evaluated MAXFUN times.,0.6975924728580247,0.08664688848308344,0.08664688848308344,-0.36490307619186807,-0.44457072089469796,0.39448366015040803,01011,-0.44457072089469796,-0.3632106678265879
10,W2,5,3,2,QWOA Johnson,2023-11-21,2025-02-21,12345778,,-0.40997075124964233,False,Return from COBYLA because the objective function has been evaluated MAXFUN times.,1.0,0.295567666665432,0.295567666665432,-0.40997075124964233,-0.44457072089469796,0.16776196858239856,01011,-0.44457072089469796,
10,W2,5,3,2,QWOA complete / Grover-equivalent,2023-11-21,2025-02-21,12345778,,-0.4067226024436837,False,Return from COBYLA because the objective function has been evaluated MAXFUN times.,1.0,0.26291886452491897,0.26291886452491897,-0.4067226024436837,-0.44457072089469796,0.1835109950563006,01011,-0.44457072089469796,
10,W2,5,3,2,QWOA weighted Johnson cost alpha=0.25,2023-11-21,2025-02-21,12345778,,-0.4113945562540031,False,Return from COBYLA because the objective function has been evaluated MAXFUN times.,1.0,0.29725910888834334,0.29725910888834334,-0.4113945562540031,-0.44457072089469796,0.16085848476841288,01011,-0.44457072089469796,
10,W2,5,3,2,QWOA weighted Johnson cost alpha=0.5,2023-11-21,2025-02-21,12346078,,-0.41100525061733056,False,Return from COBYLA because the objective function has been evaluated MAXFUN times.,1.0,0.27925712905234695,0.27925712905234695,-0.41100525061733056,-0.44457072089469796,0.16274607833159813,01011,-0.44457072089469796,
10,W2,5,3,2,QWOA weighted Johnson cost alpha=1.0,2023-11-21,2025-02-21,12346078,,-0.4023783381133388,False,Return from COBYLA because the objective function has been evaluated MAXFUN times.,1.0,0.13255303834466892,0.13255303834466892,-0.4023783381133388,-0.44457072089469796,0.20457466486807754,10011,-0.4002524161905197,
10,W2,5,3,2,QWOA weighted Johnson cost alpha=2.0,2023-11-21,2025-02-21,12345678,,-0.379885796678435,False,Return from COBYLA because the objective function has been evaluated MAXFUN times.,1.0,0.09857189404082385,0.09857189404082385,-0.379885796678435,-0.44457072089469796,0.313632362555389,10011,-0.4002524161905197,
10,W2,5,3,3,Penalty QAOA transverse mixer,2023-11-21,2025-02-21,12346078,0.1,-0.36180725161032545,False,Return from COBYLA because the objective function has been evaluated MAXFUN times.,0.7093775152815651,0.10078847727911729,0.10078847727911729,-0.395509633844985,-0.44457072089469796,0.365350549388252,01011,-0.44457072089469796,-0.3692192093128041
10,W2,5,3,3,QWOA Johnson,2023-11-21,2025-02-21,12346078,,-0.4091803747517388,False,Return from COBYLA because the objective function has been evaluated MAXFUN times.,1.0,0.2878756733424702,0.2878756733424702,-0.4091803747517388,-0.44457072089469796,0.17159420076554172,01011,-0.44457072089469796,
10,W2,5,3,3,QWOA complete / Grover-equivalent,2023-11-21,2025-02-21,12345678,,-0.40870660250009305,False,Return from COBYLA because the objective function has been evaluated MAXFUN times.,1.0,0.2790881564467929,0.2790881564467929,-0.40870660250009305,-0.44457072089469796,0.1738913405148294,01011,-0.44457072089469796,
10,W2,5,3,3,QWOA weighted Johnson cost alpha=0.25,2023-11-21,2025-02-21,12346078,,-0.4126726107212884,False,Return from COBYLA because the objective function has been evaluated MAXFUN times.,1.0,0.3187904215079255,0.3187904215079255,-0.4126726107212884,-0.44457072089469796,0.15466168934960683,01011,-0.44457072089469796,
10,W2,5,3,3,QWOA weighted Johnson cost alpha=0.5,2023-11-21,2025-02-21,12346078,,-0.410758759760541,False,Return from COBYLA because the objective function has been evaluated MAXFUN times.,1.0,0.2773162981934311,0.2773162981934311,-0.410758759760541,-0.44457072089469796,0.16394121785908294,01011,-0.44457072089469796,
10,W2,5,3,3,QWOA weighted Johnson cost alpha=1.0,2023-11-21,2025-02-21,12345678,,-0.4109992209419272,False,Return from COBYLA because the objective function has been evaluated MAXFUN times.,1.0,0.27118812359525585,0.27118812359525585,-0.4109992209419272,-0.44457072089469796,0.16277531391261044,01011,-0.44457072089469796,
10,W2,5,3,3,QWOA weighted Johnson cost alpha=2.0,2023-11-21,2025-02-21,12345678,,-0.3780306865580045,False,Return from COBYLA because the objective function has been evaluated MAXFUN times.,1.0,0.09458405535633777,0.09458405535633777,-0.3780306865580045,-0.44457072089469796,0.3226270792829808,11010,-0.4119928363771773,
11,W2,6,2,1,Penalty QAOA transverse mixer,2023-11-21,2025-02-21,12345678,10.0,12.794266989092932,False,Return from COBYLA because the objective function has been evaluated MAXFUN times.,0.3547732524772841,0.04552314072015989,0.04552314072015989,-0.36763503182085694,-0.46501929200781644,0.5192346730200303,000101,-0.46501929200781644,-0.3073556427830228
11,W2,6,2,1,QWOA Johnson,2023-11-21,2025-02-21,12345678,,-0.435905380215295,False,Return from COBYLA because the objective function has been evaluated MAXFUN times.,1.0,0.8389984289022376,0.8389984289022376,-0.435905380215295,-0.46501929200781644,0.09588102612270775,000101,-0.46501929200781644,
11,W2,6,2,1,QWOA complete / Grover-equivalent,2023-11-21,2025-02-21,12345878,,-0.36085116514440896,False,Return from COBYLA because the objective function has been evaluated MAXFUN times.,1.0,0.2636864717602622,0.2636864717602622,-0.36085116514440896,-0.46501929200781644,0.34305753772014547,000101,-0.46501929200781644,
11,W2,6,2,1,QWOA weighted Johnson cost alpha=0.25,2023-11-21,2025-02-21,12345678,,-0.4188794986486021,False,Return from COBYLA because the objective function has been evaluated MAXFUN times.,1.0,0.720826375597845,0.720826375597845,-0.4188794986486021,-0.46501929200781644,0.1519524673942152,000101,-0.46501929200781644,
11,W2,6,2,1,QWOA weighted Johnson cost alpha=0.5,2023-11-21,2025-02-21,12345778,,-0.38849417476039094,False,Return from COBYLA because the objective function has been evaluated MAXFUN times.,1.0,0.4954428792427181,0.4954428792427181,-0.38849417476039094,-0.46501929200781644,0.2520206428504888,000101,-0.46501929200781644,
11,W2,6,2,1,QWOA weighted Johnson cost alpha=1.0,2023-11-21,2025-02-21,12345678,,-0.35187921764019464,False,Return from COBYLA because the objective function has been evaluated MAXFUN times.,1.0,0.23425125474671848,0.23425125474671848,-0.35187921764019464,-0.46501929200781644,0.3726049080341583,000101,-0.46501929200781644,
11,W2,6,2,1,QWOA weighted Johnson cost alpha=2.0,2023-11-21,2025-02-21,12345778,,-0.30631483096281625,False,Return from COBYLA because the objective function has been evaluated MAXFUN times.,1.0,0.09227616137406225,0.09227616137406225,-0.30631483096281625,-0.46501929200781644,0.5226623850373375,010001,-0.33940351435366994,
11,W2,6,2,2,Penalty QAOA transverse mixer,2023-11-21,2025-02-21,12345978,0.1,-0.3429489559455615,False,Return from COBYLA because the objective function has been evaluated MAXFUN times.,0.3996491241512485,0.12546047142094563,0.12546047142094563,-0.4197270932491743,-0.46501929200781644,0.3667630647843139,000101,-0.46501929200781644,-0.35365307129987533
11,W2,6,2,2,QWOA Johnson,2023-11-21,2025-02-21,12345778,,-0.45191265454883484,False,Return from COBYLA because the objective function has been evaluated MAXFUN times.,1.0,0.9048245178326022,0.9048245178326022,-0.45191265454883484,-0.46501929200781644,0.04316417036436449,000101,-0.46501929200781644,
11,W2,6,2,2,QWOA complete / Grover-equivalent,2023-11-21,2025-02-21,12345878,,-0.3744369578848179,False,Return from COBYLA because the objective function has been evaluated MAXFUN times.,1.0,0.3750320239163608,0.3750320239163608,-0.3744369578848179,-0.46501929200781644,0.2983153622981724,000101,-0.46501929200781644,
11,W2,6,2,2,QWOA weighted Johnson cost alpha=0.25,2023-11-21,2025-02-21,12345678,,-0.4280718453059352,False,Return from COBYLA because the objective function has been evaluated MAXFUN times.,1.0,0.7910124977033247,0.7910124977033247,-0.4280718453059352,-0.46501929200781644,0.1216792551834418,000101,-0.46501929200781644,
11,W2,6,2,2,QWOA weighted Johnson cost alpha=0.5,2023-11-21,2025-02-21,12345778,,-0.4065221574933732,False,Return from COBYLA because the objective function has been evaluated MAXFUN times.,1.0,0.6563962723941342,0.6563962723941342,-0.4065221574933732,-0.46501929200781644,0.19264897559810626,000101,-0.46501929200781644,
11,W2,6,2,2,QWOA weighted Johnson cost alpha=1.0,2023-11-21,2025-02-21,12345778,,-0.3546217603542003,False,Return from COBYLA because the objective function has been evaluated MAXFUN times.,1.0,0.2804000004442527,0.2804000004442527,-0.3546217603542003,-0.46501929200781644,0.36357287511882314,000101,-0.46501929200781644,
11,W2,6,2,2,QWOA weighted Johnson cost alpha=2.0,2023-11-21,2025-02-21,12345778,,-0.33132295232970166,False,Return from COBYLA because the objective function has been evaluated MAXFUN times.,1.0,0.08795926671149763,0.08795926671149763,-0.33132295232970166,-0.46501929200781644,0.4403029839666056,001001,-0.3072754542557321,
11,W2,6,2,3,Penalty QAOA transverse mixer,2023-11-21,2025-02-21,12345978,0.1,-0.3842862733943492,False,Return from COBYLA because the objective function has been evaluated MAXFUN times.,0.44086683284926836,0.26838778054229134,0.26838778054229134,-0.45945888698403364,-0.46501929200781644,0.18404807994288774,000101,-0.46501929200781644,-0.4091337870051626
11,W2,6,2,3,QWOA Johnson,2023-11-21,2025-02-21,12345778,,-0.4369772234810228,False,Return from COBYLA because the objective function has been evaluated MAXFUN times.,1.0,0.8459308977737582,0.8459308977737582,-0.4369772234810228,-0.46501929200781644,0.09235111805356627,000101,-0.46501929200781644,
11,W2,6,2,3,QWOA complete / Grover-equivalent,2023-11-21,2025-02-21,12345678,,-0.3952532928426721,False,Return from COBYLA because the objective function has been evaluated MAXFUN times.,1.0,0.4810079353783735,0.4810079353783735,-0.3952532928426721,-0.46501929200781644,0.22976079738444136,000101,-0.46501929200781644,
11,W2,6,2,3,QWOA weighted Johnson cost alpha=0.25,2023-11-21,2025-02-21,12346078,,-0.4299087538019617,False,Return from COBYLA because the objective function has been evaluated MAXFUN times.,1.0,0.8057249607326117,0.8057249607326117,-0.4299087538019617,-0.46501929200781644,0.11562975305031434,000101,-0.46501929200781644,
11,W2,6,2,3,QWOA weighted Johnson cost alpha=0.5,2023-11-21,2025-02-21,12345678,,-0.4217067663543486,False,Return from COBYLA because the objective function has been evaluated MAXFUN times.,1.0,0.765964125261314,0.765964125261314,-0.4217067663543486,-0.46501929200781644,0.14264140913854634,000101,-0.46501929200781644,
11,W2,6,2,3,QWOA weighted Johnson cost alpha=1.0,2023-11-21,2025-02-21,12345978,,-0.36000810976614206,False,Return from COBYLA because the objective function has been evaluated MAXFUN times.,1.0,0.34513401920304737,0.34513401920304737,-0.36000810976614206,-0.46501929200781644,0.3458339772217332,000101,-0.46501929200781644,
11,W2,6,2,3,QWOA weighted Johnson cost alpha=2.0,2023-11-21,2025-02-21,12345978,,-0.3381176217871483,False,Return from COBYLA because the objective function has been evaluated MAXFUN times.,1.0,0.09819968274873563,0.09819968274873563,-0.3381176217871483,-0.46501929200781644,0.4179260569364167,010001,-0.33940351435366994,
12,W2,6,3,1,Penalty QAOA transverse mixer,2023-11-21,2025-02-21,12346078,1.0,0.013941200408693986,False,Return from COBYLA because the objective function has been evaluated MAXFUN times.,0.6807238782905077,0.03521537271115742,0.03521537271115742,-0.40688065690974756,-0.5650387654012196,0.4922976863641637,000111,-0.5650387654012196,-0.4041989757909187
12,W2,6,3,1,QWOA Johnson,2023-11-21,2025-02-21,12346078,,-0.5330746489068984,False,Return from COBYLA because the objective function has been evaluated MAXFUN times.,1.0,0.40022080999572324,0.40022080999572324,-0.5330746489068984,-0.5650387654012196,0.09783562037077627,000111,-0.5650387654012196,
12,W2,6,3,1,QWOA complete / Grover-equivalent,2023-11-21,2025-02-21,12346078,,-0.48252408347586456,False,Return from COBYLA because the objective function has been evaluated MAXFUN times.,1.0,0.16893471715695063,0.16893471715695063,-0.48252408347586456,-0.5650387654012196,0.25256055793998344,000111,-0.5650387654012196,
12,W2,6,3,1,QWOA weighted Johnson cost alpha=0.25,2023-11-21,2025-02-21,12346078,,-0.5303542119320839,False,Return from COBYLA because the objective function has been evaluated MAXFUN times.,1.0,0.3923318301435262,0.3923318301435262,-0.5303542119320839,-0.5650387654012196,0.1061623213186301,000111,-0.5650387654012196,
12,W2,6,3,1,QWOA weighted Johnson cost alpha=0.5,2023-11-21,2025-02-21,12345678,,-0.5237598200960615,False,Return from COBYLA because the objective function has been evaluated MAXFUN times.,1.0,0.35369226898212935,0.35369226898212935,-0.5237598200960615,-0.5650387654012196,0.1263464054418329,000111,-0.5650387654012196,
12,W2,6,3,1,QWOA weighted Johnson cost alpha=1.0,2023-11-21,2025-02-21,12345678,,-0.497722572287128,True,Return from COBYLA because the trust region radius reaches its lower bound.,1.0,0.21763053687380293,0.21763053687380293,-0.497722572287128,-0.5650387654012196,0.2060410934707422,010101,-0.5374371618780747,
12,W2,6,3,1,QWOA weighted Johnson cost alpha=2.0,2023-11-21,2025-02-21,12345978,,-0.44663010402894543,True,Return from COBYLA because the trust region radius reaches its lower bound.,1.0,0.07101400301945827,0.07101400301945827,-0.44663010402894543,-0.5650387654012196,0.3624246847144283,010101,-0.5374371618780747,
12,W2,6,3,2,Penalty QAOA transverse mixer,2023-11-21,2025-02-21,12345778,100.0,23.826711084708837,True,Return from COBYLA because the trust region radius reaches its lower bound.,0.8630010955760122,0.053371243879092665,0.053371243879092665,-0.42591296881182905,-0.5650387654012196,0.46459949965851605,000111,-0.5650387654012196,-0.4132483185884141
12,W2,6,3,2,QWOA Johnson,2023-11-21,2025-02-21,12345778,,-0.540226030910613,False,Return from COBYLA because the objective function has been evaluated MAXFUN times.,1.0,0.44229755204955495,0.44229755204955495,-0.540226030910613,-0.5650387654012196,0.07594670331073071,000111,-0.5650387654012196,
12,W2,6,3,2,QWOA complete / Grover-equivalent,2023-11-21,2025-02-21,12346078,,-0.5153306258740822,False,Return from COBYLA because the objective function has been evaluated MAXFUN times.,1.0,0.2650609019251845,0.2650609019251845,-0.5153306258740822,-0.5650387654012196,0.15214644424721083,000111,-0.5650387654012196,
12,W2,6,3,2,QWOA weighted Johnson cost alpha=0.25,2023-11-21,2025-02-21,12345778,,-0.5425739064832474,False,Return from COBYLA because the objective function has been evaluated MAXFUN times.,1.0,0.4465379392668127,0.4465379392668127,-0.5425739064832474,-0.5650387654012196,0.06876033658469007,000111,-0.5650387654012196,
12,W2,6,3,2,QWOA weighted Johnson cost alpha=0.5,2023-11-21,2025-02-21,12345678,,-0.5373972567227906,False,Return from COBYLA because the objective function has been evaluated MAXFUN times.,1.0,0.3991707354923371,0.3991707354923371,-0.5373972567227906,-0.5650387654012196,0.0846050023005876,000111,-0.5650387654012196,
12,W2,6,3,2,QWOA weighted Johnson cost alpha=1.0,2023-11-21,2025-02-21,12345778,,-0.5288822703955255,False,Return from COBYLA because the objective function has been evaluated MAXFUN times.,1.0,0.3022658125402942,0.3022658125402942,-0.5288822703955255,-0.5650387654012196,0.11066763318621411,000111,-0.5650387654012196,
12,W2,6,3,2,QWOA weighted Johnson cost alpha=2.0,2023-11-21,2025-02-21,12345978,,-0.4795883633135421,False,Return from COBYLA because the objective function has been evaluated MAXFUN times.,1.0,0.15686385702374164,0.15686385702374164,-0.4795883633135421,-0.5650387654012196,0.2615461966754336,010101,-0.5374371618780747,
12,W2,6,3,3,Penalty QAOA transverse mixer,2023-11-21,2025-02-21,12345678,0.1,-0.4340696066333667,False,Return from COBYLA because the objective function has been evaluated MAXFUN times.,0.4633207293830429,0.18183480821390693,0.18183480821390693,-0.5244915076848888,-0.5650387654012196,0.13553667436179825,000111,-0.5650387654012196,-0.5207572447021648
12,W2,6,3,3,QWOA Johnson,2023-11-21,2025-02-21,12346078,,-0.5391140962582773,False,Return from COBYLA because the objective function has been evaluated MAXFUN times.,1.0,0.41754636377582277,0.41754636377582277,-0.5391140962582773,-0.5650387654012196,0.07935010776717348,000111,-0.5650387654012196,
12,W2,6,3,3,QWOA complete / Grover-equivalent,2023-11-21,2025-02-21,12346078,,-0.5156326534302714,False,Return from COBYLA because the objective function has been evaluated MAXFUN times.,1.0,0.25958237826862707,0.25958237826862707,-0.5156326534302714,-0.5650387654012196,0.15122199969595618,000111,-0.5650387654012196,
12,W2,6,3,3,QWOA weighted Johnson cost alpha=0.25,2023-11-21,2025-02-21,12346078,,-0.5430332534276759,False,Return from COBYLA because the objective function has been evaluated MAXFUN times.,1.0,0.4461207992067094,0.4461207992067094,-0.5430332534276759,-0.5650387654012196,0.06735436957535422,000111,-0.5650387654012196,
12,W2,6,3,3,QWOA weighted Johnson cost alpha=0.5,2023-11-21,2025-02-21,12346078,,-0.5412711022858381,False,Return from COBYLA because the objective function has been evaluated MAXFUN times.,1.0,0.41638795233183595,0.41638795233183595,-0.5412711022858381,-0.5650387654012196,0.072747953664544,000111,-0.5650387654012196,
12,W2,6,3,3,QWOA weighted Johnson cost alpha=1.0,2023-11-21,2025-02-21,12346078,,-0.5301850954951339,False,Return from COBYLA because the objective function has been evaluated MAXFUN times.,1.0,0.30327369464695575,0.30327369464695575,-0.5301850954951339,-0.5650387654012196,0.10667995212900562,000111,-0.5650387654012196,
12,W2,6,3,3,QWOA weighted Johnson cost alpha=2.0,2023-11-21,2025-02-21,12345878,,-0.4570236672888735,False,Return from COBYLA because the objective function has been evaluated MAXFUN times.,1.0,0.05700209443372499,0.05700209443372499,-0.4570236672888735,-0.5650387654012196,0.3306121142159248,100101,-0.5355328781492565,
13,W2,6,4,1,Penalty QAOA transverse mixer,2023-11-21,2025-02-21,12345678,10.0,6.69361994558554,False,Return from COBYLA because the objective function has been evaluated MAXFUN times.,0.4694254360394313,0.05158124004226334,0.0976314107269765,-0.5592838129959734,-0.6417850805806353,0.34920263945882135,010111,-0.6417850805806353,-0.5367104365983322
13,W2,6,4,1,QWOA Johnson,2023-11-21,2025-02-21,12345978,,-0.6122245786921121,False,Return from COBYLA because the objective function has been evaluated MAXFUN times.,1.0,0.2986430154442299,0.5604172268870802,-0.6122245786921121,-0.6417850805806353,0.0982406876861589,010111,-0.6417850805806353,
13,W2,6,4,1,QWOA complete / Grover-equivalent,2023-11-21,2025-02-21,12345678,,-0.5829155151476301,False,Return from COBYLA because the objective function has been evaluated MAXFUN times.,1.0,0.18932770854293085,0.36810171332759023,-0.5829155151476301,-0.6417850805806353,0.1956457510002274,010111,-0.6417850805806353,
13,W2,6,4,1,QWOA weighted Johnson cost alpha=0.25,2023-11-21,2025-02-21,12346078,,-0.6128641557010489,False,Return from COBYLA because the objective function has been evaluated MAXFUN times.,1.0,0.30298388469662113,0.5802043125736055,-0.6128641557010489,-0.6417850805806353,0.09611513226009889,010111,-0.6417850805806353,
13,W2,6,4,1,QWOA weighted Johnson cost alpha=0.5,2023-11-21,2025-02-21,12345678,,-0.6122090440103072,True,Return from COBYLA because the trust region radius reaches its lower bound.,1.0,0.30063274839450893,0.5947474858998946,-0.6122090440103072,-0.6417850805806353,0.09829231528806016,010111,-0.6417850805806353,
13,W2,6,4,1,QWOA weighted Johnson cost alpha=1.0,2023-11-21,2025-02-21,12345878,,-0.6052205560570656,False,Return from COBYLA because the objective function has been evaluated MAXFUN times.,1.0,0.26533222617313756,0.5733897732311924,-0.6052205560570656,-0.6417850805806353,0.12151769437675022,100111,-0.6323995272590321,
13,W2,6,4,1,QWOA weighted Johnson cost alpha=2.0,2023-11-21,2025-02-21,12345978,,-0.5651647982127818,True,Return from COBYLA because the trust region radius reaches its lower bound.,1.0,0.18946840757285524,0.4006526418299946,-0.5651647982127818,-0.6417850805806353,0.25463807275369826,001111,-0.6157374570627099,
13,W2,6,4,2,Penalty QAOA transverse mixer,2023-11-21,2025-02-21,12346078,0.1,-0.5020519543611501,False,Return from COBYLA because the objective function has been evaluated MAXFUN times.,0.7895642050540506,0.07528973519750681,0.14581120836601422,-0.5327088592708344,-0.6417850805806353,0.3782973980776854,010111,-0.6417850805806353,-0.5279558595757587
13,W2,6,4,2,QWOA Johnson,2023-11-21,2025-02-21,12345678,,-0.618045085442186,False,Return from COBYLA because the objective function has been evaluated MAXFUN times.,1.0,0.3227517477622413,0.607224490218523,-0.618045085442186,-0.6417850805806353,0.07889695029071273,010111,-0.6417850805806353,
13,W2,6,4,2,QWOA complete / Grover-equivalent,2023-11-21,2025-02-21,12346078,,-0.5949845860644146,False,Return from COBYLA because the objective function has been evaluated MAXFUN times.,1.0,0.22655266941363061,0.43490235899881813,-0.5949845860644146,-0.6417850805806353,0.1555356800998998,010111,-0.6417850805806353,
13,W2,6,4,2,QWOA weighted Johnson cost alpha=0.25,2023-11-21,2025-02-21,12345678,,-0.6177204144132064,False,Return from COBYLA because the objective function has been evaluated MAXFUN times.,1.0,0.31970028672224193,0.6147834866438665,-0.6177204144132064,-0.6417850805806353,0.07997595447267866,010111,-0.6417850805806353,
13,W2,6,4,2,QWOA weighted Johnson cost alpha=0.5,2023-11-21,2025-02-21,12346078,,-0.6204488145296717,False,Return from COBYLA because the objective function has been evaluated MAXFUN times.,1.0,0.3260808684860998,0.6340659107154321,-0.6204488145296717,-0.6417850805806353,0.07090845268480751,010111,-0.6417850805806353,
13,W2,6,4,2,QWOA weighted Johnson cost alpha=1.0,2023-11-21,2025-02-21,12345978,,-0.6218598610173351,False,Return from COBYLA because the objective function has been evaluated MAXFUN times.,1.0,0.3384278422331417,0.6730445237889262,-0.6218598610173351,-0.6417850805806353,0.0662190134517404,010111,-0.6417850805806353,
13,W2,6,4,2,QWOA weighted Johnson cost alpha=2.0,2023-11-21,2025-02-21,12345678,,-0.5916337182348964,False,Return from COBYLA because the objective function has been evaluated MAXFUN times.,1.0,0.20819472195428332,0.42157648153258,-0.5916337182348964,-0.6417850805806353,0.16667187667594993,100111,-0.6323995272590321,
13,W2,6,4,3,Penalty QAOA transverse mixer,2023-11-21,2025-02-21,12345878,0.1,-0.5507188229027683,False,Return from COBYLA because the objective function has been evaluated MAXFUN times.,0.5060735257275359,0.09927975046039882,0.18583259147586906,-0.6040114474516342,-0.6417850805806353,0.20486283522188392,010111,-0.6417850805806353,-0.5801421058611299
13,W2,6,4,3,QWOA Johnson,2023-11-21,2025-02-21,12346078,,-0.6171248208252192,False,Return from COBYLA because the objective function has been evaluated MAXFUN times.,1.0,0.31621314891868474,0.5924225383293586,-0.6171248208252192,-0.6417850805806353,0.08195533641571791,010111,-0.6417850805806353,
13,W2,6,4,3,QWOA complete / Grover-equivalent,2023-11-21,2025-02-21,12345678,,-0.605730648440225,False,Return from COBYLA because the objective function has been evaluated MAXFUN times.,1.0,0.25840289406900785,0.4898416581573569,-0.605730648440225,-0.6417850805806353,0.1198224651585852,010111,-0.6417850805806353,
13,W2,6,4,3,QWOA weighted Johnson cost alpha=0.25,2023-11-21,2025-02-21,12346078,,-0.6178522057752357,False,Return from COBYLA because the objective function has been evaluated MAXFUN times.,1.0,0.3143532677640293,0.6076665776007901,-0.6178522057752357,-0.6417850805806353,0.07953796211092228,010111,-0.6417850805806353,
13,W2,6,4,3,QWOA weighted Johnson cost alpha=0.5,2023-11-21,2025-02-21,12346078,,-0.6186720848086793,False,Return from COBYLA because the objective function has been evaluated MAXFUN times.,1.0,0.3263752676205811,0.6409769044130653,-0.6186720848086793,-0.6417850805806353,0.07681319511039193,010111,-0.6417850805806353,
13,W2,6,4,3,QWOA weighted Johnson cost alpha=1.0,2023-11-21,2025-02-21,12346078,,-0.6206349178058185,False,Return from COBYLA because the objective function has been evaluated MAXFUN times.,1.0,0.3201318676372254,0.6764000429212567,-0.6206349178058185,-0.6417850805806353,0.07028996136492895,100111,-0.6323995272590321,
13,W2,6,4,3,QWOA weighted Johnson cost alpha=2.0,2023-11-21,2025-02-21,12346078,,-0.6123007182724397,False,Return from COBYLA because the objective function has been evaluated MAXFUN times.,1.0,0.2719491276415782,0.5774791407197791,-0.6123007182724397,-0.6417850805806353,0.09798764716743813,100111,-0.6323995272590321,
14,W2,7,3,1,QWOA Johnson,2023-11-21,2025-02-21,12345678,,-0.5165960610934657,True,Return from COBYLA because the trust region radius reaches its lower bound.,1.0,0.338227172803344,0.338227172803344,-0.5165960610934657,-0.5650387654012196,0.11307458382149758,0001110,-0.5650387654012196,
14,W2,7,3,1,QWOA complete / Grover-equivalent,2023-11-21,2025-02-21,12346078,,-0.4429408970925364,False,Return from COBYLA because the objective function has been evaluated MAXFUN times.,1.0,0.10207179486018682,0.10207179486018682,-0.4429408970925364,-0.5650387654012196,0.28499989506751194,0001110,-0.5650387654012196,
14,W2,7,3,1,QWOA weighted Johnson cost alpha=0.25,2023-11-21,2025-02-21,12345978,,-0.5163147189469933,True,Return from COBYLA because the trust region radius reaches its lower bound.,1.0,0.33165549323853405,0.33165549323853405,-0.5163147189469933,-0.5650387654012196,0.1137312904727552,0001110,-0.5650387654012196,
14,W2,7,3,1,QWOA weighted Johnson cost alpha=0.5,2023-11-21,2025-02-21,12345678,,-0.5117741431857723,True,Return from COBYLA because the trust region radius reaches its lower bound.,1.0,0.3037558082751872,0.3037558082751872,-0.5117741431857723,-0.5650387654012196,0.12432986711802863,0001110,-0.5650387654012196,
14,W2,7,3,1,QWOA weighted Johnson cost alpha=1.0,2023-11-21,2025-02-21,12345878,,-0.49045966851681777,True,Return from COBYLA because the trust region radius reaches its lower bound.,1.0,0.209077876345979,0.209077876345979,-0.49045966851681777,-0.5650387654012196,0.17408194820034165,0001110,-0.5650387654012196,
14,W2,7,3,1,QWOA weighted Johnson cost alpha=2.0,2023-11-21,2025-02-21,12345678,,-0.4342282291066569,True,Return from COBYLA because the trust region radius reaches its lower bound.,1.0,0.06586994029835212,0.06586994029835212,-0.4342282291066569,-0.5650387654012196,0.3053369369514539,0101010,-0.5374371618780747,
14,W2,7,3,2,QWOA Johnson,2023-11-21,2025-02-21,12345678,,-0.5356631576054232,False,Return from COBYLA because the objective function has been evaluated MAXFUN times.,1.0,0.3974776908818172,0.3974776908818172,-0.5356631576054232,-0.5650387654012196,0.06856831536305348,0001110,-0.5650387654012196,
14,W2,7,3,2,QWOA complete / Grover-equivalent,2023-11-21,2025-02-21,12345878,,-0.48003828942965504,False,Return from COBYLA because the objective function has been evaluated MAXFUN times.,1.0,0.17344276235224548,0.17344276235224548,-0.48003828942965504,-0.5650387654012196,0.1984074502540816,0001110,-0.5650387654012196,
14,W2,7,3,2,QWOA weighted Johnson cost alpha=0.25,2023-11-21,2025-02-21,12345678,,-0.5368112868239535,False,Return from COBYLA because the objective function has been evaluated MAXFUN times.,1.0,0.4054759434459921,0.4054759434459921,-0.5368112868239535,-0.5650387654012196,0.06588836106624431,0001110,-0.5650387654012196,
14,W2,7,3,2,QWOA weighted Johnson cost alpha=0.5,2023-11-21,2025-02-21,12345678,,-0.5319299946698762,False,Return from COBYLA because the objective function has been evaluated MAXFUN times.,1.0,0.3769655769665134,0.3769655769665134,-0.5319299946698762,-0.5650387654012196,0.07728223526713371,0001110,-0.5650387654012196,
14,W2,7,3,2,QWOA weighted Johnson cost alpha=1.0,2023-11-21,2025-02-21,12345878,,-0.5022710927353083,False,Return from COBYLA because the objective function has been evaluated MAXFUN times.,1.0,0.25484378047488854,0.25484378047488854,-0.5022710927353083,-0.5650387654012196,0.14651181360669546,0001110,-0.5650387654012196,
14,W2,7,3,2,QWOA weighted Johnson cost alpha=2.0,2023-11-21,2025-02-21,12345878,,-0.46527332958715434,False,Return from COBYLA because the objective function has been evaluated MAXFUN times.,1.0,0.1699120558922865,0.1699120558922865,-0.46527332958715434,-0.5650387654012196,0.23287170474172092,0101010,-0.5374371618780747,
14,W2,7,3,3,QWOA Johnson,2023-11-21,2025-02-21,12346078,,-0.5325408040758596,False,Return from COBYLA because the objective function has been evaluated MAXFUN times.,1.0,0.4055741991462546,0.4055741991462546,-0.5325408040758596,-0.5650387654012196,0.07585648869986851,0001110,-0.5650387654012196,
14,W2,7,3,3,QWOA complete / Grover-equivalent,2023-11-21,2025-02-21,12346078,,-0.5057370466489362,False,Return from COBYLA because the objective function has been evaluated MAXFUN times.,1.0,0.2403132672240936,0.2403132672240936,-0.5057370466489362,-0.5650387654012196,0.1384216109244058,0001110,-0.5650387654012196,
14,W2,7,3,3,QWOA weighted Johnson cost alpha=0.25,2023-11-21,2025-02-21,12346078,,-0.5305898888696965,False,Return from COBYLA because the objective function has been evaluated MAXFUN times.,1.0,0.3881163475315323,0.3881163475315323,-0.5305898888696965,-0.5650387654012196,0.08041029980848187,0001110,-0.5650387654012196,
14,W2,7,3,3,QWOA weighted Johnson cost alpha=0.5,2023-11-21,2025-02-21,12346078,,-0.5229849300955313,False,Return from COBYLA because the objective function has been evaluated MAXFUN times.,1.0,0.3718529250643372,0.3718529250643372,-0.5229849300955313,-0.5650387654012196,0.09816173546131632,0001110,-0.5650387654012196,
14,W2,7,3,3,QWOA weighted Johnson cost alpha=1.0,2023-11-21,2025-02-21,12345778,,-0.5273626352487664,False,Return from COBYLA because the objective function has been evaluated MAXFUN times.,1.0,0.30745493398812307,0.30745493398812307,-0.5273626352487664,-0.5650387654012196,0.0879433301231145,0001110,-0.5650387654012196,
14,W2,7,3,3,QWOA weighted Johnson cost alpha=2.0,2023-11-21,2025-02-21,12345678,,-0.4943683874484041,False,Return from COBYLA because the objective function has been evaluated MAXFUN times.,1.0,0.2144165293864074,0.2144165293864074,-0.4943683874484041,-0.5650387654012196,0.16495824685500635,0101010,-0.5374371618780747,
15,W2,7,4,1,QWOA Johnson,2023-11-21,2025-02-21,12345778,,-0.5961246221651233,True,Return from COBYLA because the trust region radius reaches its lower bound.,1.0,0.2622301759383696,0.49614937303677387,-0.5961246221651233,-0.6417850805806353,0.0982355910334865,0101110,-0.6417850805806353,
15,W2,7,4,1,QWOA complete / Grover-equivalent,2023-11-21,2025-02-21,12345678,,-0.5275331119620331,False,Return from COBYLA because the objective function has been evaluated MAXFUN times.,1.0,0.09551727857883678,0.18793311203814642,-0.5275331119620331,-0.6417850805806353,0.2458058909933062,0101110,-0.6417850805806353,
15,W2,7,4,1,QWOA weighted Johnson cost alpha=0.25,2023-11-21,2025-02-21,12346078,,-0.5979531339165475,True,Return from COBYLA because the trust region radius reaches its lower bound.,1.0,0.2654301271763013,0.5135573677960088,-0.5979531339165475,-0.6417850805806353,0.09430166354247807,0101110,-0.6417850805806353,
15,W2,7,4,1,QWOA weighted Johnson cost alpha=0.5,2023-11-21,2025-02-21,12345778,,-0.5974600287081531,True,Return from COBYLA because the trust region radius reaches its lower bound.,1.0,0.2614987442767129,0.5192468202171977,-0.5974600287081531,-0.6417850805806353,0.0953625482394188,0101110,-0.6417850805806353,
15,W2,7,4,1,QWOA weighted Johnson cost alpha=1.0,2023-11-21,2025-02-21,12345978,,-0.58888672798613,True,Return from COBYLA because the trust region radius reaches its lower bound.,1.0,0.23382287558530016,0.4908811383222432,-0.58888672798613,-0.6417850805806353,0.1138074630029035,1001110,-0.6323995272590321,
15,W2,7,4,1,QWOA weighted Johnson cost alpha=2.0,2023-11-21,2025-02-21,12345778,,-0.5476242708779414,True,Return from COBYLA because the trust region radius reaches its lower bound.,1.0,0.15959175867715925,0.3499638282355706,-0.5476242708779414,-0.6417850805806353,0.2025810321298339,1001110,-0.6323995272590321,
15,W2,7,4,2,QWOA Johnson,2023-11-21,2025-02-21,12345678,,-0.6127585893936353,False,Return from COBYLA because the objective function has been evaluated MAXFUN times.,1.0,0.30467673907503195,0.5758661770278449,-0.6127585893936353,-0.6417850805806353,0.06244866162829704,0101110,-0.6417850805806353,
15,W2,7,4,2,QWOA complete / Grover-equivalent,2023-11-21,2025-02-21,12346078,,-0.5747745097866219,False,Return from COBYLA because the objective function has been evaluated MAXFUN times.,1.0,0.17021280775102016,0.3306098516421051,-0.5747745097866219,-0.6417850805806353,0.14416900871947536,0101110,-0.6417850805806353,
15,W2,7,4,2,QWOA weighted Johnson cost alpha=0.25,2023-11-21,2025-02-21,12345978,,-0.6130766139652758,False,Return from COBYLA because the objective function has been evaluated MAXFUN times.,1.0,0.3064976680987674,0.5887512483006103,-0.6130766139652758,-0.6417850805806353,0.06176445185812823,0101110,-0.6417850805806353,
15,W2,7,4,2,QWOA weighted Johnson cost alpha=0.5,2023-11-21,2025-02-21,12345978,,-0.612458157735489,False,Return from COBYLA because the objective function has been evaluated MAXFUN times.,1.0,0.3040068590527399,0.5947265126600039,-0.612458157735489,-0.6417850805806353,0.063095021356765,0101110,-0.6417850805806353,
15,W2,7,4,2,QWOA weighted Johnson cost alpha=1.0,2023-11-21,2025-02-21,12345678,,-0.615779357941163,False,Return from COBYLA because the objective function has been evaluated MAXFUN times.,1.0,0.3034298807839116,0.5997010684018417,-0.615779357941163,-0.6417850805806353,0.055949668978215746,0101110,-0.6417850805806353,
15,W2,7,4,2,QWOA weighted Johnson cost alpha=2.0,2023-11-21,2025-02-21,12346078,,-0.5972757233455008,False,Return from COBYLA because the objective function has been evaluated MAXFUN times.,1.0,0.2609559433016998,0.5609453460614702,-0.5972757233455008,-0.6417850805806353,0.09575906958105808,1001110,-0.6323995272590321,
15,W2,7,4,3,QWOA Johnson,2023-11-21,2025-02-21,12346078,,-0.6092036418506441,False,Return from COBYLA because the objective function has been evaluated MAXFUN times.,1.0,0.2984212686628256,0.5659408855670167,-0.6092036418506441,-0.6417850805806353,0.07009690663277852,0101110,-0.6417850805806353,
15,W2,7,4,3,QWOA complete / Grover-equivalent,2023-11-21,2025-02-21,12345978,,-0.5698127789366941,False,Return from COBYLA because the objective function has been evaluated MAXFUN times.,1.0,0.16159550480604556,0.31135416966959767,-0.5698127789366941,-0.6417850805806353,0.15484385911533013,0101110,-0.6417850805806353,
15,W2,7,4,3,QWOA weighted Johnson cost alpha=0.25,2023-11-21,2025-02-21,12346078,,-0.609394495623165,False,Return from COBYLA because the objective function has been evaluated MAXFUN times.,1.0,0.29542329687453045,0.5724580610189328,-0.609394495623165,-0.6417850805806353,0.06968629680109571,0101110,-0.6417850805806353,
15,W2,7,4,3,QWOA weighted Johnson cost alpha=0.5,2023-11-21,2025-02-21,12345978,,-0.6182996808114644,False,Return from COBYLA because the objective function has been evaluated MAXFUN times.,1.0,0.3226982364528782,0.6194450269053253,-0.6182996808114644,-0.6417850805806353,0.05052735357992892,0101110,-0.6417850805806353,
15,W2,7,4,3,QWOA weighted Johnson cost alpha=1.0,2023-11-21,2025-02-21,12345978,,-0.6053283770836653,False,Return from COBYLA because the objective function has been evaluated MAXFUN times.,1.0,0.294010210394365,0.6027042811045051,-0.6053283770836653,-0.6417850805806353,0.07843429390408294,1001110,-0.6323995272590321,
15,W2,7,4,3,QWOA weighted Johnson cost alpha=2.0,2023-11-21,2025-02-21,12345778,,-0.6144162644457463,False,Return from COBYLA because the objective function has been evaluated MAXFUN times.,1.0,0.29540715438704146,0.6139789064061124,-0.6144162644457463,-0.6417850805806353,0.05888227850082786,1001110,-0.6323995272590321,
16,W2,8,3,1,QWOA Johnson,2023-11-21,2025-02-21,12345978,,-0.6257989771055443,True,Return from COBYLA because the trust region radius reaches its lower bound.,1.0,0.36966745858601574,0.36966745858601574,-0.6257989771055443,-0.7136031737638825,0.15217941669967824,00010101,-0.7136031737638825,
16,W2,8,3,1,QWOA complete / Grover-equivalent,2023-11-21,2025-02-21,12345878,,-0.5234277295865398,False,Return from COBYLA because the objective function has been evaluated MAXFUN times.,1.0,0.07044104915785603,0.07044104915785603,-0.5234277295865398,-0.7136031737638825,0.32960597860856256,00010101,-0.7136031737638825,
16,W2,8,3,1,QWOA weighted Johnson cost alpha=0.25,2023-11-21,2025-02-21,12345778,,-0.6236583693491311,True,Return from COBYLA because the trust region radius reaches its lower bound.,1.0,0.34781900948822236,0.34781900948822236,-0.6236583693491311,-0.7136031737638825,0.15588944938776658,00010101,-0.7136031737638825,
16,W2,8,3,1,QWOA weighted Johnson cost alpha=0.5,2023-11-21,2025-02-21,12345878,,-0.6179381785365606,True,Return from COBYLA because the trust region radius reaches its lower bound.,1.0,0.31087515782052816,0.31087515782052816,-0.6179381785365606,-0.7136031737638825,0.1658035005880194,00010101,-0.7136031737638825,
16,W2,8,3,1,QWOA weighted Johnson cost alpha=1.0,2023-11-21,2025-02-21,12345878,,-0.5966238366263285,True,Return from COBYLA because the trust region radius reaches its lower bound.,1.0,0.2108205869030547,0.2108205869030547,-0.5966238366263285,-0.7136031737638825,0.2027448341766414,00010101,-0.7136031737638825,
16,W2,8,3,1,QWOA weighted Johnson cost alpha=2.0,2023-11-21,2025-02-21,12345678,,-0.5332037713621083,True,Return from COBYLA because the trust region radius reaches its lower bound.,1.0,0.06084386219600354,0.06084386219600354,-0.5332037713621083,-0.7136031737638825,0.31266245663971354,00011001,-0.6520620918463074,
16,W2,8,3,2,QWOA Johnson,2023-11-21,2025-02-21,12345678,,-0.6765711802608295,False,Return from COBYLA because the objective function has been evaluated MAXFUN times.,1.0,0.6340860512006551,0.6340860512006551,-0.6765711802608295,-0.7136031737638825,0.06418266307303787,00010101,-0.7136031737638825,
16,W2,8,3,2,QWOA complete / Grover-equivalent,2023-11-21,2025-02-21,12346078,,-0.5816154132404175,False,Return from COBYLA because the objective function has been evaluated MAXFUN times.,1.0,0.13984075557241488,0.13984075557241488,-0.5816154132404175,-0.7136031737638825,0.22875695208641605,00010101,-0.7136031737638825,
16,W2,8,3,2,QWOA weighted Johnson cost alpha=0.25,2023-11-21,2025-02-21,12345878,,-0.6639603075405381,False,Return from COBYLA because the objective function has been evaluated MAXFUN times.,1.0,0.5516248384922758,0.5516248384922758,-0.6639603075405381,-0.7136031737638825,0.0860394230877721,00010101,-0.7136031737638825,
16,W2,8,3,2,QWOA weighted Johnson cost alpha=0.5,2023-11-21,2025-02-21,12345678,,-0.6618129563992513,False,Return from COBYLA because the objective function has been evaluated MAXFUN times.,1.0,0.5416882525476174,0.5416882525476174,-0.6618129563992513,-0.7136031737638825,0.089761143194181,00010101,-0.7136031737638825,
16,W2,8,3,2,QWOA weighted Johnson cost alpha=1.0,2023-11-21,2025-02-21,12345878,,-0.6430921181974175,False,Return from COBYLA because the objective function has been evaluated MAXFUN times.,1.0,0.4550234797918936,0.4550234797918936,-0.6430921181974175,-0.7136031737638825,0.12220749936061576,00010101,-0.7136031737638825,
16,W2,8,3,2,QWOA weighted Johnson cost alpha=2.0,2023-11-21,2025-02-21,12345878,,-0.5826656165988575,False,Return from COBYLA because the objective function has been evaluated MAXFUN times.,1.0,0.14602499934512408,0.14602499934512408,-0.5826656165988575,-0.7136031737638825,0.22693677331836326,00011001,-0.6520620918463074,
16,W2,8,3,3,QWOA Johnson,2023-11-21,2025-02-21,12346078,,-0.6494815662715162,False,Return from COBYLA because the objective function has been evaluated MAXFUN times.,1.0,0.48841354545100074,0.48841354545100074,-0.6494815662715162,-0.7136031737638825,0.1111335129459028,00010101,-0.7136031737638825,
16,W2,8,3,3,QWOA complete / Grover-equivalent,2023-11-21,2025-02-21,12346078,,-0.5987203155594886,False,Return from COBYLA because the objective function has been evaluated MAXFUN times.,1.0,0.19212153873200252,0.19212153873200252,-0.5987203155594886,-0.7136031737638825,0.19911128414926726,00010101,-0.7136031737638825,
16,W2,8,3,3,QWOA weighted Johnson cost alpha=0.25,2023-11-21,2025-02-21,12345678,,-0.6711151178943624,False,Return from COBYLA because the objective function has been evaluated MAXFUN times.,1.0,0.5865154900079449,0.5865154900079449,-0.6711151178943624,-0.7136031737638825,0.07363893532431624,00010101,-0.7136031737638825,
16,W2,8,3,3,QWOA weighted Johnson cost alpha=0.5,2023-11-21,2025-02-21,12345678,,-0.6524650122354241,False,Return from COBYLA because the objective function has been evaluated MAXFUN times.,1.0,0.4848038845668258,0.4848038845668258,-0.6524650122354241,-0.7136031737638825,0.10596270011665754,00010101,-0.7136031737638825,
16,W2,8,3,3,QWOA weighted Johnson cost alpha=1.0,2023-11-21,2025-02-21,12346078,,-0.6645564961713493,False,Return from COBYLA because the objective function has been evaluated MAXFUN times.,1.0,0.5374678861053078,0.5374678861053078,-0.6645564961713493,-0.7136031737638825,0.08500612807987112,00010101,-0.7136031737638825,
16,W2,8,3,3,QWOA weighted Johnson cost alpha=2.0,2023-11-21,2025-02-21,12345878,,-0.5903176793795846,False,Return from COBYLA because the objective function has been evaluated MAXFUN times.,1.0,0.3107472587620463,0.3107472587620463,-0.5903176793795846,-0.7136031737638825,0.21367446360153292,00010101,-0.7136031737638825,
17,W2,8,4,1,QWOA Johnson,2023-11-21,2025-02-21,12345678,,-0.7421998084537248,True,Return from COBYLA because the trust region radius reaches its lower bound.,1.0,0.3949536899419706,0.3949536899419706,-0.7421998084537248,-0.8362323751981648,0.14263503339099398,00011101,-0.8362323751981648,
17,W2,8,4,1,QWOA complete / Grover-equivalent,2023-11-21,2025-02-21,12345678,,-0.6206589991400324,True,Return from COBYLA because the trust region radius reaches its lower bound.,1.0,0.057701228136224504,0.057701228136224504,-0.6206589991400324,-0.8362323751981648,0.3269964519401902,00011101,-0.8362323751981648,
17,W2,8,4,1,QWOA weighted Johnson cost alpha=0.25,2023-11-21,2025-02-21,12345678,,-0.7393037094280392,True,Return from COBYLA because the trust region radius reaches its lower bound.,1.0,0.359678494253684,0.359678494253684,-0.7393037094280392,-0.8362323751981648,0.14702803461954664,00011101,-0.8362323751981648,
17,W2,8,4,1,QWOA weighted Johnson cost alpha=0.5,2023-11-21,2025-02-21,12345878,,-0.7332374751570079,True,Return from COBYLA because the trust region radius reaches its lower bound.,1.0,0.3096880847913221,0.3096880847913221,-0.7332374751570079,-0.8362323751981648,0.1562297139713156,00011101,-0.8362323751981648,
17,W2,8,4,1,QWOA weighted Johnson cost alpha=1.0,2023-11-21,2025-02-21,12346078,,-0.7142735020195694,True,Return from COBYLA because the trust region radius reaches its lower bound.,1.0,0.19451768822399235,0.19451768822399235,-0.7142735020195694,-0.8362323751981648,0.18499556643428036,00011101,-0.8362323751981648,
17,W2,8,4,1,QWOA weighted Johnson cost alpha=2.0,2023-11-21,2025-02-21,12345878,,-0.6646308818102454,True,Return from COBYLA because the trust region radius reaches its lower bound.,1.0,0.029163482733016454,0.029163482733016454,-0.6646308818102454,-0.8362323751981648,0.26029689060654676,01011001,-0.7208707175346951,
17,W2,8,4,2,QWOA Johnson,2023-11-21,2025-02-21,12345678,,-0.7902497422003694,False,Return from COBYLA because the objective function has been evaluated MAXFUN times.,1.0,0.6546780586897257,0.6546780586897257,-0.7902497422003694,-0.8362323751981648,0.06974960505833672,00011101,-0.8362323751981648,
17,W2,8,4,2,QWOA complete / Grover-equivalent,2023-11-21,2025-02-21,12345878,,-0.6712085820982061,False,Return from COBYLA because the objective function has been evaluated MAXFUN times.,1.0,0.113835853969123,0.113835853969123,-0.6712085820982061,-0.8362323751981648,0.25031938459249664,00011101,-0.8362323751981648,
17,W2,8,4,2,QWOA weighted Johnson cost alpha=0.25,2023-11-21,2025-02-21,12345978,,-0.7855426388385847,False,Return from COBYLA because the objective function has been evaluated MAXFUN times.,1.0,0.6199320621634524,0.6199320621634524,-0.7855426388385847,-0.8362323751981648,0.07688966161988664,00011101,-0.8362323751981648,
17,W2,8,4,2,QWOA weighted Johnson cost alpha=0.5,2023-11-21,2025-02-21,12345878,,-0.766922113534587,False,Return from COBYLA because the objective function has been evaluated MAXFUN times.,1.0,0.47149992299848764,0.47149992299848764,-0.766922113534587,-0.8362323751981648,0.1051345489014582,00011101,-0.8362323751981648,
17,W2,8,4,2,QWOA weighted Johnson cost alpha=1.0,2023-11-21,2025-02-21,12345978,,-0.75668186458949,False,Return from COBYLA because the objective function has been evaluated MAXFUN times.,1.0,0.41173763811033237,0.41173763811033237,-0.75668186458949,-0.8362323751981648,0.12066765940545654,00011101,-0.8362323751981648,
17,W2,8,4,2,QWOA weighted Johnson cost alpha=2.0,2023-11-21,2025-02-21,12345678,,-0.7139234764240835,False,Return from COBYLA because the objective function has been evaluated MAXFUN times.,1.0,0.1465179031962465,0.1465179031962465,-0.7139234764240835,-0.8362323751981648,0.18552650921536518,00011101,-0.8362323751981648,
17,W2,8,4,3,QWOA Johnson,2023-11-21,2025-02-21,12345878,,-0.7850384181090642,False,Return from COBYLA because the objective function has been evaluated MAXFUN times.,1.0,0.5941120334021497,0.5941120334021497,-0.7850384181090642,-0.8362323751981648,0.0776544981343152,00011101,-0.8362323751981648,
17,W2,8,4,3,QWOA complete / Grover-equivalent,2023-11-21,2025-02-21,12345678,,-0.6896823421498514,False,Return from COBYLA because the objective function has been evaluated MAXFUN times.,1.0,0.14764028491213535,0.14764028491213535,-0.6896823421498514,-0.8362323751981648,0.2222971208911877,00011101,-0.8362323751981648,
17,W2,8,4,3,QWOA weighted Johnson cost alpha=0.25,2023-11-21,2025-02-21,12345978,,-0.7802985780577888,False,Return from COBYLA because the objective function has been evaluated MAXFUN times.,1.0,0.5679855908315277,0.5679855908315277,-0.7802985780577888,-0.8362323751981648,0.08484421194718,00011101,-0.8362323751981648,
17,W2,8,4,3,QWOA weighted Johnson cost alpha=0.5,2023-11-21,2025-02-21,12345678,,-0.7719064417610411,False,Return from COBYLA because the objective function has been evaluated MAXFUN times.,1.0,0.49410666612071813,0.49410666612071813,-0.7719064417610411,-0.8362323751981648,0.09757397869024471,00011101,-0.8362323751981648,
17,W2,8,4,3,QWOA weighted Johnson cost alpha=1.0,2023-11-21,2025-02-21,12346078,,-0.7687892368379878,False,Return from COBYLA because the objective function has been evaluated MAXFUN times.,1.0,0.483240051231069,0.483240051231069,-0.7687892368379878,-0.8362323751981648,0.10230236847773883,00011101,-0.8362323751981648,
17,W2,8,4,3,QWOA weighted Johnson cost alpha=2.0,2023-11-21,2025-02-21,12345878,,-0.7267277409577239,False,Return from COBYLA because the objective function has been evaluated MAXFUN times.,1.0,0.20902903635547523,0.20902903635547523,-0.7267277409577239,-0.8362323751981648,0.16610412437005412,00011101,-0.8362323751981648,
18,W3,5,2,1,Penalty QAOA transverse mixer,2022-08-24,2023-11-20,12345978,0.01,-0.06418594420535359,False,Return from COBYLA because the objective function has been evaluated MAXFUN times.,0.5249081833765546,0.14032581319774903,0.2793147693732353,-0.07129953476996131,-0.13407697888541342,0.2357583327182709,00110,-0.13407697888541342,-0.08961761392421792
18,W3,5,2,1,QWOA Johnson,2022-08-24,2023-11-20,12345878,,-0.11600571664558637,False,Return from COBYLA because the objective function has been evaluated MAXFUN times.,1.0,0.39753905969486064,0.7949404868561719,-0.11600571664558637,-0.13407697888541342,0.09582796919152642,00110,-0.13407697888541342,
18,W3,5,2,1,QWOA complete / Grover-equivalent,2022-08-24,2023-11-20,12346078,,-0.10398461707775658,False,Return from COBYLA because the objective function has been evaluated MAXFUN times.,1.0,0.3126881114862625,0.6070468102233776,-0.10398461707775658,-0.13407697888541342,0.15957324297187578,00110,-0.13407697888541342,
18,W3,5,2,1,QWOA weighted Johnson cost alpha=0.25,2022-08-24,2023-11-20,12345778,,-0.11769660843424874,False,Return from COBYLA because the objective function has been evaluated MAXFUN times.,1.0,0.41373366100218656,0.8128240682464853,-0.11769660843424874,-0.13407697888541342,0.08686153817637375,00110,-0.13407697888541342,
18,W3,5,2,1,QWOA weighted Johnson cost alpha=0.5,2022-08-24,2023-11-20,12345778,,-0.11410938475380024,False,Return from COBYLA because the objective function has been evaluated MAXFUN times.,1.0,0.3924708135638477,0.763533498138859,-0.11410938475380024,-0.13407697888541342,0.10588380434522678,00110,-0.13407697888541342,
18,W3,5,2,1,QWOA weighted Johnson cost alpha=1.0,2022-08-24,2023-11-20,12346078,,-0.09165161870053008,True,Return from COBYLA because the trust region radius reaches its lower bound.,1.0,0.3104545978594071,0.6186247657336983,-0.09165161870053008,-0.13407697888541342,0.22497244823200138,00110,-0.13407697888541342,
18,W3,5,2,1,QWOA weighted Johnson cost alpha=2.0,2022-08-24,2023-11-20,12345878,,-0.055047296863415515,False,Return from COBYLA because the objective function has been evaluated MAXFUN times.,1.0,0.22987680726693085,0.4478699404327069,-0.055047296863415515,-0.13407697888541342,0.41907719745937483,00110,-0.13407697888541342,
18,W3,5,2,2,Penalty QAOA transverse mixer,2022-08-24,2023-11-20,12345878,0.01,-0.10353288440036221,False,Return from COBYLA because the objective function has been evaluated MAXFUN times.,0.47054442458137097,0.2078553883170358,0.41769062309052934,-0.10947683003901289,-0.13407697888541342,0.06789377686242598,00110,-0.13407697888541342,-0.12127355357561678
18,W3,5,2,2,QWOA Johnson,2022-08-24,2023-11-20,12345778,,-0.10792914050992786,False,Return from COBYLA because the objective function has been evaluated MAXFUN times.,1.0,0.32597597396309386,0.6683602847649487,-0.10792914050992786,-0.13407697888541342,0.13865629401076213,10010,-0.12661396524977162,
18,W3,5,2,2,QWOA complete / Grover-equivalent,2022-08-24,2023-11-20,12345778,,-0.1079448570427852,False,Return from COBYLA because the objective function has been evaluated MAXFUN times.,1.0,0.3417639450395762,0.6547034583390537,-0.1079448570427852,-0.13407697888541342,0.1385729526588154,00110,-0.13407697888541342,
18,W3,5,2,2,QWOA weighted Johnson cost alpha=0.25,2022-08-24,2023-11-20,12345778,,-0.12099492990486788,False,Return from COBYLA because the objective function has been evaluated MAXFUN times.,1.0,0.4271395472188251,0.8517429113060724,-0.12099492990486788,-0.13407697888541342,0.06937125752659964,00110,-0.13407697888541342,
18,W3,5,2,2,QWOA weighted Johnson cost alpha=0.5,2022-08-24,2023-11-20,12346078,,-0.12306046453437049,False,Return from COBYLA because the objective function has been evaluated MAXFUN times.,1.0,0.44974853513167123,0.8854343632074797,-0.12306046453437049,-0.13407697888541342,0.058418177093525175,00110,-0.13407697888541342,
18,W3,5,2,2,QWOA weighted Johnson cost alpha=1.0,2022-08-24,2023-11-20,12345878,,-0.10753973378145791,False,Return from COBYLA because the objective function has been evaluated MAXFUN times.,1.0,0.42559609979279217,0.7539262679175089,-0.10753973378145791,-0.13407697888541342,0.14072123311039791,00110,-0.13407697888541342,
18,W3,5,2,2,QWOA weighted Johnson cost alpha=2.0,2022-08-24,2023-11-20,12345978,,-0.06858858491872276,False,Return from COBYLA because the objective function has been evaluated MAXFUN times.,1.0,0.27005905216347786,0.5479348895647314,-0.06858858491872276,-0.13407697888541342,0.3472706951046181,10010,-0.12661396524977162,
18,W3,5,2,3,Penalty QAOA transverse mixer,2022-08-24,2023-11-20,12345678,0.01,-0.10637725858610494,False,Return from COBYLA because the objective function has been evaluated MAXFUN times.,0.5164644612457415,0.2319090591758028,0.46069229177673443,-0.11170396891510634,-0.13407697888541342,0.06198567114926391,00110,-0.13407697888541342,-0.12238770561894959
18,W3,5,2,3,QWOA Johnson,2022-08-24,2023-11-20,12345678,,-0.11111858151291648,False,Return from COBYLA because the objective function has been evaluated MAXFUN times.,1.0,0.35469205911865787,0.7143798407259887,-0.11111858151291648,-0.13407697888541342,0.12174338277543105,10010,-0.12661396524977162,
18,W3,5,2,3,QWOA complete / Grover-equivalent,2022-08-24,2023-11-20,12345678,,-0.11002369495893587,False,Return from COBYLA because the objective function has been evaluated MAXFUN times.,1.0,0.35303622305391325,0.6740157960693315,-0.11002369495893587,-0.13407697888541342,0.12754932779303127,00110,-0.13407697888541342,
18,W3,5,2,3,QWOA weighted Johnson cost alpha=0.25,2022-08-24,2023-11-20,12345678,,-0.11354214813643124,False,Return from COBYLA because the objective function has been evaluated MAXFUN times.,1.0,0.37350887450572295,0.7647174174584361,-0.11354214813643124,-0.13407697888541342,0.10889173662865882,10010,-0.12661396524977162,
18,W3,5,2,3,QWOA weighted Johnson cost alpha=0.5,2022-08-24,2023-11-20,12346078,,-0.12172801725830086,False,Return from COBYLA because the objective function has been evaluated MAXFUN times.,1.0,0.43238506494364487,0.8543359687983823,-0.12172801725830086,-0.13407697888541342,0.06548385489876052,00110,-0.13407697888541342,
18,W3,5,2,3,QWOA weighted Johnson cost alpha=1.0,2022-08-24,2023-11-20,12345878,,-0.11231948849821893,False,Return from COBYLA because the objective function has been evaluated MAXFUN times.,1.0,0.3772333977401729,0.7224479867657869,-0.11231948849821893,-0.13407697888541342,0.11537523449324699,00110,-0.13407697888541342,
18,W3,5,2,3,QWOA weighted Johnson cost alpha=2.0,2022-08-24,2023-11-20,12345678,,-0.0633543975790203,False,Return from COBYLA because the objective function has been evaluated MAXFUN times.,1.0,0.2783201025896653,0.5213273437715773,-0.0633543975790203,-0.13407697888541342,0.3750264509823816,00110,-0.13407697888541342,
19,W3,5,3,1,Penalty QAOA transverse mixer,2022-08-24,2023-11-20,12345678,1.0,0.44164884223970896,True,Return from COBYLA because the trust region radius reaches its lower bound.,0.6176495930086826,0.07398025030360308,0.07398025030360308,-0.010929037805991085,-0.08475542146388804,0.38988357953927844,10110,-0.08475542146388804,-0.002640072493603717
19,W3,5,3,1,QWOA Johnson,2022-08-24,2023-11-20,12345778,,-0.055274969343478635,False,Return from COBYLA because the objective function has been evaluated MAXFUN times.,1.0,0.25401228979276463,0.25401228979276463,-0.055274969343478635,-0.08475542146388804,0.13997315171005273,10110,-0.08475542146388804,
19,W3,5,3,1,QWOA complete / Grover-equivalent,2022-08-24,2023-11-20,12345678,,-0.050946771095619826,False,Return from COBYLA because the objective function has been evaluated MAXFUN times.,1.0,0.2286340508243383,0.2286340508243383,-0.050946771095619826,-0.08475542146388804,0.16052343185854837,10110,-0.08475542146388804,
19,W3,5,3,1,QWOA weighted Johnson cost alpha=0.25,2022-08-24,2023-11-20,12345878,,-0.05636381643266966,False,Return from COBYLA because the objective function has been evaluated MAXFUN times.,1.0,0.2522485922099816,0.2522485922099816,-0.05636381643266966,-0.08475542146388804,0.1348033070217187,10110,-0.08475542146388804,
19,W3,5,3,1,QWOA weighted Johnson cost alpha=0.5,2022-08-24,2023-11-20,12345978,,-0.05410860717278974,False,Return from COBYLA because the objective function has been evaluated MAXFUN times.,1.0,0.2190453472085763,0.2190453472085763,-0.05410860717278974,-0.08475542146388804,0.14551103791342201,10011,-0.05772440734820619,
19,W3,5,3,1,QWOA weighted Johnson cost alpha=1.0,2022-08-24,2023-11-20,12345978,,-0.04918949914744914,True,Return from COBYLA because the trust region radius reaches its lower bound.,1.0,0.14581013173418678,0.14581013173418678,-0.04918949914744914,-0.08475542146388804,0.16886695698470575,10011,-0.05772440734820619,
19,W3,5,3,1,QWOA weighted Johnson cost alpha=2.0,2022-08-24,2023-11-20,12345778,,-0.00752357758985151,False,Return from COBYLA because the objective function has been evaluated MAXFUN times.,1.0,0.16569942677018423,0.16569942677018423,-0.00752357758985151,-0.08475542146388804,0.36669670313310976,10011,-0.05772440734820619,
19,W3,5,3,2,Penalty QAOA transverse mixer,2022-08-24,2023-11-20,12345778,0.1,0.009625975024297797,False,Return from COBYLA because the objective function has been evaluated MAXFUN times.,0.7360545452068563,0.10947317100661211,0.10947317100661211,-0.022307747326056292,-0.08475542146388804,0.3283640421234921,10110,-0.08475542146388804,-0.015597012843226302
19,W3,5,3,2,QWOA Johnson,2022-08-24,2023-11-20,12345778,,-0.05447818226596226,False,Return from COBYLA because the objective function has been evaluated MAXFUN times.,1.0,0.23095410028505728,0.23095410028505728,-0.05447818226596226,-0.08475542146388804,0.14375629580927765,10011,-0.05772440734820619,
19,W3,5,3,2,QWOA complete / Grover-equivalent,2022-08-24,2023-11-20,12345778,,-0.05213759280641462,False,Return from COBYLA because the objective function has been evaluated MAXFUN times.,1.0,0.23941502761220698,0.23941502761220698,-0.05213759280641462,-0.08475542146388804,0.1548694117877602,10110,-0.08475542146388804,
19,W3,5,3,2,QWOA weighted Johnson cost alpha=0.25,2022-08-24,2023-11-20,12345878,,-0.057316483684902796,False,Return from COBYLA because the objective function has been evaluated MAXFUN times.,1.0,0.2605538350652236,0.2605538350652236,-0.057316483684902796,-0.08475542146388804,0.1302800440377799,10110,-0.08475542146388804,
19,W3,5,3,2,QWOA weighted Johnson cost alpha=0.5,2022-08-24,2023-11-20,12345778,,-0.057780767895495126,False,Return from COBYLA because the objective function has been evaluated MAXFUN times.,1.0,0.26864598915456134,0.26864598915456134,-0.057780767895495126,-0.08475542146388804,0.12807562315643148,10110,-0.08475542146388804,
19,W3,5,3,2,QWOA weighted Johnson cost alpha=1.0,2022-08-24,2023-11-20,12345778,,-0.0528570473056643,False,Return from COBYLA because the objective function has been evaluated MAXFUN times.,1.0,0.197382702824184,0.197382702824184,-0.0528570473056643,-0.08475542146388804,0.15145344267844532,10011,-0.05772440734820619,
19,W3,5,3,2,QWOA weighted Johnson cost alpha=2.0,2022-08-24,2023-11-20,12345678,,-0.029981128207912898,False,Return from COBYLA because the objective function has been evaluated MAXFUN times.,1.0,0.24847546394010153,0.24847546394010153,-0.029981128207912898,-0.08475542146388804,0.26006827942851285,10110,-0.08475542146388804,
19,W3,5,3,3,Penalty QAOA transverse mixer,2022-08-24,2023-11-20,12345978,0.1,-0.009516469510595186,False,Return from COBYLA because the objective function has been evaluated MAXFUN times.,0.6750213078891297,0.13331375632718967,0.13331375632718967,-0.0465663397701689,-0.08475542146388804,0.24418911739840035,10110,-0.08475542146388804,-0.033325518687243184
19,W3,5,3,3,QWOA Johnson,2022-08-24,2023-11-20,12345878,,-0.05364527766363265,False,Return from COBYLA because the objective function has been evaluated MAXFUN times.,1.0,0.21983883500808385,0.21983883500808385,-0.05364527766363265,-0.08475542146388804,0.14771092587348797,10011,-0.05772440734820619,
19,W3,5,3,3,QWOA complete / Grover-equivalent,2022-08-24,2023-11-20,12345878,,-0.052804015591060134,False,Return from COBYLA because the objective function has been evaluated MAXFUN times.,1.0,0.24512445025983998,0.24512445025983998,-0.052804015591060134,-0.08475542146388804,0.15170523719650136,10110,-0.08475542146388804,
19,W3,5,3,3,QWOA weighted Johnson cost alpha=0.25,2022-08-24,2023-11-20,12346078,,-0.057477275805822535,False,Return from COBYLA because the objective function has been evaluated MAXFUN times.,1.0,0.26451333425792334,0.26451333425792334,-0.057477275805822535,-0.08475542146388804,0.12951660323831882,10110,-0.08475542146388804,
19,W3,5,3,3,QWOA weighted Johnson cost alpha=0.5,2022-08-24,2023-11-20,12345678,,-0.05615984811233946,False,Return from COBYLA because the objective function has been evaluated MAXFUN times.,1.0,0.2411986779477272,0.2411986779477272,-0.05615984811233946,-0.08475542146388804,0.1357717483647827,10110,-0.08475542146388804,
19,W3,5,3,3,QWOA weighted Johnson cost alpha=1.0,2022-08-24,2023-11-20,12345878,,-0.0589880013489957,False,Return from COBYLA because the objective function has been evaluated MAXFUN times.,1.0,0.23431966467058338,0.23431966467058338,-0.0589880013489957,-0.08475542146388804,0.12234368015073718,10011,-0.05772440734820619,
19,W3,5,3,3,QWOA weighted Johnson cost alpha=2.0,2022-08-24,2023-11-20,12345978,,-0.03769668625663121,False,Return from COBYLA because the objective function has been evaluated MAXFUN times.,1.0,0.23153675009974067,0.23153675009974067,-0.03769668625663121,-0.08475542146388804,0.22343481896223663,00111,-0.06790968382743401,
20,W3,6,2,1,Penalty QAOA transverse mixer,2022-08-24,2023-11-20,12345978,0.01,-0.15827050604650442,True,Return from COBYLA because the trust region radius reaches its lower bound.,0.5000075628051043,0.21720638374400025,0.21720638374400025,-0.1670852376182851,-0.3241612847040193,0.317306596222319,000101,-0.3241612847040193,-0.2040085238749334
20,W3,6,2,1,QWOA Johnson,2022-08-24,2023-11-20,12345678,,-0.2542470629686636,False,Return from COBYLA because the objective function has been evaluated MAXFUN times.,1.0,0.7078771371567045,0.7078771371567045,-0.2542470629686636,-0.3241612847040193,0.18463365779779856,000101,-0.3241612847040193,
20,W3,6,2,1,QWOA complete / Grover-equivalent,2022-08-24,2023-11-20,12345778,,-0.2008284665446299,False,Return from COBYLA because the objective function has been evaluated MAXFUN times.,1.0,0.2700950734955983,0.2700950734955983,-0.2008284665446299,-0.3241612847040193,0.3257046817952821,000101,-0.3241612847040193,
20,W3,6,2,1,QWOA weighted Johnson cost alpha=0.25,2022-08-24,2023-11-20,12345678,,-0.25558064562868504,True,Return from COBYLA because the trust region radius reaches its lower bound.,1.0,0.6802343353199333,0.6802343353199333,-0.25558064562868504,-0.3241612847040193,0.18111185295775473,000101,-0.3241612847040193,
20,W3,6,2,1,QWOA weighted Johnson cost alpha=0.5,2022-08-24,2023-11-20,12345678,,-0.24307589240194605,True,Return from COBYLA because the trust region radius reaches its lower bound.,1.0,0.5161513457997956,0.5161513457997956,-0.24307589240194605,-0.3241612847040193,0.21413515309332762,000101,-0.3241612847040193,
20,W3,6,2,1,QWOA weighted Johnson cost alpha=1.0,2022-08-24,2023-11-20,12345878,,-0.20839555377839225,True,Return from COBYLA because the trust region radius reaches its lower bound.,1.0,0.30565803767591027,0.30565803767591027,-0.20839555377839225,-0.3241612847040193,0.30572106529829646,000101,-0.3241612847040193,
20,W3,6,2,1,QWOA weighted Johnson cost alpha=2.0,2022-08-24,2023-11-20,12345978,,-0.17716032056410258,True,Return from COBYLA because the trust region radius reaches its lower bound.,1.0,0.13123920891854962,0.13123920891854962,-0.17716032056410258,-0.3241612847040193,0.3882089371128686,000011,-0.18851728439147253,
20,W3,6,2,2,Penalty QAOA transverse mixer,2022-08-24,2023-11-20,12345978,0.01,-0.27314247379472045,False,Return from COBYLA because the objective function has been evaluated MAXFUN times.,0.6943773190413065,0.6244088875564807,0.6244088875564807,-0.27702704737038597,-0.3241612847040193,0.049167690020593804,000101,-0.3241612847040193,-0.30554322327732303
20,W3,6,2,2,QWOA Johnson,2022-08-24,2023-11-20,12345778,,-0.2852691389835319,False,Return from COBYLA because the objective function has been evaluated MAXFUN times.,1.0,0.7732575957671023,0.7732575957671023,-0.2852691389835319,-0.3241612847040193,0.10270870426277302,000101,-0.3241612847040193,
20,W3,6,2,2,QWOA complete / Grover-equivalent,2022-08-24,2023-11-20,12345878,,-0.24374698178633833,False,Return from COBYLA because the objective function has been evaluated MAXFUN times.,1.0,0.528412192135974,0.528412192135974,-0.24374698178633833,-0.3241612847040193,0.21236290011426084,000101,-0.3241612847040193,
20,W3,6,2,2,QWOA weighted Johnson cost alpha=0.25,2022-08-24,2023-11-20,12345878,,-0.29023083231398294,False,Return from COBYLA because the objective function has been evaluated MAXFUN times.,1.0,0.8164865664898612,0.8164865664898612,-0.29023083231398294,-0.3241612847040193,0.08960556779449068,000101,-0.3241612847040193,
20,W3,6,2,2,QWOA weighted Johnson cost alpha=0.5,2022-08-24,2023-11-20,12345678,,-0.26993540399927535,False,Return from COBYLA because the objective function has been evaluated MAXFUN times.,1.0,0.6760366148736854,0.6760366148736854,-0.26993540399927535,-0.3241612847040193,0.14320294860353003,000101,-0.3241612847040193,
20,W3,6,2,2,QWOA weighted Johnson cost alpha=1.0,2022-08-24,2023-11-20,12346078,,-0.23530517414871083,False,Return from COBYLA because the objective function has been evaluated MAXFUN times.,1.0,0.4869788658374287,0.4869788658374287,-0.23530517414871083,-0.3241612847040193,0.23465653056416333,000101,-0.3241612847040193,
20,W3,6,2,2,QWOA weighted Johnson cost alpha=2.0,2022-08-24,2023-11-20,12345978,,-0.1875929218923118,False,Return from COBYLA because the objective function has been evaluated MAXFUN times.,1.0,0.12359347930640835,0.12359347930640835,-0.1875929218923118,-0.3241612847040193,0.360657899630614,000011,-0.18851728439147253,
20,W3,6,2,3,Penalty QAOA transverse mixer,2022-08-24,2023-11-20,12345978,0.01,-0.2792866074002478,False,Return from COBYLA because the objective function has been evaluated MAXFUN times.,0.7118002348022949,0.650095963812514,0.650095963812514,-0.282797220933518,-0.3241612847040193,0.040335761818210664,000101,-0.3241612847040193,-0.30888756143352414
20,W3,6,2,3,QWOA Johnson,2022-08-24,2023-11-20,12345778,,-0.2709063614421661,False,Return from COBYLA because the objective function has been evaluated MAXFUN times.,1.0,0.7496667234619747,0.7496667234619747,-0.2709063614421661,-0.3241612847040193,0.14063878612274733,000101,-0.3241612847040193,
20,W3,6,2,3,QWOA complete / Grover-equivalent,2022-08-24,2023-11-20,12345778,,-0.2629071673938017,False,Return from COBYLA because the objective function has been evaluated MAXFUN times.,1.0,0.6194569767115327,0.6194569767115327,-0.2629071673938017,-0.3241612847040193,0.16176353613676375,000101,-0.3241612847040193,
20,W3,6,2,3,QWOA weighted Johnson cost alpha=0.25,2022-08-24,2023-11-20,12346078,,-0.2887173706420628,False,Return from COBYLA because the objective function has been evaluated MAXFUN times.,1.0,0.7881964362171535,0.7881964362171535,-0.2887173706420628,-0.3241612847040193,0.09360240788635532,000101,-0.3241612847040193,
20,W3,6,2,3,QWOA weighted Johnson cost alpha=0.5,2022-08-24,2023-11-20,12346078,,-0.2763843062841033,False,Return from COBYLA because the objective function has been evaluated MAXFUN times.,1.0,0.719265087891035,0.719265087891035,-0.2763843062841033,-0.3241612847040193,0.12617230178984692,000101,-0.3241612847040193,
20,W3,6,2,3,QWOA weighted Johnson cost alpha=1.0,2022-08-24,2023-11-20,12346078,,-0.24154696639563408,False,Return from COBYLA because the objective function has been evaluated MAXFUN times.,1.0,0.4623722328018781,0.4623722328018781,-0.24154696639563408,-0.3241612847040193,0.21817283232425874,000101,-0.3241612847040193,
20,W3,6,2,3,QWOA weighted Johnson cost alpha=2.0,2022-08-24,2023-11-20,12346078,,-0.19918393875672305,False,Return from COBYLA because the objective function has been evaluated MAXFUN times.,1.0,0.1700500132559346,0.1700500132559346,-0.19918393875672305,-0.3241612847040193,0.3300476491243144,100001,-0.20352721113339975,
21,W3,6,3,1,Penalty QAOA transverse mixer,2022-08-24,2023-11-20,12345878,0.01,-0.1564031634466653,False,Return from COBYLA because the objective function has been evaluated MAXFUN times.,0.2704110942728704,0.059557617622579065,0.1231216100697275,-0.1695526156427547,-0.26111838029436407,0.21171537639234275,100101,-0.26111838029436407,-0.17918918584058233
21,W3,6,3,1,QWOA Johnson,2022-08-24,2023-11-20,12345978,,-0.233591965222284,True,Return from COBYLA because the trust region radius reaches its lower bound.,1.0,0.31523567960385956,0.6407273161371102,-0.233591965222284,-0.26111838029436407,0.07113172986223941,000111,-0.2590062660250054,
21,W3,6,3,1,QWOA complete / Grover-equivalent,2022-08-24,2023-11-20,12346078,,-0.17038297870442212,False,Return from COBYLA because the objective function has been evaluated MAXFUN times.,1.0,0.16693019105665494,0.33250687144600855,-0.17038297870442212,-0.26111838029436407,0.2344717268099323,100101,-0.26111838029436407,
21,W3,6,3,1,QWOA weighted Johnson cost alpha=0.25,2022-08-24,2023-11-20,12345878,,-0.2323736874050643,False,Return from COBYLA because the objective function has been evaluated MAXFUN times.,1.0,0.3210388681678466,0.6543446177916445,-0.2323736874050643,-0.26111838029436407,0.07427991346568756,000111,-0.2590062660250054,
21,W3,6,3,1,QWOA weighted Johnson cost alpha=0.5,2022-08-24,2023-11-20,12346078,,-0.22570214146136688,True,Return from COBYLA because the trust region radius reaches its lower bound.,1.0,0.31428441167749066,0.6382352537546272,-0.22570214146136688,-0.26111838029436407,0.09152003000785026,000111,-0.2590062660250054,
21,W3,6,3,1,QWOA weighted Johnson cost alpha=1.0,2022-08-24,2023-11-20,12345678,,-0.19084363476073757,True,Return from COBYLA because the trust region radius reaches its lower bound.,1.0,0.2545067026429216,0.5106325970026495,-0.19084363476073757,-0.26111838029436407,0.18159880981035426,000111,-0.2590062660250054,
21,W3,6,3,1,QWOA weighted Johnson cost alpha=2.0,2022-08-24,2023-11-20,12345978,,-0.11582881325539772,True,Return from COBYLA because the trust region radius reaches its lower bound.,1.0,0.1323047044552036,0.2661547286581656,-0.11582881325539772,-0.26111838029436407,0.3754465740400726,000111,-0.2590062660250054,
21,W3,6,3,2,Penalty QAOA transverse mixer,2022-08-24,2023-11-20,12345678,0.01,-0.2687191253077719,False,Return from COBYLA because the objective function has been evaluated MAXFUN times.,0.26207808997361354,0.10094318715998096,0.18853154793036953,-0.2778966477485841,-0.26111838029436407,0.06084845473500599,100101,-0.26111838029436407,-0.23757136653869834
21,W3,6,3,2,QWOA Johnson,2022-08-24,2023-11-20,12345678,,-0.2414052637216508,False,Return from COBYLA because the objective function has been evaluated MAXFUN times.,1.0,0.3310022731163083,0.6693771037792771,-0.2414052637216508,-0.26111838029436407,0.05094118064852367,000111,-0.2590062660250054,
21,W3,6,3,2,QWOA complete / Grover-equivalent,2022-08-24,2023-11-20,12345978,,-0.2222985426753001,False,Return from COBYLA because the objective function has been evaluated MAXFUN times.,1.0,0.2676123786472457,0.5308658955970902,-0.2222985426753001,-0.26111838029436407,0.10031535874121347,100101,-0.26111838029436407,
21,W3,6,3,2,QWOA weighted Johnson cost alpha=0.25,2022-08-24,2023-11-20,12345678,,-0.2433882413760681,False,Return from COBYLA because the objective function has been evaluated MAXFUN times.,1.0,0.34329629678560697,0.6968143221614602,-0.2433882413760681,-0.26111838029436407,0.04581691617501664,000111,-0.2590062660250054,
21,W3,6,3,2,QWOA weighted Johnson cost alpha=0.5,2022-08-24,2023-11-20,12345778,,-0.24903514783767167,False,Return from COBYLA because the objective function has been evaluated MAXFUN times.,1.0,0.3608271988180679,0.7295310011585991,-0.24903514783767167,-0.26111838029436407,0.03122459734482012,000111,-0.2590062660250054,
21,W3,6,3,2,QWOA weighted Johnson cost alpha=1.0,2022-08-24,2023-11-20,12345778,,-0.2368824777075984,False,Return from COBYLA because the objective function has been evaluated MAXFUN times.,1.0,0.3388450386553992,0.6669749266593512,-0.2368824777075984,-0.26111838029436407,0.06262863039938507,100101,-0.26111838029436407,
21,W3,6,3,2,QWOA weighted Johnson cost alpha=2.0,2022-08-24,2023-11-20,12345778,,-0.14414372822852953,False,Return from COBYLA because the objective function has been evaluated MAXFUN times.,1.0,0.17341922027367113,0.3537922214707754,-0.14414372822852953,-0.26111838029436407,0.3022772609396547,000111,-0.2590062660250054,
21,W3,6,3,3,Penalty QAOA transverse mixer,2022-08-24,2023-11-20,12345978,0.1,-0.15115766261035576,False,Return from COBYLA because the objective function has been evaluated MAXFUN times.,0.6443875196816902,0.13696369280142032,0.27118583525488704,-0.19157317725407513,-0.26111838029436407,0.21635655610960863,100101,-0.26111838029436407,-0.17739315136245276
21,W3,6,3,3,QWOA Johnson,2022-08-24,2023-11-20,12346078,,-0.24172885454720133,False,Return from COBYLA because the objective function has been evaluated MAXFUN times.,1.0,0.3320055462499672,0.6710715178463393,-0.24172885454720133,-0.26111838029436407,0.05010498112422361,000111,-0.2590062660250054,
21,W3,6,3,3,QWOA complete / Grover-equivalent,2022-08-24,2023-11-20,12345978,,-0.22649691854621734,False,Return from COBYLA because the objective function has been evaluated MAXFUN times.,1.0,0.275240798941723,0.5448977992376635,-0.22649691854621734,-0.26111838029436407,0.0894662257346733,100101,-0.26111838029436407,
21,W3,6,3,3,QWOA weighted Johnson cost alpha=0.25,2022-08-24,2023-11-20,12346078,,-0.2477948741424783,False,Return from COBYLA because the objective function has been evaluated MAXFUN times.,1.0,0.35116709356318876,0.7172898928494194,-0.2477948741424783,-0.26111838029436407,0.034429621072418405,000111,-0.2590062660250054,
21,W3,6,3,3,QWOA weighted Johnson cost alpha=0.5,2022-08-24,2023-11-20,12346078,,-0.24908632177586787,False,Return from COBYLA because the objective function has been evaluated MAXFUN times.,1.0,0.36143080218071627,0.7308207504361606,-0.24908632177586787,-0.26111838029436407,0.03109235743133239,000111,-0.2590062660250054,
21,W3,6,3,3,QWOA weighted Johnson cost alpha=1.0,2022-08-24,2023-11-20,12346078,,-0.23825095129068938,False,Return from COBYLA because the objective function has been evaluated MAXFUN times.,1.0,0.34167773734382456,0.6725250432265482,-0.23825095129068938,-0.26111838029436407,0.05909232198504413,100101,-0.26111838029436407,
21,W3,6,3,3,QWOA weighted Johnson cost alpha=2.0,2022-08-24,2023-11-20,12346078,,-0.13722020074893335,False,Return from COBYLA because the objective function has been evaluated MAXFUN times.,1.0,0.19000282050298062,0.38328599304836397,-0.13722020074893335,-0.26111838029436407,0.3201685295659114,000111,-0.2590062660250054,
22,W3,6,4,1,Penalty QAOA transverse mixer,2022-08-24,2023-11-20,12345678,10.0,10.90711791222373,False,Return from COBYLA because the objective function has been evaluated MAXFUN times.,0.4087326111551444,0.04775042927488719,0.04775042927488719,-0.0504044092421127,-0.17735071752122883,0.3718751257825455,100111,-0.17735071752122883,-0.031938058539821776
22,W3,6,4,1,QWOA Johnson,2022-08-24,2023-11-20,12345878,,-0.13118631259691513,True,Return from COBYLA because the trust region radius reaches its lower bound.,1.0,0.35117158782985286,0.35117158782985286,-0.13118631259691513,-0.17735071752122883,0.11805983061007504,100111,-0.17735071752122883,
22,W3,6,4,1,QWOA complete / Grover-equivalent,2022-08-24,2023-11-20,12345778,,-0.09268749299930236,False,Return from COBYLA because the objective function has been evaluated MAXFUN times.,1.0,0.20256538254376896,0.20256538254376896,-0.09268749299930236,-0.17735071752122883,0.2165158624344595,100111,-0.17735071752122883,
22,W3,6,4,1,QWOA weighted Johnson cost alpha=0.25,2022-08-24,2023-11-20,12346078,,-0.1336552417163416,True,Return from COBYLA because the trust region radius reaches its lower bound.,1.0,0.36703564458121946,0.36703564458121946,-0.1336552417163416,-0.17735071752122883,0.11174584575300488,100111,-0.17735071752122883,
22,W3,6,4,1,QWOA weighted Johnson cost alpha=0.5,2022-08-24,2023-11-20,12345678,,-0.13417822282512698,True,Return from COBYLA because the trust region radius reaches its lower bound.,1.0,0.37633327021812507,0.37633327021812507,-0.13417822282512698,-0.17735071752122883,0.1104083854041344,100111,-0.17735071752122883,
22,W3,6,4,1,QWOA weighted Johnson cost alpha=1.0,2022-08-24,2023-11-20,12345678,,-0.1266542067562508,True,Return from COBYLA because the trust region radius reaches its lower bound.,1.0,0.35533173482322017,0.35533173482322017,-0.1266542067562508,-0.17735071752122883,0.12965013809336198,100111,-0.17735071752122883,
22,W3,6,4,1,QWOA weighted Johnson cost alpha=2.0,2022-08-24,2023-11-20,12345878,,-0.07794250348693947,True,Return from COBYLA because the trust region radius reaches its lower bound.,1.0,0.2531205460536944,0.2531205460536944,-0.07794250348693947,-0.17735071752122883,0.25422437328889186,001111,-0.15684194811889263,
22,W3,6,4,2,Penalty QAOA transverse mixer,2022-08-24,2023-11-20,12345978,0.1,-0.020949612815873448,False,Return from COBYLA because the objective function has been evaluated MAXFUN times.,0.6341235085543575,0.08109082428224595,0.08109082428224595,-0.06620300919006411,-0.17735071752122883,0.35292664008187685,100111,-0.17735071752122883,-0.039347399736298014
22,W3,6,4,2,QWOA Johnson,2022-08-24,2023-11-20,12345778,,-0.13355334539109812,False,Return from COBYLA because the objective function has been evaluated MAXFUN times.,1.0,0.36792433517540307,0.36792433517540307,-0.13355334539109812,-0.17735071752122883,0.112006433167004,100111,-0.17735071752122883,
22,W3,6,4,2,QWOA complete / Grover-equivalent,2022-08-24,2023-11-20,12345878,,-0.12856047753867947,False,Return from COBYLA because the objective function has been evaluated MAXFUN times.,1.0,0.3081292524092984,0.3081292524092984,-0.12856047753867947,-0.17735071752122883,0.12477508325317854,100111,-0.17735071752122883,
22,W3,6,4,2,QWOA weighted Johnson cost alpha=0.25,2022-08-24,2023-11-20,12345778,,-0.14016099322138245,False,Return from COBYLA because the objective function has been evaluated MAXFUN times.,1.0,0.39545284357874627,0.39545284357874627,-0.14016099322138245,-0.17735071752122883,0.09510818039295948,100111,-0.17735071752122883,
22,W3,6,4,2,QWOA weighted Johnson cost alpha=0.5,2022-08-24,2023-11-20,12346078,,-0.14945743539997755,False,Return from COBYLA because the objective function has been evaluated MAXFUN times.,1.0,0.44801824912451177,0.44801824912451177,-0.14945743539997755,-0.17735071752122883,0.07133366427646888,100111,-0.17735071752122883,
22,W3,6,4,2,QWOA weighted Johnson cost alpha=1.0,2022-08-24,2023-11-20,12345778,,-0.14194952315902917,False,Return from COBYLA because the objective function has been evaluated MAXFUN times.,1.0,0.42818164141388776,0.42818164141388776,-0.14194952315902917,-0.17735071752122883,0.09053423339145897,100111,-0.17735071752122883,
22,W3,6,4,2,QWOA weighted Johnson cost alpha=2.0,2022-08-24,2023-11-20,12345778,,-0.12405785770627333,False,Return from COBYLA because the objective function has been evaluated MAXFUN times.,1.0,0.36967584383012464,0.36967584383012464,-0.12405785770627333,-0.17735071752122883,0.1362899838695074,001111,-0.15684194811889263,
22,W3,6,4,3,Penalty QAOA transverse mixer,2022-08-24,2023-11-20,12345878,0.1,-0.0788638766252787,False,Return from COBYLA because the objective function has been evaluated MAXFUN times.,0.512088500525945,0.13753318453878627,0.13753318453878627,-0.144022606529957,-0.17735071752122883,0.18016820356070043,100111,-0.17735071752122883,-0.1069003546782335
22,W3,6,4,3,QWOA Johnson,2022-08-24,2023-11-20,12346078,,-0.1433593678856932,False,Return from COBYLA because the objective function has been evaluated MAXFUN times.,1.0,0.4086720685260779,0.4086720685260779,-0.1433593678856932,-0.17735071752122883,0.08692872759344533,100111,-0.17735071752122883,
22,W3,6,4,3,QWOA complete / Grover-equivalent,2022-08-24,2023-11-20,12345978,,-0.1302008691533817,False,Return from COBYLA because the objective function has been evaluated MAXFUN times.,1.0,0.31036965927029103,0.31036965927029103,-0.1302008691533817,-0.17735071752122883,0.12057998193034239,100111,-0.17735071752122883,
22,W3,6,4,3,QWOA weighted Johnson cost alpha=0.25,2022-08-24,2023-11-20,12346078,,-0.14244568826425083,False,Return from COBYLA because the objective function has been evaluated MAXFUN times.,1.0,0.4035452951020605,0.4035452951020605,-0.14244568826425083,-0.17735071752122883,0.08926535169845035,100111,-0.17735071752122883,
22,W3,6,4,3,QWOA weighted Johnson cost alpha=0.5,2022-08-24,2023-11-20,12346078,,-0.14164157692306237,False,Return from COBYLA because the objective function has been evaluated MAXFUN times.,1.0,0.4073096069907168,0.4073096069907168,-0.14164157692306237,-0.17735071752122883,0.09132176830098195,100111,-0.17735071752122883,
22,W3,6,4,3,QWOA weighted Johnson cost alpha=1.0,2022-08-24,2023-11-20,12346078,,-0.14970431707728185,False,Return from COBYLA because the objective function has been evaluated MAXFUN times.,1.0,0.42317162280225873,0.42317162280225873,-0.14970431707728185,-0.17735071752122883,0.0707022945219781,100111,-0.17735071752122883,
22,W3,6,4,3,QWOA weighted Johnson cost alpha=2.0,2022-08-24,2023-11-20,12345778,,-0.13560678108899635,False,Return from COBYLA because the objective function has been evaluated MAXFUN times.,1.0,0.37753426128083556,0.37753426128083556,-0.13560678108899635,-0.17735071752122883,0.10675502201895593,100111,-0.17735071752122883,
23,W3,7,3,1,QWOA Johnson,2022-08-24,2023-11-20,12346078,,-0.262765277488503,True,Return from COBYLA because the trust region radius reaches its lower bound.,1.0,0.4358659913033494,0.4358659913033494,-0.262765277488503,-0.32420263189841325,0.1365085678827398,0001011,-0.32420263189841325,
23,W3,7,3,1,QWOA complete / Grover-equivalent,2022-08-24,2023-11-20,12345978,,-0.17853720201611828,False,Return from COBYLA because the objective function has been evaluated MAXFUN times.,1.0,0.11362587050678669,0.11362587050678669,-0.17853720201611828,-0.32420263189841325,0.3236561765108853,0001011,-0.32420263189841325,
23,W3,7,3,1,QWOA weighted Johnson cost alpha=0.25,2022-08-24,2023-11-20,12345778,,-0.2602195715073758,True,Return from COBYLA because the trust region radius reaches its lower bound.,1.0,0.4139160803133356,0.4139160803133356,-0.2602195715073758,-0.32420263189841325,0.14216490971373083,0001011,-0.32420263189841325,
23,W3,7,3,1,QWOA weighted Johnson cost alpha=0.5,2022-08-24,2023-11-20,12345878,,-0.25345807981520324,True,Return from COBYLA because the trust region radius reaches its lower bound.,1.0,0.36748933480743523,0.36748933480743523,-0.25345807981520324,-0.32420263189841325,0.15718836826780933,0001011,-0.32420263189841325,
23,W3,7,3,1,QWOA weighted Johnson cost alpha=1.0,2022-08-24,2023-11-20,12346078,,-0.22939782971822764,True,Return from COBYLA because the trust region radius reaches its lower bound.,1.0,0.23825880515421627,0.23825880515421627,-0.22939782971822764,-0.32420263189841325,0.21064819438149512,0001011,-0.32420263189841325,
23,W3,7,3,1,QWOA weighted Johnson cost alpha=2.0,2022-08-24,2023-11-20,12346078,,-0.1761483855954149,True,Return from COBYLA because the trust region radius reaches its lower bound.,1.0,0.06089890799484201,0.06089890799484201,-0.1761483855954149,-0.32420263189841325,0.3289639231034435,1001010,-0.26111838029436407,
23,W3,7,3,2,QWOA Johnson,2022-08-24,2023-11-20,12346078,,-0.2863600153900643,False,Return from COBYLA because the objective function has been evaluated MAXFUN times.,1.0,0.5477826517260446,0.5477826517260446,-0.2863600153900643,-0.32420263189841325,0.08408307021203959,0001011,-0.32420263189841325,
23,W3,7,3,2,QWOA complete / Grover-equivalent,2022-08-24,2023-11-20,12345878,,-0.22693240248276,False,Return from COBYLA because the objective function has been evaluated MAXFUN times.,1.0,0.2199541089506286,0.2199541089506286,-0.22693240248276,-0.32420263189841325,0.21612616367827364,0001011,-0.32420263189841325,
23,W3,7,3,2,QWOA weighted Johnson cost alpha=0.25,2022-08-24,2023-11-20,12345978,,-0.28312117698108497,False,Return from COBYLA because the objective function has been evaluated MAXFUN times.,1.0,0.5311267370143982,0.5311267370143982,-0.28312117698108497,-0.32420263189841325,0.09127949325238553,0001011,-0.32420263189841325,
23,W3,7,3,2,QWOA weighted Johnson cost alpha=0.5,2022-08-24,2023-11-20,12345778,,-0.27506879378340154,False,Return from COBYLA because the objective function has been evaluated MAXFUN times.,1.0,0.47814599574735234,0.47814599574735234,-0.27506879378340154,-0.32420263189841325,0.10917120276553946,0001011,-0.32420263189841325,
23,W3,7,3,2,QWOA weighted Johnson cost alpha=1.0,2022-08-24,2023-11-20,12345778,,-0.2552108238629166,False,Return from COBYLA because the objective function has been evaluated MAXFUN times.,1.0,0.3693737439123104,0.3693737439123104,-0.2552108238629166,-0.32420263189841325,0.15329392030343292,0001011,-0.32420263189841325,
23,W3,7,3,2,QWOA weighted Johnson cost alpha=2.0,2022-08-24,2023-11-20,12345778,,-0.21290881850337637,False,Return from COBYLA because the objective function has been evaluated MAXFUN times.,1.0,0.16897500608964647,0.16897500608964647,-0.21290881850337637,-0.32420263189841325,0.24728537266433306,0001011,-0.32420263189841325,
23,W3,7,3,3,QWOA Johnson,2022-08-24,2023-11-20,12346078,,-0.2812599457223332,False,Return from COBYLA because the objective function has been evaluated MAXFUN times.,1.0,0.5221967635687856,0.5221967635687856,-0.2812599457223332,-0.32420263189841325,0.09541499055807368,0001011,-0.32420263189841325,
23,W3,7,3,3,QWOA complete / Grover-equivalent,2022-08-24,2023-11-20,12345978,,-0.24464291500690508,False,Return from COBYLA because the objective function has been evaluated MAXFUN times.,1.0,0.2775982195853825,0.2775982195853825,-0.24464291500690508,-0.32420263189841325,0.17677491354126598,0001011,-0.32420263189841325,
23,W3,7,3,3,QWOA weighted Johnson cost alpha=0.25,2022-08-24,2023-11-20,12346078,,-0.28051925593731136,False,Return from COBYLA because the objective function has been evaluated MAXFUN times.,1.0,0.5123588401210851,0.5123588401210851,-0.28051925593731136,-0.32420263189841325,0.09706074016382812,0001011,-0.32420263189841325,
23,W3,7,3,3,QWOA weighted Johnson cost alpha=0.5,2022-08-24,2023-11-20,12346078,,-0.27463625573348693,False,Return from COBYLA because the objective function has been evaluated MAXFUN times.,1.0,0.48223487024804357,0.48223487024804357,-0.27463625573348693,-0.32420263189841325,0.1101322654661676,0001011,-0.32420263189841325,
23,W3,7,3,3,QWOA weighted Johnson cost alpha=1.0,2022-08-24,2023-11-20,12346078,,-0.26466243731490785,False,Return from COBYLA because the objective function has been evaluated MAXFUN times.,1.0,0.3804786641270066,0.3804786641270066,-0.26466243731490785,-0.32420263189841325,0.13229324036034537,0001011,-0.32420263189841325,
23,W3,7,3,3,QWOA weighted Johnson cost alpha=2.0,2022-08-24,2023-11-20,12345978,,-0.23236400266417917,False,Return from COBYLA because the objective function has been evaluated MAXFUN times.,1.0,0.21515604638066005,0.21515604638066005,-0.23236400266417917,-0.32420263189841325,0.20405761077265638,0001011,-0.32420263189841325,
24,W3,7,4,1,QWOA Johnson,2022-08-24,2023-11-20,12345878,,-0.17711922566146832,True,Return from COBYLA because the trust region radius reaches its lower bound.,1.0,0.3288933509209899,0.3288933509209899,-0.17711922566146832,-0.24146764546626653,0.13966787528473523,0001111,-0.24146764546626653,
24,W3,7,4,1,QWOA complete / Grover-equivalent,2022-08-24,2023-11-20,12345978,,-0.10731629528700615,True,Return from COBYLA because the trust region radius reaches its lower bound.,1.0,0.10273374325899894,0.10273374325899894,-0.10731629528700615,-0.24146764546626653,0.29117473440612235,0001111,-0.24146764546626653,
24,W3,7,4,1,QWOA weighted Johnson cost alpha=0.25,2022-08-24,2023-11-20,12345778,,-0.17958473079092938,True,Return from COBYLA because the trust region radius reaches its lower bound.,1.0,0.3266311598203058,0.3266311598203058,-0.17958473079092938,-0.24146764546626653,0.13431651057399271,0001111,-0.24146764546626653,
24,W3,7,4,1,QWOA weighted Johnson cost alpha=0.5,2022-08-24,2023-11-20,12345678,,-0.17880834266934112,True,Return from COBYLA because the trust region radius reaches its lower bound.,1.0,0.3113197882385894,0.3113197882385894,-0.17880834266934112,-0.24146764546626653,0.136001656528897,0001111,-0.24146764546626653,
24,W3,7,4,1,QWOA weighted Johnson cost alpha=1.0,2022-08-24,2023-11-20,12345678,,-0.16801941151660235,True,Return from COBYLA because the trust region radius reaches its lower bound.,1.0,0.2531448582643346,0.2531448582643346,-0.16801941151660235,-0.24146764546626653,0.1594189695766364,0001111,-0.24146764546626653,
24,W3,7,4,1,QWOA weighted Johnson cost alpha=2.0,2022-08-24,2023-11-20,12345678,,-0.12700441696373188,True,Return from COBYLA because the trust region radius reaches its lower bound.,1.0,0.12280949770984834,0.12280949770984834,-0.12700441696373188,-0.24146764546626653,0.24844177948233134,1001011,-0.20478120403868405,
24,W3,7,4,2,QWOA Johnson,2022-08-24,2023-11-20,12345878,,-0.20274843878509446,False,Return from COBYLA because the objective function has been evaluated MAXFUN times.,1.0,0.44022009928024747,0.44022009928024747,-0.20274843878509446,-0.24146764546626653,0.08403981552732064,0001111,-0.24146764546626653,
24,W3,7,4,2,QWOA complete / Grover-equivalent,2022-08-24,2023-11-20,12346078,,-0.15947236509472662,False,Return from COBYLA because the objective function has been evaluated MAXFUN times.,1.0,0.19803326534128007,0.19803326534128007,-0.15947236509472662,-0.24146764546626653,0.17797028470332688,0001111,-0.24146764546626653,
24,W3,7,4,2,QWOA weighted Johnson cost alpha=0.25,2022-08-24,2023-11-20,12345978,,-0.19521097897158174,False,Return from COBYLA because the objective function has been evaluated MAXFUN times.,1.0,0.3870081400008192,0.3870081400008192,-0.19521097897158174,-0.24146764546626653,0.10039982872408448,0001111,-0.24146764546626653,
24,W3,7,4,2,QWOA weighted Johnson cost alpha=0.5,2022-08-24,2023-11-20,12345978,,-0.19669479543260396,False,Return from COBYLA because the objective function has been evaluated MAXFUN times.,1.0,0.38862110604304045,0.38862110604304045,-0.19669479543260396,-0.24146764546626653,0.0971792136250322,0001111,-0.24146764546626653,
24,W3,7,4,2,QWOA weighted Johnson cost alpha=1.0,2022-08-24,2023-11-20,12345778,,-0.1880851292285436,False,Return from COBYLA because the objective function has been evaluated MAXFUN times.,1.0,0.39803437290293897,0.39803437290293897,-0.1880851292285436,-0.24146764546626653,0.11586644462898978,0001111,-0.24146764546626653,
24,W3,7,4,2,QWOA weighted Johnson cost alpha=2.0,2022-08-24,2023-11-20,12345778,,-0.15441308001905146,False,Return from COBYLA because the objective function has been evaluated MAXFUN times.,1.0,0.24326631951139085,0.24326631951139085,-0.15441308001905146,-0.24146764546626653,0.18895143387719718,0001111,-0.24146764546626653,
24,W3,7,4,3,QWOA Johnson,2022-08-24,2023-11-20,12346078,,-0.19388557182346786,False,Return from COBYLA because the objective function has been evaluated MAXFUN times.,1.0,0.39186495235848123,0.39186495235848123,-0.19388557182346786,-0.24146764546626653,0.1032766173200721,0001111,-0.24146764546626653,
24,W3,7,4,3,QWOA complete / Grover-equivalent,2022-08-24,2023-11-20,12345778,,-0.15445091038587005,False,Return from COBYLA because the objective function has been evaluated MAXFUN times.,1.0,0.19437061201442984,0.19437061201442984,-0.15445091038587005,-0.24146764546626653,0.1888693232834822,0001111,-0.24146764546626653,
24,W3,7,4,3,QWOA weighted Johnson cost alpha=0.25,2022-08-24,2023-11-20,12346078,,-0.1922022098332012,False,Return from COBYLA because the objective function has been evaluated MAXFUN times.,1.0,0.3807630313664424,0.3807630313664424,-0.1922022098332012,-0.24146764546626653,0.10693034484327846,0001111,-0.24146764546626653,
24,W3,7,4,3,QWOA weighted Johnson cost alpha=0.5,2022-08-24,2023-11-20,12346078,,-0.19497501686433139,False,Return from COBYLA because the objective function has been evaluated MAXFUN times.,1.0,0.403184000113579,0.403184000113579,-0.19497501686433139,-0.24146764546626653,0.10091198312146268,0001111,-0.24146764546626653,
24,W3,7,4,3,QWOA weighted Johnson cost alpha=1.0,2022-08-24,2023-11-20,12346078,,-0.18651814189142096,False,Return from COBYLA because the objective function has been evaluated MAXFUN times.,1.0,0.38518705958788446,0.38518705958788446,-0.18651814189142096,-0.24146764546626653,0.11926758163651709,0001111,-0.24146764546626653,
24,W3,7,4,3,QWOA weighted Johnson cost alpha=2.0,2022-08-24,2023-11-20,12346078,,-0.15792695147589078,False,Return from COBYLA because the objective function has been evaluated MAXFUN times.,1.0,0.28313129930330755,0.28313129930330755,-0.15792695147589078,-0.24146764546626653,0.18132459607932744,0001111,-0.24146764546626653,
25,W3,8,3,1,QWOA Johnson,2022-08-24,2023-11-20,12346078,,-0.41768361997234144,True,Return from COBYLA because the trust region radius reaches its lower bound.,1.0,0.39646693248548526,0.39646693248548526,-0.41768361997234144,-0.5220619864483934,0.16109721349281533,00010101,-0.5220619864483934,
25,W3,8,3,1,QWOA complete / Grover-equivalent,2022-08-24,2023-11-20,12345878,,-0.29963013127370475,True,Return from COBYLA because the trust region radius reaches its lower bound.,1.0,0.07237372703770578,0.07237372703770578,-0.29963013127370475,-0.5220619864483934,0.34330056380889207,00010101,-0.5220619864483934,
25,W3,8,3,1,QWOA weighted Johnson cost alpha=0.25,2022-08-24,2023-11-20,12345778,,-0.41327250862380255,True,Return from COBYLA because the trust region radius reaches its lower bound.,1.0,0.35746613049542786,0.35746613049542786,-0.41327250862380255,-0.5220619864483934,0.16790530764726055,00010101,-0.5220619864483934,
25,W3,8,3,1,QWOA weighted Johnson cost alpha=0.5,2022-08-24,2023-11-20,12345778,,-0.4039895573385161,True,Return from COBYLA because the trust region radius reaches its lower bound.,1.0,0.3019314396630441,0.3019314396630441,-0.4039895573385161,-0.5220619864483934,0.18223258288194535,00010101,-0.5220619864483934,
25,W3,8,3,1,QWOA weighted Johnson cost alpha=1.0,2022-08-24,2023-11-20,12345778,,-0.37570471081294127,True,Return from COBYLA because the trust region radius reaches its lower bound.,1.0,0.18234991348163707,0.18234991348163707,-0.37570471081294127,-0.5220619864483934,0.22588731817987215,00010101,-0.5220619864483934,
25,W3,8,3,1,QWOA weighted Johnson cost alpha=2.0,2022-08-24,2023-11-20,12346078,,-0.311204846642154,True,Return from COBYLA because the trust region radius reaches its lower bound.,1.0,0.0420582607268879,0.0420582607268879,-0.311204846642154,-0.5220619864483934,0.3254361877338224,10010001,-0.35404920627439324,
25,W3,8,3,2,QWOA Johnson,2022-08-24,2023-11-20,12345878,,-0.46397507187759984,False,Return from COBYLA because the objective function has been evaluated MAXFUN times.,1.0,0.6141503151788692,0.6141503151788692,-0.46397507187759984,-0.5220619864483934,0.08965114509525329,00010101,-0.5220619864483934,
25,W3,8,3,2,QWOA complete / Grover-equivalent,2022-08-24,2023-11-20,12345878,,-0.3549512109499113,False,Return from COBYLA because the objective function has been evaluated MAXFUN times.,1.0,0.14993615799131077,0.14993615799131077,-0.3549512109499113,-0.5220619864483934,0.2579181988214535,00010101,-0.5220619864483934,
25,W3,8,3,2,QWOA weighted Johnson cost alpha=0.25,2022-08-24,2023-11-20,12345978,,-0.4553042529387326,False,Return from COBYLA because the objective function has been evaluated MAXFUN times.,1.0,0.5871499798326155,0.5871499798326155,-0.4553042529387326,-0.5220619864483934,0.10303365736203345,00010101,-0.5220619864483934,
25,W3,8,3,2,QWOA weighted Johnson cost alpha=0.5,2022-08-24,2023-11-20,12345978,,-0.43521705449632947,False,Return from COBYLA because the objective function has been evaluated MAXFUN times.,1.0,0.4554601257602523,0.4554601257602523,-0.43521705449632947,-0.5220619864483934,0.13403617067201914,00010101,-0.5220619864483934,
25,W3,8,3,2,QWOA weighted Johnson cost alpha=1.0,2022-08-24,2023-11-20,12345778,,-0.426054734329296,False,Return from COBYLA because the objective function has been evaluated MAXFUN times.,1.0,0.41187770047409467,0.41187770047409467,-0.426054734329296,-0.5220619864483934,0.14817726425175787,00010101,-0.5220619864483934,
25,W3,8,3,2,QWOA weighted Johnson cost alpha=2.0,2022-08-24,2023-11-20,12345678,,-0.3228798616624853,False,Return from COBYLA because the objective function has been evaluated MAXFUN times.,1.0,0.05481517897884518,0.05481517897884518,-0.3228798616624853,-0.5220619864483934,0.30741700951940126,10010001,-0.35404920627439324,
25,W3,8,3,3,QWOA Johnson,2022-08-24,2023-11-20,12345978,,-0.4516550648685171,False,Return from COBYLA because the objective function has been evaluated MAXFUN times.,1.0,0.5253536574337078,0.5253536574337078,-0.4516550648685171,-0.5220619864483934,0.10866580173706372,00010101,-0.5220619864483934,
25,W3,8,3,3,QWOA complete / Grover-equivalent,2022-08-24,2023-11-20,12345678,,-0.3709076923335045,False,Return from COBYLA because the objective function has been evaluated MAXFUN times.,1.0,0.17769841841586245,0.17769841841586245,-0.3709076923335045,-0.5220619864483934,0.23329102007904018,00010101,-0.5220619864483934,
25,W3,8,3,3,QWOA weighted Johnson cost alpha=0.25,2022-08-24,2023-11-20,12345678,,-0.462700884546744,False,Return from COBYLA because the objective function has been evaluated MAXFUN times.,1.0,0.6242136086366635,0.6242136086366635,-0.462700884546744,-0.5220619864483934,0.09161772145967471,00010101,-0.5220619864483934,
25,W3,8,3,3,QWOA weighted Johnson cost alpha=0.5,2022-08-24,2023-11-20,12346078,,-0.4489757623909466,False,Return from COBYLA because the objective function has been evaluated MAXFUN times.,1.0,0.5340458165866879,0.5340458165866879,-0.4489757623909466,-0.5220619864483934,0.11280102800868803,00010101,-0.5220619864483934,
25,W3,8,3,3,QWOA weighted Johnson cost alpha=1.0,2022-08-24,2023-11-20,12346078,,-0.4381089688536195,False,Return from COBYLA because the objective function has been evaluated MAXFUN times.,1.0,0.49552763108592707,0.49552763108592707,-0.4381089688536195,-0.5220619864483934,0.12957279995308596,00010101,-0.5220619864483934,
25,W3,8,3,3,QWOA weighted Johnson cost alpha=2.0,2022-08-24,2023-11-20,12345978,,-0.3819193501580599,False,Return from COBYLA because the objective function has been evaluated MAXFUN times.,1.0,0.23723437669157577,0.23723437669157577,-0.3819193501580599,-0.5220619864483934,0.216295665089659,00010101,-0.5220619864483934,
26,W3,8,4,1,QWOA Johnson,2022-08-24,2023-11-20,12346078,,-0.35303127414433294,True,Return from COBYLA because the trust region radius reaches its lower bound.,1.0,0.262314958130177,0.4862777802929604,-0.35303127414433294,-0.43643685132550625,0.1272020294440901,00011101,-0.43643685132550625,
26,W3,8,4,1,QWOA complete / Grover-equivalent,2022-08-24,2023-11-20,12345878,,-0.23115889920947266,True,Return from COBYLA because the trust region radius reaches its lower bound.,1.0,0.054655373843397394,0.10756042967335426,-0.23115889920947266,-0.43643685132550625,0.31306985685820893,00011101,-0.43643685132550625,
26,W3,8,4,1,QWOA weighted Johnson cost alpha=0.25,2022-08-24,2023-11-20,12345678,,-0.35347580829396985,True,Return from COBYLA because the trust region radius reaches its lower bound.,1.0,0.25789009106192723,0.48334173869194497,-0.35347580829396985,-0.43643685132550625,0.12652406943347608,00011101,-0.43643685132550625,
26,W3,8,4,1,QWOA weighted Johnson cost alpha=0.5,2022-08-24,2023-11-20,12345778,,-0.3499967485204247,True,Return from COBYLA because the trust region radius reaches its lower bound.,1.0,0.24377258398019883,0.46349607638499785,-0.3499967485204247,-0.43643685132550625,0.13182999115608396,00011101,-0.43643685132550625,
26,W3,8,4,1,QWOA weighted Johnson cost alpha=1.0,2022-08-24,2023-11-20,12345678,,-0.33256297097768284,True,Return from COBYLA because the trust region radius reaches its lower bound.,1.0,0.19677145370810775,0.38822226622636224,-0.33256297097768284,-0.43643685132550625,0.15841828368113275,00011101,-0.43643685132550625,
26,W3,8,4,1,QWOA weighted Johnson cost alpha=2.0,2022-08-24,2023-11-20,12345878,,-0.27612495823363925,True,Return from COBYLA because the trust region radius reaches its lower bound.,1.0,0.10061577405613664,0.2139654955973131,-0.27612495823363925,-0.43643685132550625,0.24449202121117228,00010111,-0.41928051559878976,
26,W3,8,4,2,QWOA Johnson,2022-08-24,2023-11-20,12345878,,-0.39694381023430175,False,Return from COBYLA because the objective function has been evaluated MAXFUN times.,1.0,0.4061898055928179,0.7225243451441277,-0.39694381023430175,-0.43643685132550625,0.06023092394418444,00011101,-0.43643685132550625,
26,W3,8,4,2,QWOA complete / Grover-equivalent,2022-08-24,2023-11-20,12345878,,-0.2937436197420406,False,Return from COBYLA because the objective function has been evaluated MAXFUN times.,1.0,0.10744250553478847,0.20939059766239804,-0.2937436197420406,-0.43643685132550625,0.2176217617429241,00011101,-0.43643685132550625,
26,W3,8,4,2,QWOA weighted Johnson cost alpha=0.25,2022-08-24,2023-11-20,12345978,,-0.3938011471192243,False,Return from COBYLA because the objective function has been evaluated MAXFUN times.,1.0,0.394429818436865,0.7056956652603203,-0.3938011471192243,-0.43643685132550625,0.06502380638211294,00011101,-0.43643685132550625,
26,W3,8,4,2,QWOA weighted Johnson cost alpha=0.5,2022-08-24,2023-11-20,12346078,,-0.38363529878709246,False,Return from COBYLA because the objective function has been evaluated MAXFUN times.,1.0,0.3599544544256468,0.6504194702695743,-0.38363529878709246,-0.43643685132550625,0.08052776406181447,00011101,-0.43643685132550625,
26,W3,8,4,2,QWOA weighted Johnson cost alpha=1.0,2022-08-24,2023-11-20,12346078,,-0.36420507465300317,False,Return from COBYLA because the objective function has been evaluated MAXFUN times.,1.0,0.2940684669256774,0.5452990376234038,-0.36420507465300317,-0.43643685132550625,0.11016084168012498,00011101,-0.43643685132550625,
26,W3,8,4,2,QWOA weighted Johnson cost alpha=2.0,2022-08-24,2023-11-20,12345778,,-0.33466377856193724,False,Return from COBYLA because the objective function has been evaluated MAXFUN times.,1.0,0.23507794055972084,0.43798715679058053,-0.33466377856193724,-0.43643685132550625,0.15521433740775314,00011101,-0.43643685132550625,
26,W3,8,4,3,QWOA Johnson,2022-08-24,2023-11-20,12345678,,-0.3972152758790658,False,Return from COBYLA because the objective function has been evaluated MAXFUN times.,1.0,0.40167822541274556,0.7144740621664779,-0.3972152758790658,-0.43643685132550625,0.05981691109150281,00011101,-0.43643685132550625,
26,W3,8,4,3,QWOA complete / Grover-equivalent,2022-08-24,2023-11-20,12345678,,-0.3147169898083976,False,Return from COBYLA because the objective function has been evaluated MAXFUN times.,1.0,0.14110883005835456,0.2688078030976476,-0.3147169898083976,-0.43643685132550625,0.18563522886482373,00011101,-0.43643685132550625,
26,W3,8,4,3,QWOA weighted Johnson cost alpha=0.25,2022-08-24,2023-11-20,12345978,,-0.38928814411867074,False,Return from COBYLA because the objective function has been evaluated MAXFUN times.,1.0,0.3646937988854894,0.6578743431253188,-0.38928814411867074,-0.43643685132550625,0.07190659719729674,00011101,-0.43643685132550625,
26,W3,8,4,3,QWOA weighted Johnson cost alpha=0.5,2022-08-24,2023-11-20,12345678,,-0.3790556567658109,False,Return from COBYLA because the objective function has been evaluated MAXFUN times.,1.0,0.3264180470342332,0.5971159838448286,-0.3790556567658109,-0.43643685132550625,0.08751218619427045,00011101,-0.43643685132550625,
26,W3,8,4,3,QWOA weighted Johnson cost alpha=1.0,2022-08-24,2023-11-20,12346078,,-0.3964258597155172,False,Return from COBYLA because the objective function has been evaluated MAXFUN times.,1.0,0.42189000383152486,0.7512148564765742,-0.3964258597155172,-0.43643685132550625,0.06102085142107128,00011101,-0.43643685132550625,
26,W3,8,4,3,QWOA weighted Johnson cost alpha=2.0,2022-08-24,2023-11-20,12346078,,-0.37639119049255215,False,Return from COBYLA because the objective function has been evaluated MAXFUN times.,1.0,0.36913326453207984,0.6421568208290445,-0.37639119049255215,-0.43643685132550625,0.09157576957560272,00011101,-0.43643685132550625,
27,W4,5,2,1,Penalty QAOA transverse mixer,2021-05-27,2022-08-23,12345978,0.01,-0.03493250477163476,True,Return from COBYLA because the trust region radius reaches its lower bound.,0.3047780453373753,0.22882171305744978,0.22882171305744978,-0.04750299340571045,-0.14524007238448647,0.09903393665252239,10001,-0.14524007238448647,-0.1009516501735093
27,W4,5,2,1,QWOA Johnson,2021-05-27,2022-08-23,12345878,,-0.0882010164732681,True,Return from COBYLA because the trust region radius reaches its lower bound.,1.0,0.7288780730379797,0.7288780730379797,-0.0882010164732681,-0.14524007238448647,0.1275458001850242,10001,-0.14524007238448647,
27,W4,5,2,1,QWOA complete / Grover-equivalent,2021-05-27,2022-08-23,12345678,,-0.01917000298995015,False,Return from COBYLA because the objective function has been evaluated MAXFUN times.,1.0,0.34248874151728403,0.34248874151728403,-0.01917000298995015,-0.14524007238448647,0.2819069780070664,10001,-0.14524007238448647,
27,W4,5,2,1,QWOA weighted Johnson cost alpha=0.25,2021-05-27,2022-08-23,12345978,,-0.07662352395998447,True,Return from COBYLA because the trust region radius reaches its lower bound.,1.0,0.6766390742366827,0.6766390742366827,-0.07662352395998447,-0.14524007238448647,0.15343438692883918,10001,-0.14524007238448647,
27,W4,5,2,1,QWOA weighted Johnson cost alpha=0.5,2021-05-27,2022-08-23,12345678,,-0.0034352238971472123,False,Return from COBYLA because the objective function has been evaluated MAXFUN times.,1.0,0.5966409513712732,0.5966409513712732,-0.0034352238971472123,-0.14524007238448647,0.3170917291931642,10001,-0.14524007238448647,
27,W4,5,2,1,QWOA weighted Johnson cost alpha=1.0,2021-05-27,2022-08-23,12345878,,-0.01702682296855845,False,Return from COBYLA because the objective function has been evaluated MAXFUN times.,1.0,0.3920964744674113,0.3920964744674113,-0.01702682296855845,-0.14524007238448647,0.2866993716819273,10001,-0.14524007238448647,
27,W4,5,2,1,QWOA weighted Johnson cost alpha=2.0,2021-05-27,2022-08-23,12345778,,0.04795510473277418,False,Return from COBYLA because the objective function has been evaluated MAXFUN times.,1.0,0.18161622744741,0.18161622744741,0.04795510473277418,-0.14524007238448647,0.4320063343205174,10001,-0.14524007238448647,
27,W4,5,2,2,Penalty QAOA transverse mixer,2021-05-27,2022-08-23,12345978,0.01,-0.08687966311660736,False,Return from COBYLA because the objective function has been evaluated MAXFUN times.,0.503522709380187,0.45417174253989684,0.45417174253989684,-0.09355764522838797,-0.14524007238448647,0.03377677059950717,10001,-0.14524007238448647,-0.13013494854716
27,W4,5,2,2,QWOA Johnson,2021-05-27,2022-08-23,12345778,,-0.11782360642102188,False,Return from COBYLA because the objective function has been evaluated MAXFUN times.,1.0,0.8362248918351031,0.8362248918351031,-0.11782360642102188,-0.14524007238448647,0.06130632833401814,10001,-0.14524007238448647,
27,W4,5,2,2,QWOA complete / Grover-equivalent,2021-05-27,2022-08-23,12345678,,-0.0792139520065033,False,Return from COBYLA because the objective function has been evaluated MAXFUN times.,1.0,0.639814848776954,0.639814848776954,-0.0792139520065033,-0.14524007238448647,0.1476418959288261,10001,-0.14524007238448647,
27,W4,5,2,2,QWOA weighted Johnson cost alpha=0.25,2021-05-27,2022-08-23,12345778,,-0.11625415224273995,False,Return from COBYLA because the objective function has been evaluated MAXFUN times.,1.0,0.8577800313658629,0.8577800313658629,-0.11625415224273995,-0.14524007238448647,0.06481580593361717,10001,-0.14524007238448647,
27,W4,5,2,2,QWOA weighted Johnson cost alpha=0.5,2021-05-27,2022-08-23,12345778,,-0.10617291408342219,False,Return from COBYLA because the objective function has been evaluated MAXFUN times.,1.0,0.8436255193314691,0.8436255193314691,-0.10617291408342219,-0.14524007238448647,0.08735859818963505,10001,-0.14524007238448647,
27,W4,5,2,2,QWOA weighted Johnson cost alpha=1.0,2021-05-27,2022-08-23,12345678,,-0.029635053002683192,False,Return from COBYLA because the objective function has been evaluated MAXFUN times.,1.0,0.5127038101160976,0.5127038101160976,-0.029635053002683192,-0.14524007238448647,0.25850593890277407,10001,-0.14524007238448647,
27,W4,5,2,2,QWOA weighted Johnson cost alpha=2.0,2021-05-27,2022-08-23,12345978,,0.002649963613510644,False,Return from COBYLA because the objective function has been evaluated MAXFUN times.,1.0,0.20654713467268723,0.20654713467268723,0.002649963613510644,-0.14524007238448647,0.3306988988407621,00101,-0.013017655861109395,
27,W4,5,2,3,Penalty QAOA transverse mixer,2021-05-27,2022-08-23,12345678,0.01,-0.09305434580012151,False,Return from COBYLA because the objective function has been evaluated MAXFUN times.,0.5524125076479153,0.49746523382120544,0.49746523382120544,-0.09862093377523816,-0.14524007238448647,0.033616317490624416,10001,-0.14524007238448647,-0.13020670389963274
27,W4,5,2,3,QWOA Johnson,2021-05-27,2022-08-23,12345778,,-0.0721291101684134,False,Return from COBYLA because the objective function has been evaluated MAXFUN times.,1.0,0.754804673231483,0.754804673231483,-0.0721291101684134,-0.14524007238448647,0.16348440606486409,10001,-0.14524007238448647,
27,W4,5,2,3,QWOA complete / Grover-equivalent,2021-05-27,2022-08-23,12345678,,-0.10986805762704568,False,Return from COBYLA because the objective function has been evaluated MAXFUN times.,1.0,0.7769333825556451,0.7769333825556451,-0.10986805762704568,-0.14524007238448647,0.0790958380064447,10001,-0.14524007238448647,
27,W4,5,2,3,QWOA weighted Johnson cost alpha=0.25,2021-05-27,2022-08-23,12346078,,-0.1275858804648791,False,Return from COBYLA because the objective function has been evaluated MAXFUN times.,1.0,0.8906161059204727,0.8906161059204727,-0.1275858804648791,-0.14524007238448647,0.039476776027133474,10001,-0.14524007238448647,
27,W4,5,2,3,QWOA weighted Johnson cost alpha=0.5,2021-05-27,2022-08-23,12346078,,-0.09812242790385342,False,Return from COBYLA because the objective function has been evaluated MAXFUN times.,1.0,0.7974230898099095,0.7974230898099095,-0.09812242790385342,-0.14524007238448647,0.10536039862703722,10001,-0.14524007238448647,
27,W4,5,2,3,QWOA weighted Johnson cost alpha=1.0,2021-05-27,2022-08-23,12346078,,-0.05267942989692357,False,Return from COBYLA because the objective function has been evaluated MAXFUN times.,1.0,0.521308583849045,0.521308583849045,-0.05267942989692357,-0.14524007238448647,0.20697609774768777,10001,-0.14524007238448647,
27,W4,5,2,3,QWOA weighted Johnson cost alpha=2.0,2021-05-27,2022-08-23,12345778,,-0.007371097754112786,False,Return from COBYLA because the objective function has been evaluated MAXFUN times.,1.0,0.24777031632416918,0.24777031632416918,-0.007371097754112786,-0.14524007238448647,0.30829066871812116,00101,-0.013017655861109395,
28,W4,5,3,1,Penalty QAOA transverse mixer,2021-05-27,2022-08-23,12345678,10.0,12.651504256903541,False,Return from COBYLA because the objective function has been evaluated MAXFUN times.,0.33870797289846827,0.07828065423047906,0.07828065423047906,0.09965186448819818,-0.02410930444315404,0.3059009588290186,10101,-0.02410930444315404,0.12527847179997717
28,W4,5,3,1,QWOA Johnson,2021-05-27,2022-08-23,12346078,,0.032164855297612496,True,Return from COBYLA because the trust region radius reaches its lower bound.,1.0,0.4748538668909759,0.4748538668909759,0.032164855297612496,-0.02410930444315404,0.11523244976872295,10101,-0.02410930444315404,
28,W4,5,3,1,QWOA complete / Grover-equivalent,2021-05-27,2022-08-23,12346078,,0.08297734731792959,False,Return from COBYLA because the objective function has been evaluated MAXFUN times.,1.0,0.30200860190432505,0.30200860190432505,0.08297734731792959,-0.02410930444315404,0.21928105682616647,10101,-0.02410930444315404,
28,W4,5,3,1,QWOA weighted Johnson cost alpha=0.25,2021-05-27,2022-08-23,12345978,,0.034438106022081756,True,Return from COBYLA because the trust region radius reaches its lower bound.,1.0,0.47550273778078694,0.47550273778078694,0.034438106022081756,-0.02410930444315404,0.11988737933365702,10101,-0.02410930444315404,
28,W4,5,3,1,QWOA weighted Johnson cost alpha=0.5,2021-05-27,2022-08-23,12346078,,0.04038602958840483,True,Return from COBYLA because the trust region radius reaches its lower bound.,1.0,0.45857565196958366,0.45857565196958366,0.04038602958840483,-0.02410930444315404,0.1320669268691844,10101,-0.02410930444315404,
28,W4,5,3,1,QWOA weighted Johnson cost alpha=1.0,2021-05-27,2022-08-23,12345678,,0.06347670429797989,True,Return from COBYLA because the trust region radius reaches its lower bound.,1.0,0.3657322087895717,0.3657322087895717,0.06347670429797989,-0.02410930444315404,0.17934964109991286,10101,-0.02410930444315404,
28,W4,5,3,1,QWOA weighted Johnson cost alpha=2.0,2021-05-27,2022-08-23,12346078,,0.10878967752567734,True,Return from COBYLA because the trust region radius reaches its lower bound.,1.0,0.2808299302824752,0.2808299302824752,0.10878967752567734,-0.02410930444315404,0.27213689790455814,10101,-0.02410930444315404,
28,W4,5,3,2,Penalty QAOA transverse mixer,2021-05-27,2022-08-23,12345878,0.1,0.054017143599182145,False,Return from COBYLA because the objective function has been evaluated MAXFUN times.,0.42053340108202536,0.23448540587408567,0.23448540587408567,-0.016806278974368125,-0.02410930444315404,0.11672378817856933,10101,-0.02410930444315404,0.032893155494923894
28,W4,5,3,2,QWOA Johnson,2021-05-27,2022-08-23,12345778,,0.03167943454183095,False,Return from COBYLA because the objective function has been evaluated MAXFUN times.,1.0,0.474921399691349,0.474921399691349,0.03167943454183095,-0.02410930444315404,0.11423845495627315,10101,-0.02410930444315404,
28,W4,5,3,2,QWOA complete / Grover-equivalent,2021-05-27,2022-08-23,12345678,,0.024579877388660496,False,Return from COBYLA because the objective function has been evaluated MAXFUN times.,1.0,0.4845381833448622,0.4845381833448622,0.024579877388660496,-0.02410930444315404,0.09970071033597919,10101,-0.02410930444315404,
28,W4,5,3,2,QWOA weighted Johnson cost alpha=0.25,2021-05-27,2022-08-23,12345778,,0.020680212688731596,False,Return from COBYLA because the objective function has been evaluated MAXFUN times.,1.0,0.5184154050346778,0.5184154050346778,0.020680212688731596,-0.02410930444315404,0.09171537712586135,10101,-0.02410930444315404,
28,W4,5,3,2,QWOA weighted Johnson cost alpha=0.5,2021-05-27,2022-08-23,12345778,,0.022341362384225787,False,Return from COBYLA because the objective function has been evaluated MAXFUN times.,1.0,0.5169457997230219,0.5169457997230219,0.022341362384225787,-0.02410930444315404,0.09511690901414106,10101,-0.02410930444315404,
28,W4,5,3,2,QWOA weighted Johnson cost alpha=1.0,2021-05-27,2022-08-23,12345778,,0.029446524666954712,False,Return from COBYLA because the objective function has been evaluated MAXFUN times.,1.0,0.4916755210905483,0.4916755210905483,0.029446524666954712,-0.02410930444315404,0.10966613124357695,10101,-0.02410930444315404,
28,W4,5,3,2,QWOA weighted Johnson cost alpha=2.0,2021-05-27,2022-08-23,12345978,,0.040959268319067696,False,Return from COBYLA because the objective function has been evaluated MAXFUN times.,1.0,0.6338686467365799,0.6338686467365799,0.040959268319067696,-0.02410930444315404,0.13324074631919286,10101,-0.02410930444315404,
28,W4,5,3,3,Penalty QAOA transverse mixer,2021-05-27,2022-08-23,12345878,0.1,-0.002352056441348397,False,Return from COBYLA because the objective function has been evaluated MAXFUN times.,0.3634058329506863,0.2893236947544717,0.2893236947544717,-0.07243403129359968,-0.02410930444315404,0.04508026253658279,10101,-0.02410930444315404,-0.002094204527887633
28,W4,5,3,3,QWOA Johnson,2021-05-27,2022-08-23,12345978,,0.032311109374178235,False,Return from COBYLA because the objective function has been evaluated MAXFUN times.,1.0,0.4624927630676431,0.4624927630676431,0.032311109374178235,-0.02410930444315404,0.11553193385891583,10101,-0.02410930444315404,
28,W4,5,3,3,QWOA complete / Grover-equivalent,2021-05-27,2022-08-23,12345778,,0.022767406202548086,False,Return from COBYLA because the objective function has been evaluated MAXFUN times.,1.0,0.49274207122744473,0.49274207122744473,0.022767406202548086,-0.02410930444315404,0.09598931782700042,10101,-0.02410930444315404,
28,W4,5,3,3,QWOA weighted Johnson cost alpha=0.25,2021-05-27,2022-08-23,12346078,,0.017800200725167106,False,Return from COBYLA because the objective function has been evaluated MAXFUN times.,1.0,0.548625670101407,0.548625670101407,0.017800200725167106,-0.02410930444315404,0.08581798415804864,10101,-0.02410930444315404,
28,W4,5,3,3,QWOA weighted Johnson cost alpha=0.5,2021-05-27,2022-08-23,12346078,,0.01729753908622128,False,Return from COBYLA because the objective function has been evaluated MAXFUN times.,1.0,0.5704501935808163,0.5704501935808163,0.01729753908622128,-0.02410930444315404,0.08478868523422077,10101,-0.02410930444315404,
28,W4,5,3,3,QWOA weighted Johnson cost alpha=1.0,2021-05-27,2022-08-23,12346078,,0.013986897307450681,False,Return from COBYLA because the objective function has been evaluated MAXFUN times.,1.0,0.5721460097660349,0.5721460097660349,0.013986897307450681,-0.02410930444315404,0.0780094927197201,10101,-0.02410930444315404,
28,W4,5,3,3,QWOA weighted Johnson cost alpha=2.0,2021-05-27,2022-08-23,12345978,,0.04768341014462002,False,Return from COBYLA because the objective function has been evaluated MAXFUN times.,1.0,0.5974808015595733,0.5974808015595733,0.04768341014462002,-0.02410930444315404,0.14700975395467095,10101,-0.02410930444315404,
29,W4,6,2,1,Penalty QAOA transverse mixer,2021-05-27,2022-08-23,12345778,0.01,0.023096348041219465,True,Return from COBYLA because the trust region radius reaches its lower bound.,0.29907570046345183,0.1245786087689714,0.1245786087689714,0.009826400861618914,-0.14524007238448647,0.18104954508125037,100010,-0.14524007238448647,-0.012715388194948597
29,W4,6,2,1,QWOA Johnson,2021-05-27,2022-08-23,12345778,,-0.004774188865411348,True,Return from COBYLA because the trust region radius reaches its lower bound.,1.0,0.3553402861978451,0.3553402861978451,-0.004774188865411348,-0.14524007238448647,0.1918984713383088,100010,-0.14524007238448647,
29,W4,6,2,1,QWOA complete / Grover-equivalent,2021-05-27,2022-08-23,12345878,,0.04666882486263567,True,Return from COBYLA because the trust region radius reaches its lower bound.,1.0,0.19949472642800997,0.19949472642800997,0.04666882486263567,-0.14524007238448647,0.26217771244746585,100010,-0.14524007238448647,
29,W4,6,2,1,QWOA weighted Johnson cost alpha=0.25,2021-05-27,2022-08-23,12346078,,-0.004872307155268495,True,Return from COBYLA because the trust region radius reaches its lower bound.,1.0,0.34391851556648395,0.34391851556648395,-0.004872307155268495,-0.14524007238448647,0.1917644263349087,100010,-0.14524007238448647,
29,W4,6,2,1,QWOA weighted Johnson cost alpha=0.5,2021-05-27,2022-08-23,12345878,,0.003431413849145219,True,Return from COBYLA because the trust region radius reaches its lower bound.,1.0,0.3115318137458749,0.3115318137458749,0.003431413849145219,-0.14524007238448647,0.20310861417074288,100010,-0.14524007238448647,
29,W4,6,2,1,QWOA weighted Johnson cost alpha=1.0,2021-05-27,2022-08-23,12345778,,0.03723986669382521,True,Return from COBYLA because the trust region radius reaches its lower bound.,1.0,0.22857280696866064,0.22857280696866064,0.03723986669382521,-0.14524007238448647,0.2492962738121415,100010,-0.14524007238448647,
29,W4,6,2,1,QWOA weighted Johnson cost alpha=2.0,2021-05-27,2022-08-23,12345778,,0.10854722968483345,False,Return from COBYLA because the objective function has been evaluated MAXFUN times.,1.0,0.13851486706067678,0.13851486706067678,0.10854722968483345,-0.14524007238448647,0.34671333773059926,001010,-0.013017655861109395,
29,W4,6,2,2,Penalty QAOA transverse mixer,2021-05-27,2022-08-23,12346078,0.01,-0.044606226103627446,False,Return from COBYLA because the objective function has been evaluated MAXFUN times.,0.4520572483768126,0.32446251509867796,0.32446251509867796,-0.0513724786030482,-0.14524007238448647,0.06699876748346534,100010,-0.14524007238448647,-0.09619830043278198
29,W4,6,2,2,QWOA Johnson,2021-05-27,2022-08-23,12345678,,-0.0890262409701103,False,Return from COBYLA because the objective function has been evaluated MAXFUN times.,1.0,0.7854373157591238,0.7854373157591238,-0.0890262409701103,-0.14524007238448647,0.07679692781075396,100010,-0.14524007238448647,
29,W4,6,2,2,QWOA complete / Grover-equivalent,2021-05-27,2022-08-23,12345678,,-0.027471314336388462,False,Return from COBYLA because the objective function has been evaluated MAXFUN times.,1.0,0.39273517237120437,0.39273517237120437,-0.027471314336388462,-0.14524007238448647,0.16089063105328455,100010,-0.14524007238448647,
29,W4,6,2,2,QWOA weighted Johnson cost alpha=0.25,2021-05-27,2022-08-23,12346078,,-0.08917179657344435,False,Return from COBYLA because the objective function has been evaluated MAXFUN times.,1.0,0.784190982216124,0.784190982216124,-0.08917179657344435,-0.14524007238448647,0.07659807598229033,100010,-0.14524007238448647,
29,W4,6,2,2,QWOA weighted Johnson cost alpha=0.5,2021-05-27,2022-08-23,12346078,,-0.08665552451731612,False,Return from COBYLA because the objective function has been evaluated MAXFUN times.,1.0,0.7650777258746538,0.7650777258746538,-0.08665552451731612,-0.14524007238448647,0.08003569904737244,100010,-0.14524007238448647,
29,W4,6,2,2,QWOA weighted Johnson cost alpha=1.0,2021-05-27,2022-08-23,12345978,,0.028943227147677372,False,Return from COBYLA because the objective function has been evaluated MAXFUN times.,1.0,0.29986543835868346,0.29986543835868346,0.028943227147677372,-0.14524007238448647,0.23796176036116162,100010,-0.14524007238448647,
29,W4,6,2,2,QWOA weighted Johnson cost alpha=2.0,2021-05-27,2022-08-23,12345678,,0.017727295856675533,False,Return from COBYLA because the objective function has been evaluated MAXFUN times.,1.0,0.38001560403335655,0.38001560403335655,0.017727295856675533,-0.14524007238448647,0.22263903561507428,100010,-0.14524007238448647,
29,W4,6,2,3,Penalty QAOA transverse mixer,2021-05-27,2022-08-23,12345978,0.01,-0.07081940012672051,False,Return from COBYLA because the objective function has been evaluated MAXFUN times.,0.5474943897610016,0.42866594883781495,0.42866594883781495,-0.0763680258673689,-0.14524007238448647,0.05117254167262924,100010,-0.14524007238448647,-0.10778278453934034
29,W4,6,2,3,QWOA Johnson,2021-05-27,2022-08-23,12346078,,-0.02265665509128692,False,Return from COBYLA because the objective function has been evaluated MAXFUN times.,1.0,0.419466256582594,0.419466256582594,-0.02265665509128692,-0.14524007238448647,0.16746821221393965,100010,-0.14524007238448647,
29,W4,6,2,3,QWOA complete / Grover-equivalent,2021-05-27,2022-08-23,12346078,,-0.029453126037586454,False,Return from COBYLA because the objective function has been evaluated MAXFUN times.,1.0,0.4044571920234303,0.4044571920234303,-0.029453126037586454,-0.14524007238448647,0.15818316482438619,100010,-0.14524007238448647,
29,W4,6,2,3,QWOA weighted Johnson cost alpha=0.25,2021-05-27,2022-08-23,12345878,,-0.0831511429855333,False,Return from COBYLA because the objective function has been evaluated MAXFUN times.,1.0,0.7260117011314459,0.7260117011314459,-0.0831511429855333,-0.14524007238448647,0.08482323493927463,100010,-0.14524007238448647,
29,W4,6,2,3,QWOA weighted Johnson cost alpha=0.5,2021-05-27,2022-08-23,12345978,,-0.09719577952084109,False,Return from COBYLA because the objective function has been evaluated MAXFUN times.,1.0,0.7751063490385425,0.7751063490385425,-0.09719577952084109,-0.14524007238448647,0.06563605429365026,100010,-0.14524007238448647,
29,W4,6,2,3,QWOA weighted Johnson cost alpha=1.0,2021-05-27,2022-08-23,12346078,,-0.07980503367892146,False,Return from COBYLA because the objective function has been evaluated MAXFUN times.,1.0,0.7073684745348238,0.7073684745348238,-0.07980503367892146,-0.14524007238448647,0.08939454609884528,100010,-0.14524007238448647,
29,W4,6,2,3,QWOA weighted Johnson cost alpha=2.0,2021-05-27,2022-08-23,12345978,,0.0243148976981579,False,Return from COBYLA because the objective function has been evaluated MAXFUN times.,1.0,0.34366536360369726,0.34366536360369726,0.0243148976981579,-0.14524007238448647,0.23163873498331428,100010,-0.14524007238448647,
30,W4,6,3,1,Penalty QAOA transverse mixer,2021-05-27,2022-08-23,12345678,0.1,0.2914697724664675,True,Return from COBYLA because the trust region radius reaches its lower bound.,0.3632236561913491,0.042229622499153824,0.042229622499153824,0.1894374452548982,-0.02410930444315404,0.34420519315278997,101010,-0.02410930444315404,0.2648353719577241
30,W4,6,3,1,QWOA Johnson,2021-05-27,2022-08-23,12346078,,0.08869216284176376,True,Return from COBYLA because the trust region radius reaches its lower bound.,1.0,0.3270398099982822,0.3270398099982822,0.08869216284176376,-0.02410930444315404,0.13437468832564808,101010,-0.02410930444315404,
30,W4,6,3,1,QWOA complete / Grover-equivalent,2021-05-27,2022-08-23,12345678,,0.18440610788107503,True,Return from COBYLA because the trust region radius reaches its lower bound.,1.0,0.15427244820954716,0.15427244820954716,0.18440610788107503,-0.02410930444315404,0.24839387480120667,101010,-0.02410930444315404,
30,W4,6,3,1,QWOA weighted Johnson cost alpha=0.25,2021-05-27,2022-08-23,12345778,,0.08311714089733967,True,Return from COBYLA because the trust region radius reaches its lower bound.,1.0,0.3273585031627303,0.3273585031627303,0.08311714089733967,-0.02410930444315404,0.12773344637887069,101010,-0.02410930444315404,
30,W4,6,3,1,QWOA weighted Johnson cost alpha=0.5,2021-05-27,2022-08-23,12346078,,0.08694356213833052,True,Return from COBYLA because the trust region radius reaches its lower bound.,1.0,0.3085500389992156,0.3085500389992156,0.08694356213833052,-0.02410930444315404,0.13229166866122863,101010,-0.02410930444315404,
30,W4,6,3,1,QWOA weighted Johnson cost alpha=1.0,2021-05-27,2022-08-23,12345878,,0.11891177367514588,True,Return from COBYLA because the trust region radius reaches its lower bound.,1.0,0.24089164306672453,0.24089164306672453,0.11891177367514588,-0.02410930444315404,0.17037378377004792,100110,0.0444383532571527,
30,W4,6,3,1,QWOA weighted Johnson cost alpha=2.0,2021-05-27,2022-08-23,12345978,,0.2166475084718719,True,Return from COBYLA because the trust region radius reaches its lower bound.,1.0,0.13259874601760435,0.13259874601760435,0.2166475084718719,-0.02410930444315404,0.2868014262262932,100110,0.0444383532571527,
30,W4,6,3,2,Penalty QAOA transverse mixer,2021-05-27,2022-08-23,12345978,0.1,0.14150468211889822,False,Return from COBYLA because the objective function has been evaluated MAXFUN times.,0.34727733955192114,0.12254109135009086,0.12254109135009086,0.0482171536773376,-0.02410930444315404,0.12634542600848636,101010,-0.02410930444315404,0.08195196063644658
30,W4,6,3,2,QWOA Johnson,2021-05-27,2022-08-23,12345678,,0.03898164071918644,False,Return from COBYLA because the objective function has been evaluated MAXFUN times.,1.0,0.46360474239978466,0.46360474239978466,0.03898164071918644,-0.02410930444315404,0.07515705510236383,101010,-0.02410930444315404,
30,W4,6,3,2,QWOA complete / Grover-equivalent,2021-05-27,2022-08-23,12345878,,0.11096120103388502,False,Return from COBYLA because the objective function has been evaluated MAXFUN times.,1.0,0.2580128886774808,0.2580128886774808,0.11096120103388502,-0.02410930444315404,0.1609026683103406,101010,-0.02410930444315404,
30,W4,6,3,2,QWOA weighted Johnson cost alpha=0.25,2021-05-27,2022-08-23,12345678,,0.04882037570820821,False,Return from COBYLA because the objective function has been evaluated MAXFUN times.,1.0,0.41296910216650273,0.41296910216650273,0.04882037570820821,-0.02410930444315404,0.08687744296158469,101010,-0.02410930444315404,
30,W4,6,3,2,QWOA weighted Johnson cost alpha=0.5,2021-05-27,2022-08-23,12345678,,0.04762266850065819,False,Return from COBYLA because the objective function has been evaluated MAXFUN times.,1.0,0.4691620498608033,0.4691620498608033,0.04762266850065819,-0.02410930444315404,0.0854506748831748,101010,-0.02410930444315404,
30,W4,6,3,2,QWOA weighted Johnson cost alpha=1.0,2021-05-27,2022-08-23,12345778,,0.04265543934841344,False,Return from COBYLA because the objective function has been evaluated MAXFUN times.,1.0,0.5088464297271598,0.5088464297271598,0.04265543934841344,-0.02410930444315404,0.07953346577906764,101010,-0.02410930444315404,
30,W4,6,3,2,QWOA weighted Johnson cost alpha=2.0,2021-05-27,2022-08-23,12345878,,0.14249518802861855,False,Return from COBYLA because the objective function has been evaluated MAXFUN times.,1.0,0.41073464112349367,0.41073464112349367,0.14249518802861855,-0.02410930444315404,0.19846751366274604,101010,-0.02410930444315404,
30,W4,6,3,3,Penalty QAOA transverse mixer,2021-05-27,2022-08-23,12345878,0.1,0.08185782317462553,False,Return from COBYLA because the objective function has been evaluated MAXFUN times.,0.48711089287539405,0.2002780109888138,0.2002780109888138,0.022737495635680074,-0.02410930444315404,0.10966111155805251,101010,-0.02410930444315404,0.0679462340066593
30,W4,6,3,3,QWOA Johnson,2021-05-27,2022-08-23,12346078,,0.028994517473159318,False,Return from COBYLA because the objective function has been evaluated MAXFUN times.,1.0,0.5204950588022819,0.5204950588022819,0.028994517473159318,-0.02410930444315404,0.06325989981035846,101010,-0.02410930444315404,
30,W4,6,3,3,QWOA complete / Grover-equivalent,2021-05-27,2022-08-23,12345678,,0.07991003066478163,False,Return from COBYLA because the objective function has been evaluated MAXFUN times.,1.0,0.3320944024809017,0.3320944024809017,0.07991003066478163,-0.02410930444315404,0.12391297800821142,101010,-0.02410930444315404,
30,W4,6,3,3,QWOA weighted Johnson cost alpha=0.25,2021-05-27,2022-08-23,12346078,,0.02570406018176429,False,Return from COBYLA because the objective function has been evaluated MAXFUN times.,1.0,0.5372200265179553,0.5372200265179553,0.02570406018176429,-0.02410930444315404,0.05934014429988043,101010,-0.02410930444315404,
30,W4,6,3,3,QWOA weighted Johnson cost alpha=0.5,2021-05-27,2022-08-23,12346078,,0.026654856549854635,False,Return from COBYLA because the objective function has been evaluated MAXFUN times.,1.0,0.5254150038104817,0.5254150038104817,0.026654856549854635,-0.02410930444315404,0.06047277997119303,101010,-0.02410930444315404,
30,W4,6,3,3,QWOA weighted Johnson cost alpha=1.0,2021-05-27,2022-08-23,12345978,,0.034753756756542714,False,Return from COBYLA because the objective function has been evaluated MAXFUN times.,1.0,0.5508644384969019,0.5508644384969019,0.034753756756542714,-0.02410930444315404,0.07012059056487445,101010,-0.02410930444315404,
30,W4,6,3,3,QWOA weighted Johnson cost alpha=2.0,2021-05-27,2022-08-23,12346078,,0.06386349067891288,False,Return from COBYLA because the objective function has been evaluated MAXFUN times.,1.0,0.3971580403454919,0.3971580403454919,0.06386349067891288,-0.02410930444315404,0.1047975457252267,101010,-0.02410930444315404,
31,W4,6,4,1,Penalty QAOA transverse mixer,2021-05-27,2022-08-23,12345678,10.0,17.693545676613354,False,Return from COBYLA because the objective function has been evaluated MAXFUN times.,0.21277652405782654,0.05398376816913612,0.05398376816913612,0.3441511514859721,0.20137038479136454,0.19712948660423477,101110,0.20137038479136454,0.3739934695191062
31,W4,6,4,1,QWOA Johnson,2021-05-27,2022-08-23,12346078,,0.30912961618296203,True,Return from COBYLA because the trust region radius reaches its lower bound.,1.0,0.385523949957964,0.385523949957964,0.30912961618296203,0.20137038479136454,0.12305724923521041,101110,0.20137038479136454,
31,W4,6,4,1,QWOA complete / Grover-equivalent,2021-05-27,2022-08-23,12345678,,0.3932930749154389,True,Return from COBYLA because the trust region radius reaches its lower bound.,1.0,0.20796118886274712,0.20796118886274712,0.3932930749154389,0.20137038479136454,0.219168956640608,101110,0.20137038479136454,
31,W4,6,4,1,QWOA weighted Johnson cost alpha=0.25,2021-05-27,2022-08-23,12345978,,0.3031261293618775,True,Return from COBYLA because the trust region radius reaches its lower bound.,1.0,0.3854711755447294,0.3854711755447294,0.3031261293618775,0.20137038479136454,0.11620147860208666,101110,0.20137038479136454,
31,W4,6,4,1,QWOA weighted Johnson cost alpha=0.5,2021-05-27,2022-08-23,12345978,,0.3040709390098115,True,Return from COBYLA because the trust region radius reaches its lower bound.,1.0,0.3672684734870895,0.3672684734870895,0.3040709390098115,0.20137038479136454,0.1172804179637005,101110,0.20137038479136454,
31,W4,6,4,1,QWOA weighted Johnson cost alpha=1.0,2021-05-27,2022-08-23,12345978,,0.3246029153513834,True,Return from COBYLA because the trust region radius reaches its lower bound.,1.0,0.2929408050695983,0.2929408050695983,0.3246029153513834,0.20137038479136454,0.14072721224134851,101110,0.20137038479136454,
31,W4,6,4,1,QWOA weighted Johnson cost alpha=2.0,2021-05-27,2022-08-23,12345778,,0.4071694140717684,True,Return from COBYLA because the trust region radius reaches its lower bound.,1.0,0.12703786883510232,0.12703786883510232,0.4071694140717684,0.20137038479136454,0.23501524752428532,111010,0.27478850438432795,
31,W4,6,4,2,Penalty QAOA transverse mixer,2021-05-27,2022-08-23,12345678,0.1,0.24504010210654237,False,Return from COBYLA because the objective function has been evaluated MAXFUN times.,0.2467616237810507,0.12455341625008734,0.12455341625008734,0.11806520591541637,0.20137038479136454,0.062117408699421096,101110,0.20137038479136454,0.25576558912989994
31,W4,6,4,2,QWOA Johnson,2021-05-27,2022-08-23,12345678,,0.25660874642118886,False,Return from COBYLA because the objective function has been evaluated MAXFUN times.,1.0,0.5050658895504756,0.5050658895504756,0.25660874642118886,0.20137038479136454,0.06308026464780453,101110,0.20137038479136454,
31,W4,6,4,2,QWOA complete / Grover-equivalent,2021-05-27,2022-08-23,12345878,,0.30064094051697565,False,Return from COBYLA because the objective function has been evaluated MAXFUN times.,1.0,0.3474805691205381,0.3474805691205381,0.30064094051697565,0.20137038479136454,0.1133634804172973,101110,0.20137038479136454,
31,W4,6,4,2,QWOA weighted Johnson cost alpha=0.25,2021-05-27,2022-08-23,12345678,,0.26062348184445344,False,Return from COBYLA because the objective function has been evaluated MAXFUN times.,1.0,0.4821023162796828,0.4821023162796828,0.26062348184445344,0.20137038479136454,0.06766495118661943,101110,0.20137038479136454,
31,W4,6,4,2,QWOA weighted Johnson cost alpha=0.5,2021-05-27,2022-08-23,12345678,,0.26724365405583084,False,Return from COBYLA because the objective function has been evaluated MAXFUN times.,1.0,0.4407576449888447,0.4407576449888447,0.26724365405583084,0.20137038479136454,0.07522495482876683,101110,0.20137038479136454,
31,W4,6,4,2,QWOA weighted Johnson cost alpha=1.0,2021-05-27,2022-08-23,12345878,,0.2727466051830245,False,Return from COBYLA because the objective function has been evaluated MAXFUN times.,1.0,0.4292986954108689,0.4292986954108689,0.2727466051830245,0.20137038479136454,0.08150913131780829,101110,0.20137038479136454,
31,W4,6,4,2,QWOA weighted Johnson cost alpha=2.0,2021-05-27,2022-08-23,12345878,,0.3176503373420996,False,Return from COBYLA because the objective function has been evaluated MAXFUN times.,1.0,0.2701845860373587,0.2701845860373587,0.3176503373420996,0.20137038479136454,0.1327876128783338,111010,0.27478850438432795,
31,W4,6,4,3,Penalty QAOA transverse mixer,2021-05-27,2022-08-23,12345878,1.0,1.521688691375021,False,Return from COBYLA because the objective function has been evaluated MAXFUN times.,0.5698812716290053,0.1416750796751977,0.1416750796751977,0.43429339696746905,0.20137038479136454,0.2687019011312474,101110,0.20137038479136454,0.4366682686569443
31,W4,6,4,3,QWOA Johnson,2021-05-27,2022-08-23,12346078,,0.2524678133640381,False,Return from COBYLA because the objective function has been evaluated MAXFUN times.,1.0,0.514747273585644,0.514747273585644,0.2524678133640381,0.20137038479136454,0.0583514648531184,101110,0.20137038479136454,
31,W4,6,4,3,QWOA complete / Grover-equivalent,2021-05-27,2022-08-23,12345678,,0.2904376646308981,False,Return from COBYLA because the objective function has been evaluated MAXFUN times.,1.0,0.37090056165026203,0.37090056165026203,0.2904376646308981,0.20137038479136454,0.10171169850020242,101110,0.20137038479136454,
31,W4,6,4,3,QWOA weighted Johnson cost alpha=0.25,2021-05-27,2022-08-23,12346078,,0.2527427406475327,False,Return from COBYLA because the objective function has been evaluated MAXFUN times.,1.0,0.5193336266762874,0.5193336266762874,0.2527427406475327,0.20137038479136454,0.058665422133711925,101110,0.20137038479136454,
31,W4,6,4,3,QWOA weighted Johnson cost alpha=0.5,2021-05-27,2022-08-23,12346078,,0.2556763698221336,False,Return from COBYLA because the objective function has been evaluated MAXFUN times.,1.0,0.5197333325637881,0.5197333325637881,0.2556763698221336,0.20137038479136454,0.062015523390379704,101110,0.20137038479136454,
31,W4,6,4,3,QWOA weighted Johnson cost alpha=1.0,2021-05-27,2022-08-23,12346078,,0.2702204670991975,False,Return from COBYLA because the objective function has been evaluated MAXFUN times.,1.0,0.48235306094168545,0.48235306094168545,0.2702204670991975,0.20137038479136454,0.07862437054353742,101110,0.20137038479136454,
31,W4,6,4,3,QWOA weighted Johnson cost alpha=2.0,2021-05-27,2022-08-23,12345878,,0.3008374446723673,False,Return from COBYLA because the objective function has been evaluated MAXFUN times.,1.0,0.4453886138259854,0.4453886138259854,0.3008374446723673,0.20137038479136454,0.11358788124601059,101110,0.20137038479136454,
32,W4,7,3,1,QWOA Johnson,2021-05-27,2022-08-23,12345978,,0.06393102647389691,True,Return from COBYLA because the trust region radius reaches its lower bound.,1.0,0.23505247694719802,0.23505247694719802,0.06393102647389691,-0.08951795732236192,0.16958248861941203,1000101,-0.08951795732236192,
32,W4,7,3,1,QWOA complete / Grover-equivalent,2021-05-27,2022-08-23,12346078,,0.15443281823811453,True,Return from COBYLA because the trust region radius reaches its lower bound.,1.0,0.09123059061125255,0.09123059061125255,0.15443281823811453,-0.08951795732236192,0.2695995672093193,1000101,-0.08951795732236192,
32,W4,7,3,1,QWOA weighted Johnson cost alpha=0.25,2021-05-27,2022-08-23,12345878,,0.061302443981345156,True,Return from COBYLA because the trust region radius reaches its lower bound.,1.0,0.22971642051338276,0.22971642051338276,0.061302443981345156,-0.08951795732236192,0.16667753904203195,1000101,-0.08951795732236192,
32,W4,7,3,1,QWOA weighted Johnson cost alpha=0.5,2021-05-27,2022-08-23,12345778,,0.06836690363619316,True,Return from COBYLA because the trust region radius reaches its lower bound.,1.0,0.20835341758671944,0.20835341758671944,0.06836690363619316,-0.08951795732236192,0.174484750399073,1000101,-0.08951795732236192,
32,W4,7,3,1,QWOA weighted Johnson cost alpha=1.0,2021-05-27,2022-08-23,12345878,,0.10292635300421815,True,Return from COBYLA because the trust region radius reaches its lower bound.,1.0,0.15373899987286707,0.15373899987286707,0.10292635300421815,-0.08951795732236192,0.21267775294725363,1000101,-0.08951795732236192,
32,W4,7,3,1,QWOA weighted Johnson cost alpha=2.0,2021-05-27,2022-08-23,12345778,,0.1761855205440841,True,Return from COBYLA because the trust region radius reaches its lower bound.,1.0,0.1117450363527428,0.1117450363527428,0.1761855205440841,-0.08951795732236192,0.29363933143572457,1010100,-0.02410930444315404,
32,W4,7,3,2,QWOA Johnson,2021-05-27,2022-08-23,12345678,,-0.0055242168352901515,False,Return from COBYLA because the objective function has been evaluated MAXFUN times.,1.0,0.49303708054730333,0.49303708054730333,-0.0055242168352901515,-0.08951795732236192,0.09282477594744402,1000101,-0.08951795732236192,
32,W4,7,3,2,QWOA complete / Grover-equivalent,2021-05-27,2022-08-23,12345878,,0.07553265764752384,False,Return from COBYLA because the objective function has been evaluated MAXFUN times.,1.0,0.1712927360228989,0.1712927360228989,0.07553265764752384,-0.08951795732236192,0.18240390612114313,1000101,-0.08951795732236192,
32,W4,7,3,2,QWOA weighted Johnson cost alpha=0.25,2021-05-27,2022-08-23,12345678,,-0.01097181689580478,False,Return from COBYLA because the objective function has been evaluated MAXFUN times.,1.0,0.5314256249018121,0.5314256249018121,-0.01097181689580478,-0.08951795732236192,0.08680441952402239,1000101,-0.08951795732236192,
32,W4,7,3,2,QWOA weighted Johnson cost alpha=0.5,2021-05-27,2022-08-23,12345978,,-0.0266254857892334,False,Return from COBYLA because the objective function has been evaluated MAXFUN times.,1.0,0.544700370416192,0.544700370416192,-0.0266254857892334,-0.08951795732236192,0.06950493626060424,1000101,-0.08951795732236192,
32,W4,7,3,2,QWOA weighted Johnson cost alpha=1.0,2021-05-27,2022-08-23,12346078,,-0.013420156007037188,False,Return from COBYLA because the objective function has been evaluated MAXFUN times.,1.0,0.5037563563657742,0.5037563563657742,-0.013420156007037188,-0.08951795732236192,0.08409866397455387,1000101,-0.08951795732236192,
32,W4,7,3,2,QWOA weighted Johnson cost alpha=2.0,2021-05-27,2022-08-23,12345678,,0.061580919956357665,False,Return from COBYLA because the objective function has been evaluated MAXFUN times.,1.0,0.39545762418079267,0.39545762418079267,0.061580919956357665,-0.08951795732236192,0.16698529376086438,1000101,-0.08951795732236192,
32,W4,7,3,3,QWOA Johnson,2021-05-27,2022-08-23,12345678,,-0.02915750071615537,False,Return from COBYLA because the objective function has been evaluated MAXFUN times.,1.0,0.5867405290080447,0.5867405290080447,-0.02915750071615537,-0.08951795732236192,0.06670670728634762,1000101,-0.08951795732236192,
32,W4,7,3,3,QWOA complete / Grover-equivalent,2021-05-27,2022-08-23,12346078,,0.028220626534627286,False,Return from COBYLA because the objective function has been evaluated MAXFUN times.,1.0,0.26479159912386846,0.26479159912386846,0.028220626534627286,-0.08951795732236192,0.13011752546699076,1000101,-0.08951795732236192,
32,W4,7,3,3,QWOA weighted Johnson cost alpha=0.25,2021-05-27,2022-08-23,12345678,,-0.049542129829023535,False,Return from COBYLA because the objective function has been evaluated MAXFUN times.,1.0,0.65825272608485,0.65825272608485,-0.049542129829023535,-0.08951795732236192,0.044178854386821405,1000101,-0.08951795732236192,
32,W4,7,3,3,QWOA weighted Johnson cost alpha=0.5,2021-05-27,2022-08-23,12345678,,-0.036777305389582446,False,Return from COBYLA because the objective function has been evaluated MAXFUN times.,1.0,0.6179678829162237,0.6179678829162237,-0.036777305389582446,-0.08951795732236192,0.0582857623745893,1000101,-0.08951795732236192,
32,W4,7,3,3,QWOA weighted Johnson cost alpha=1.0,2021-05-27,2022-08-23,12345678,,-0.03289003223847331,False,Return from COBYLA because the objective function has been evaluated MAXFUN times.,1.0,0.5838005653849622,0.5838005653849622,-0.03289003223847331,-0.08951795732236192,0.06258174035111197,1000101,-0.08951795732236192,
32,W4,7,3,3,QWOA weighted Johnson cost alpha=2.0,2021-05-27,2022-08-23,12345678,,0.04908435403368684,False,Return from COBYLA because the objective function has been evaluated MAXFUN times.,1.0,0.4398953316233855,0.4398953316233855,0.04908435403368684,-0.08951795732236192,0.15317484877820609,1000101,-0.08951795732236192,
33,W4,7,4,1,QWOA Johnson,2021-05-27,2022-08-23,12345878,,0.21739161741442092,True,Return from COBYLA because the trust region radius reaches its lower bound.,1.0,0.23021272156638944,0.4542055709921066,0.21739161741442092,0.10044989411187827,0.11974320861892615,1010101,0.10044989411187827,
33,W4,7,4,1,QWOA complete / Grover-equivalent,2021-05-27,2022-08-23,12346078,,0.34014974645665785,True,Return from COBYLA because the trust region radius reaches its lower bound.,1.0,0.0924674951193803,0.1808909867719084,0.34014974645665785,0.10044989411187827,0.24544216225538265,1010101,0.10044989411187827,
33,W4,7,4,1,QWOA weighted Johnson cost alpha=0.25,2021-05-27,2022-08-23,12345978,,0.21198856595181378,True,Return from COBYLA because the trust region radius reaches its lower bound.,1.0,0.23027591717290244,0.456709261306994,0.21198856595181378,0.10044989411187827,0.11421072029744017,1010101,0.10044989411187827,
33,W4,7,4,1,QWOA weighted Johnson cost alpha=0.5,2021-05-27,2022-08-23,12345778,,0.21627014042500084,True,Return from COBYLA because the trust region radius reaches its lower bound.,1.0,0.21717484236793388,0.435137066055607,0.21627014042500084,0.10044989411187827,0.11859486524486768,1001101,0.12787249111342908,
33,W4,7,4,1,QWOA weighted Johnson cost alpha=1.0,2021-05-27,2022-08-23,12345878,,0.24658069542976987,True,Return from COBYLA because the trust region radius reaches its lower bound.,1.0,0.173479051882615,0.3605904209951437,0.24658069542976987,0.10044989411187827,0.1496315475237971,1001101,0.12787249111342908,
33,W4,7,4,1,QWOA weighted Johnson cost alpha=2.0,2021-05-27,2022-08-23,12345978,,0.33094435805625916,True,Return from COBYLA because the trust region radius reaches its lower bound.,1.0,0.11073570501849314,0.24528655187322218,0.33094435805625916,0.10044989411187827,0.23601624725671752,1001101,0.12787249111342908,
33,W4,7,4,2,QWOA Johnson,2021-05-27,2022-08-23,12345878,,0.17587685805724065,False,Return from COBYLA because the objective function has been evaluated MAXFUN times.,1.0,0.3079551049278239,0.580396779852856,0.17587685805724065,0.10044989411187827,0.0772339112519763,1010101,0.10044989411187827,
33,W4,7,4,2,QWOA complete / Grover-equivalent,2021-05-27,2022-08-23,12345878,,0.24460196483169197,False,Return from COBYLA because the objective function has been evaluated MAXFUN times.,1.0,0.1670219648469029,0.32100285884087026,0.24460196483169197,0.10044989411187827,0.1476054139581637,1010101,0.10044989411187827,
33,W4,7,4,2,QWOA weighted Johnson cost alpha=0.25,2021-05-27,2022-08-23,12345678,,0.1827892976806959,False,Return from COBYLA because the objective function has been evaluated MAXFUN times.,1.0,0.2903998420294824,0.553121279548987,0.1827892976806959,0.10044989411187827,0.08431194701647181,1010101,0.10044989411187827,
33,W4,7,4,2,QWOA weighted Johnson cost alpha=0.5,2021-05-27,2022-08-23,12345978,,0.17775826697397662,False,Return from COBYLA because the objective function has been evaluated MAXFUN times.,1.0,0.32002847046436084,0.5958171710573383,0.17775826697397662,0.10044989411187827,0.07916039167360803,1010101,0.10044989411187827,
33,W4,7,4,2,QWOA weighted Johnson cost alpha=1.0,2021-05-27,2022-08-23,12345878,,0.22766652881426655,False,Return from COBYLA because the objective function has been evaluated MAXFUN times.,1.0,0.20483028377608506,0.3922660396560062,0.22766652881426655,0.10044989411187827,0.1302642683788343,1010101,0.10044989411187827,
33,W4,7,4,2,QWOA weighted Johnson cost alpha=2.0,2021-05-27,2022-08-23,12346078,,0.21975965109636642,False,Return from COBYLA because the objective function has been evaluated MAXFUN times.,1.0,0.3029434349498271,0.5932171696450296,0.21975965109636642,0.10044989411187827,0.12216797151095442,1010101,0.10044989411187827,
33,W4,7,4,3,QWOA Johnson,2021-05-27,2022-08-23,12346078,,0.1625049447350618,False,Return from COBYLA because the objective function has been evaluated MAXFUN times.,1.0,0.3674328789655342,0.6586408436049251,0.1625049447350618,0.10044989411187827,0.06354165701326145,1010101,0.10044989411187827,
33,W4,7,4,3,QWOA complete / Grover-equivalent,2021-05-27,2022-08-23,12345878,,0.21987383682372863,False,Return from COBYLA because the objective function has been evaluated MAXFUN times.,1.0,0.20931670566011376,0.39326069942378783,0.21987383682372863,0.10044989411187827,0.12228489270030156,1010101,0.10044989411187827,
33,W4,7,4,3,QWOA weighted Johnson cost alpha=0.25,2021-05-27,2022-08-23,12345678,,0.14381983646030744,False,Return from COBYLA because the objective function has been evaluated MAXFUN times.,1.0,0.47775473765154824,0.8202957108276768,0.14381983646030744,0.10044989411187827,0.04440892358823172,1010101,0.10044989411187827,
33,W4,7,4,3,QWOA weighted Johnson cost alpha=0.5,2021-05-27,2022-08-23,12345678,,0.14528742808906026,False,Return from COBYLA because the objective function has been evaluated MAXFUN times.,1.0,0.5208610268563929,0.8607744137935294,0.14528742808906026,0.10044989411187827,0.04591167321091765,1010101,0.10044989411187827,
33,W4,7,4,3,QWOA weighted Johnson cost alpha=1.0,2021-05-27,2022-08-23,12345678,,0.16488927765087036,False,Return from COBYLA because the objective function has been evaluated MAXFUN times.,1.0,0.4716106894538912,0.7890593556635082,0.16488927765087036,0.10044989411187827,0.06598310960769596,1010101,0.10044989411187827,
33,W4,7,4,3,QWOA weighted Johnson cost alpha=2.0,2021-05-27,2022-08-23,12345678,,0.19106666512186582,False,Return from COBYLA because the objective function has been evaluated MAXFUN times.,1.0,0.42705454445174024,0.7269579720171535,0.19106666512186582,0.10044989411187827,0.0927876091525536,1010101,0.10044989411187827,
34,W4,8,3,1,QWOA Johnson,2021-05-27,2022-08-23,12345978,,0.08807371989815195,True,Return from COBYLA because the trust region radius reaches its lower bound.,1.0,0.17810903746111162,0.17810903746111162,0.08807371989815195,-0.08951795732236192,0.17125627900080698,10001010,-0.08951795732236192,
34,W4,8,3,1,QWOA complete / Grover-equivalent,2021-05-27,2022-08-23,12345978,,0.18745843141568214,True,Return from COBYLA because the trust region radius reaches its lower bound.,1.0,0.05823632415440336,0.05823632415440336,0.18745843141568214,-0.08951795732236192,0.2670955443900683,10001010,-0.08951795732236192,
34,W4,8,3,1,QWOA weighted Johnson cost alpha=0.25,2021-05-27,2022-08-23,12345878,,0.08522835079716856,True,Return from COBYLA because the trust region radius reaches its lower bound.,1.0,0.1724856686905069,0.1724856686905069,0.08522835079716856,-0.08951795732236192,0.1685124154805969,10001010,-0.08951795732236192,
34,W4,8,3,1,QWOA weighted Johnson cost alpha=0.5,2021-05-27,2022-08-23,12345778,,0.09150232921553776,True,Return from COBYLA because the trust region radius reaches its lower bound.,1.0,0.15433861416447536,0.15433861416447536,0.09150232921553776,-0.08951795732236192,0.17456257624982674,10001010,-0.08951795732236192,
34,W4,8,3,1,QWOA weighted Johnson cost alpha=1.0,2021-05-27,2022-08-23,12345878,,0.12320005241342641,True,Return from COBYLA because the trust region radius reaches its lower bound.,1.0,0.10809807650622823,0.10809807650622823,0.12320005241342641,-0.08951795732236192,0.20512951616856814,10001010,-0.08951795732236192,
34,W4,8,3,1,QWOA weighted Johnson cost alpha=2.0,2021-05-27,2022-08-23,12345978,,0.19835414230041143,True,Return from COBYLA because the trust region radius reaches its lower bound.,1.0,0.060247885711739876,0.060247885711739876,0.19835414230041143,-0.08951795732236192,0.2776025621309413,10011000,0.0444383532571527,
34,W4,8,3,2,QWOA Johnson,2021-05-27,2022-08-23,12345678,,0.00637808575729349,False,Return from COBYLA because the objective function has been evaluated MAXFUN times.,1.0,0.4441803609840486,0.4441803609840486,0.00637808575729349,-0.08951795732236192,0.09247505156635712,10001010,-0.08951795732236192,
34,W4,8,3,2,QWOA complete / Grover-equivalent,2021-05-27,2022-08-23,12345678,,0.10409815493335312,False,Return from COBYLA because the objective function has been evaluated MAXFUN times.,1.0,0.1115827981424415,0.1115827981424415,0.10409815493335312,-0.08951795732236192,0.18670905899686027,10001010,-0.08951795732236192,
34,W4,8,3,2,QWOA weighted Johnson cost alpha=0.25,2021-05-27,2022-08-23,12345978,,0.00022873128919554127,False,Return from COBYLA because the objective function has been evaluated MAXFUN times.,1.0,0.465852115907356,0.465852115907356,0.00022873128919554127,-0.08951795732236192,0.0865450689177007,10001010,-0.08951795732236192,
34,W4,8,3,2,QWOA weighted Johnson cost alpha=0.5,2021-05-27,2022-08-23,12345878,,-0.0027552248146031416,False,Return from COBYLA because the objective function has been evaluated MAXFUN times.,1.0,0.4560010541905914,0.4560010541905914,-0.0027552248146031416,-0.08951795732236192,0.0836675623417378,10001010,-0.08951795732236192,
34,W4,8,3,2,QWOA weighted Johnson cost alpha=1.0,2021-05-27,2022-08-23,12345678,,0.002345766700764967,False,Return from COBYLA because the objective function has been evaluated MAXFUN times.,1.0,0.4183266294164595,0.4183266294164595,0.002345766700764967,-0.08951795732236192,0.08858658129470326,10001010,-0.08951795732236192,
34,W4,8,3,2,QWOA weighted Johnson cost alpha=2.0,2021-05-27,2022-08-23,12346078,,0.0760135792851589,False,Return from COBYLA because the objective function has been evaluated MAXFUN times.,1.0,0.27005916085375326,0.27005916085375326,0.0760135792851589,-0.08951795732236192,0.15962637135010582,10001010,-0.08951795732236192,
34,W4,8,3,3,QWOA Johnson,2021-05-27,2022-08-23,12345678,,-0.03216642648889607,False,Return from COBYLA because the objective function has been evaluated MAXFUN times.,1.0,0.578230871421486,0.578230871421486,-0.03216642648889607,-0.08951795732236192,0.05530557467140628,10001010,-0.08951795732236192,
34,W4,8,3,3,QWOA complete / Grover-equivalent,2021-05-27,2022-08-23,12345678,,0.08404078088987152,False,Return from COBYLA because the objective function has been evaluated MAXFUN times.,1.0,0.14960025572976673,0.14960025572976673,0.08404078088987152,-0.08951795732236192,0.16736721089353457,10001010,-0.08951795732236192,
34,W4,8,3,3,QWOA weighted Johnson cost alpha=0.25,2021-05-27,2022-08-23,12345678,,-0.033520142678791866,False,Return from COBYLA because the objective function has been evaluated MAXFUN times.,1.0,0.5673490296691158,0.5673490296691158,-0.033520142678791866,-0.08951795732236192,0.05400015089742592,10001010,-0.08951795732236192,
34,W4,8,3,3,QWOA weighted Johnson cost alpha=0.5,2021-05-27,2022-08-23,12346078,,-0.03171059656110011,False,Return from COBYLA because the objective function has been evaluated MAXFUN times.,1.0,0.5595754698658088,0.5595754698658088,-0.03171059656110011,-0.08951795732236192,0.055745143341027044,10001010,-0.08951795732236192,
34,W4,8,3,3,QWOA weighted Johnson cost alpha=1.0,2021-05-27,2022-08-23,12345978,,-0.014907733892518269,False,Return from COBYLA because the objective function has been evaluated MAXFUN times.,1.0,0.49881443138082077,0.49881443138082077,-0.014907733892518269,-0.08951795732236192,0.07194858137494917,10001010,-0.08951795732236192,
34,W4,8,3,3,QWOA weighted Johnson cost alpha=2.0,2021-05-27,2022-08-23,12346078,,-0.0007890785175398039,False,Return from COBYLA because the objective function has been evaluated MAXFUN times.,1.0,0.4545972404709085,0.4545972404709085,-0.0007890785175398039,-0.08951795732236192,0.08556356841632533,10001010,-0.08951795732236192,
35,W4,8,4,1,QWOA Johnson,2021-05-27,2022-08-23,12345678,,0.24861667896139786,True,Return from COBYLA because the trust region radius reaches its lower bound.,1.0,0.15936832494296144,0.32454066594145814,0.24861667896139786,0.10044989411187827,0.12345268858421027,10011010,0.12787249111342908,
35,W4,8,4,1,QWOA complete / Grover-equivalent,2021-05-27,2022-08-23,12346078,,0.40458878177189583,True,Return from COBYLA because the trust region radius reaches its lower bound.,1.0,0.04656276283074446,0.09138080024322112,0.40458878177189583,0.10044989411187827,0.2534087745966366,10101010,0.10044989411187827,
35,W4,8,4,1,QWOA weighted Johnson cost alpha=0.25,2021-05-27,2022-08-23,12345678,,0.24148899953222086,True,Return from COBYLA because the trust region radius reaches its lower bound.,1.0,0.15714024022479173,0.3260308907958457,0.24148899953222086,0.10044989411187827,0.1175139001452768,10011010,0.12787249111342908,
35,W4,8,4,1,QWOA weighted Johnson cost alpha=0.5,2021-05-27,2022-08-23,12345978,,0.24275682385012107,True,Return from COBYLA because the trust region radius reaches its lower bound.,1.0,0.1457404962847875,0.30887717911186463,0.24275682385012107,0.10044989411187827,0.1185702524232599,10011010,0.12787249111342908,
35,W4,8,4,1,QWOA weighted Johnson cost alpha=1.0,2021-05-27,2022-08-23,12345678,,0.2665197227012879,True,Return from COBYLA because the trust region radius reaches its lower bound.,1.0,0.10888547064582722,0.24301796655924995,0.2665197227012879,0.10044989411187827,0.13836951954450158,10011010,0.12787249111342908,
35,W4,8,4,1,QWOA weighted Johnson cost alpha=2.0,2021-05-27,2022-08-23,12345978,,0.35808924684628296,True,Return from COBYLA because the trust region radius reaches its lower bound.,1.0,0.05024278484948396,0.11737939475710249,0.35808924684628296,0.10044989411187827,0.21466532335476463,10011010,0.12787249111342908,
35,W4,8,4,2,QWOA Johnson,2021-05-27,2022-08-23,12345878,,0.19630480187168411,False,Return from COBYLA because the objective function has been evaluated MAXFUN times.,1.0,0.24058607127783474,0.47025475605961176,0.19630480187168411,0.10044989411187827,0.07986638900856112,10101010,0.10044989411187827,
35,W4,8,4,2,QWOA complete / Grover-equivalent,2021-05-27,2022-08-23,12345678,,0.3021409033274724,False,Return from COBYLA because the objective function has been evaluated MAXFUN times.,1.0,0.08588552804093631,0.16659155776939447,0.3021409033274724,0.10044989411187827,0.16804911692061028,10101010,0.10044989411187827,
35,W4,8,4,2,QWOA weighted Johnson cost alpha=0.25,2021-05-27,2022-08-23,12345678,,0.19905484788387134,False,Return from COBYLA because the objective function has been evaluated MAXFUN times.,1.0,0.23677655033621386,0.4685875542047303,0.19905484788387134,0.10044989411187827,0.08215772963716152,10101010,0.10044989411187827,
35,W4,8,4,2,QWOA weighted Johnson cost alpha=0.5,2021-05-27,2022-08-23,12345678,,0.20826413293592255,False,Return from COBYLA because the objective function has been evaluated MAXFUN times.,1.0,0.2156547860658414,0.4315760909381889,0.20826413293592255,0.10044989411187827,0.0898309136153977,10011010,0.12787249111342908,
35,W4,8,4,2,QWOA weighted Johnson cost alpha=1.0,2021-05-27,2022-08-23,12346078,,0.17893112610261405,False,Return from COBYLA because the objective function has been evaluated MAXFUN times.,1.0,0.3124695536926253,0.5991280869843444,0.17893112610261405,0.10044989411187827,0.0653906278826086,10101010,0.10044989411187827,
35,W4,8,4,2,QWOA weighted Johnson cost alpha=2.0,2021-05-27,2022-08-23,12345878,,0.22279927647718642,False,Return from COBYLA because the objective function has been evaluated MAXFUN times.,1.0,0.2532986530871553,0.4824932612313253,0.22279927647718642,0.10044989411187827,0.10194160732417235,10101010,0.10044989411187827,
35,W4,8,4,3,QWOA Johnson,2021-05-27,2022-08-23,12345678,,0.16332679153928492,False,Return from COBYLA because the objective function has been evaluated MAXFUN times.,1.0,0.3557049358871171,0.6557114961991348,0.16332679153928492,0.10044989411187827,0.052389083323435115,10101010,0.10044989411187827,
35,W4,8,4,3,QWOA complete / Grover-equivalent,2021-05-27,2022-08-23,12345878,,0.2697727771370734,False,Return from COBYLA because the objective function has been evaluated MAXFUN times.,1.0,0.11415011297731524,0.21720586789972587,0.2697727771370734,0.10044989411187827,0.14107996721073385,10101010,0.10044989411187827,
35,W4,8,4,3,QWOA weighted Johnson cost alpha=0.25,2021-05-27,2022-08-23,12345678,,0.1577823123749205,False,Return from COBYLA because the objective function has been evaluated MAXFUN times.,1.0,0.4114567656369924,0.7344011685418226,0.1577823123749205,0.10044989411187827,0.04776941866421278,10101010,0.10044989411187827,
35,W4,8,4,3,QWOA weighted Johnson cost alpha=0.5,2021-05-27,2022-08-23,12345978,,0.16225833966082795,False,Return from COBYLA because the objective function has been evaluated MAXFUN times.,1.0,0.3850232650934716,0.6812157020728087,0.16225833966082795,0.10044989411187827,0.05149884832810653,10101010,0.10044989411187827,
35,W4,8,4,3,QWOA weighted Johnson cost alpha=1.0,2021-05-27,2022-08-23,12346078,,0.1600586671916413,False,Return from COBYLA because the objective function has been evaluated MAXFUN times.,1.0,0.4017294285047752,0.7196868458954646,0.1600586671916413,0.10044989411187827,0.049666079394086966,10101010,0.10044989411187827,
35,W4,8,4,3,QWOA weighted Johnson cost alpha=2.0,2021-05-27,2022-08-23,12345778,,0.1859739490454759,False,Return from COBYLA because the objective function has been evaluated MAXFUN times.,1.0,0.3570168705092281,0.6360360802964924,0.1859739490454759,0.10044989411187827,0.0712587138264447,10101010,0.10044989411187827,
