AAPL,AMZN,GOOGL,JPM,KO,META,MSFT,NVDA
123.89097595214844,162.24949645996094,117.08430480957031,144.1282958984375,47.21485137939453,322.102294921875,241.1940155029297,15.572750091552734
123.69600677490234,162.95249938964844,117.17504119873047,142.63890075683594,47.206233978271484,325.2376708984375,242.09805297851562,15.608407974243164
123.64727020263672,163.25799560546875,118.03990936279297,142.62124633789062,47.41301345825195,325.1087341308594,241.87689208984375,15.660528182983398
122.11690521240234,161.5054931640625,117.16564178466797,144.84214782714844,47.80933380126953,330.1590576171875,239.78021240234375,15.44906234741211
121.46383666992188,161.15350341796875,116.87652587890625,144.74517822265625,47.637027740478516,326.17041015625,240.1360626220703,16.203659057617188
121.14215850830078,160.9324951171875,118.08303833007812,146.34034729003906,47.628395080566406,326.56732177734375,237.94320678710938,16.223608016967773
121.9024658203125,161.69949340820312,117.55789184570312,146.34918212890625,47.817962646484375,326.5870361328125,237.84707641601562,16.736068725585938
120.42086791992188,159.35049438476562,116.41680908203125,146.44610595703125,47.93857192993164,323.5013122558594,236.31784057617188,16.927085876464844
122.7115249633789,160.31100463867188,118.69745635986328,146.68408203125,48.455528259277344,327.7778015136719,241.20359802246094,17.534061431884766
122.72126007080078,159.90049743652344,119.13038635253906,145.9966278076172,48.28321075439453,333.959228515625,244.1082000732422,17.5747013092041
123.54004669189453,163.20550537109375,118.93898010253906,145.41500854492188,47.947200775146484,331.08184814453125,242.9156036376953,17.413108825683594
123.9201889038086,164.0574951171875,119.41007232666016,143.59950256347656,47.800716400146484,327.67852783203125,243.8966064453125,17.31857681274414
122.92594909667969,167.4824981689453,120.75843048095703,141.36099243164062,48.17120361328125,329.8713073730469,247.40708923339844,17.385173797607422
124.1346435546875,167.3415069580078,120.51396942138672,141.2640838623047,48.3865966796875,328.6806945800781,248.03228759765625,17.784515380859375
127.18561553955078,169.19349670410156,121.44178771972656,138.86691284179688,48.221675872802734,334.1477355957031,249.95578002929688,17.977567672729492
126.36685943603516,169.156494140625,120.4241943359375,136.76060485839844,48.100135803222656,334.1279602050781,248.4842529296875,17.74784278869629
126.8639907836914,170.7624969482422,119.7824935913086,137.7212371826172,47.457759857177734,328.5020446777344,247.5417022705078,17.769542694091797
128.46255493164062,174.46200561523438,120.74554443359375,133.74655151367188,47.700828552246094,333.8897705078125,250.92721557617188,18.614606857299805
127.16613006591797,174.34500122070312,119.12641906738281,130.36233520507812,46.676483154296875,327.0931701660156,249.51336669921875,18.596155166625977
128.95965576171875,172.697998046875,120.81398010253906,132.5743865966797,47.18865203857422,329.7026672363281,252.59109497070312,18.385133743286133
130.5972442626953,175.27200317382812,121.32772827148438,132.38052368164062,47.36227035522461,336.39019775390625,255.36094665527344,18.843585968017578
130.32431030273438,175.1909942626953,121.12589263916016,133.18251037597656,46.980316162109375,337.93798828125,255.1301727294922,19.01369285583496
130.0416259765625,172.45399475097656,121.49584197998047,134.40750122070312,47.214691162109375,340.5078430175781,256.495849609375,19.16160011291504
129.74925231933594,170.072998046875,121.50426483154297,135.76473999023438,47.15393829345703,338.7119445800781,254.8896942138672,18.987506866455078
131.37705993652344,172.1945037841797,121.53153991699219,136.01148986816406,47.10184860229492,352.8708190917969,258.4482421875,19.939329147338867
132.88792419433594,172.40699768066406,121.27020263671875,135.8440704345703,46.75461196899414,349.1500549316406,261.02581787109375,19.980981826782227
133.50205993652344,172.00799560546875,121.08870697021484,137.07789611816406,46.971641540527344,345.00262451171875,260.54486083984375,19.9567813873291
133.80418395996094,171.64849853515625,121.4407958984375,138.43505859375,46.8414192199707,351.6305847167969,261.2181701660156,20.165809631347656
136.42630004882812,175.5489959716797,124.23074340820312,138.30210876464844,47.03239440917969,351.9382019042969,267.0369567871094,20.440181732177734
138.4342803955078,183.78700256347656,125.15558624267578,135.9797821044922,46.77197265625,350.0331726074219,267.0464782714844,20.65119171142578
140.91989135742188,184.82899475097656,125.437255859375,136.1393280029297,47.15393829345703,347.76092529296875,269.22967529296875,20.325191497802734
139.62347412109375,186.57049560546875,124.01898956298828,133.79042053222656,46.98899459838867,342.9586181640625,266.815673828125,19.857261657714844
141.44627380371094,185.9669952392578,124.48960876464844,138.0716552734375,47.27545928955078,347.6915283203125,267.31585693359375,20.004425048828125
140.85166931152344,185.92750549316406,125.93465423583984,140.0482635498047,47.29281997680664,350.41021728515625,266.71954345703125,20.465620040893555
141.9628448486328,183.8679962158203,126.29763793945312,137.9652862548828,47.761592864990234,349.34844970703125,270.2396545410156,20.20371437072754
145.38424682617188,184.08399963378906,127.18580627441406,137.49549865722656,48.83799743652344,344.9232177734375,271.71112060546875,19.796154022216797
144.73118591308594,181.55999755859375,125.96391296386719,137.796875,48.994258880615234,341.77789306640625,270.2877502441406,18.922903060913086
142.69390869140625,178.68150329589844,125.92919921875,134.65023803710938,48.95952606201172,338.50360107421875,270.0184631347656,18.119495391845703
138.85340881347656,177.47950744628906,123.55681610107422,130.27149963378906,48.37791442871094,334.326416015625,266.4214172363281,18.736831665039062
142.45999145507812,178.6595001220703,125.17493438720703,132.70021057128906,48.464725494384766,338.9996643066406,268.64306640625,18.569459915161133
141.72891235351562,179.25999450683594,126.5034408569336,135.49227905273438,49.089744567871094,343.5341491699219,270.64349365234375,19.365638732910156
143.09361267089844,181.90150451660156,127.3687973022461,133.78158569335938,49.020301818847656,348.4555358886719,275.2023620605469,19.54922103881836
144.80914306640625,182.83200073242188,131.9246368408203,133.5245361328125,49.48905563354492,366.9106750488281,278.5975036621094,19.513303756713867
145.22830200195312,184.99099731445312,132.936279296875,134.41973876953125,49.53246307373047,369.5598449707031,278.0011291503906,19.249900817871094
143.06431579589844,181.3195037841797,130.81878662109375,134.24246215820312,49.70608139038086,364.9460754394531,275.58709716796875,19.164100646972656
141.3195037841797,181.51600646972656,134.97840881347656,134.46408081054688,49.25468444824219,370.37353515625,275.2792663574219,19.45842742919922
141.9628448486328,179.99600219726562,134.6645050048828,135.6163787841797,49.523780822753906,355.52996826171875,275.54864501953125,19.617063522338867
142.17730712890625,166.37950134277344,133.6221160888672,134.5349578857422,49.50641632080078,353.52569580078125,274.0194091796875,19.45443344116211
141.84591674804688,166.57400512695312,133.7490692138672,133.99429321289062,49.37621307373047,349.20965576171875,273.9328308105469,19.70486068725586
143.6394805908203,168.31199645996094,134.51820373535156,135.5188751220703,49.41093063354492,348.505126953125,276.14495849609375,19.769710540771484
143.23980712890625,167.73599243164062,134.017822265625,134.0563507080078,48.6990966796875,356.12530517578125,275.5582275390625,20.227664947509766
143.34703063964844,168.79949951171875,135.13461303710938,135.7493438720703,49.04633712768555,360.1438293457031,278.4531555175781,20.58983039855957
142.66366577148438,167.2469940185547,134.62582397460938,139.60508728027344,49.167869567871094,360.6795654296875,278.3955078125,20.3194522857666
142.61485290527344,167.093505859375,135.79067993164062,139.4544219970703,49.176551818847656,358.79437255859375,277.30865478515625,20.248613357543945
142.13653564453125,166.03399658203125,135.68557739257812,141.1651153564453,49.3067512512207,358.318115234375,275.4909362792969,19.89043617248535
142.3903350830078,164.60549926757812,135.16189575195312,142.84927368164062,49.246002197265625,357.15716552734375,275.9814453125,19.65397834777832
145.34825134277344,165.1750030517578,136.0693817138672,143.4076690673828,49.34148406982422,359.8262939453125,278.7320861816406,19.859508514404297
145.55325317382812,164.69850158691406,136.59849548339844,141.8033447265625,49.68003463745117,360.3521423339844,281.6558837890625,20.141860961914062
147.5252227783203,164.94949340820312,137.17575073242188,140.87265014648438,49.89704513549805,363.705810546875,283.33905029296875,19.904403686523438
146.61732482910156,162.09800720214844,135.54127502441406,139.17076110839844,49.72343826293945,355.65899658203125,281.8770751953125,19.413530349731445
142.87843322753906,160.06100463867188,134.3386993408203,137.9032440185547,49.04633712768555,352.682373046875,280.15228271484375,18.996482849121094
143.21034240722656,159.3874969482422,134.56777954101562,136.75094604492188,49.358848571777344,352.35491943359375,285.9724426269531,19.75275421142578
144.66493225097656,159.99749755859375,136.30296325683594,137.14097595214844,49.167869567871094,356.5718078613281,293.28631591796875,20.76842498779297
146.14877319335938,163.2935028076172,138.8935546875,138.89601135253906,48.994258880615234,360.5208435058594,293.5658264160156,21.907817840576172
146.06089782714844,165.28900146484375,140.10353088378906,139.75576782226562,48.6209831237793,362.6640319824219,291.6095886230469,21.74319076538086
144.83087158203125,164.95899963378906,140.91433715820312,142.63650512695312,48.67306137084961,365.5215759277344,291.0218200683594,22.162227630615234
144.0303955078125,165.8000030517578,140.28109741210938,143.37222290039062,48.212982177734375,361.5428161621094,288.2080383300781,22.017562866210938
145.06517028808594,167.48150634765625,142.82354736328125,144.5244903564453,48.3084716796875,369.7285461425781,288.815185546875,22.584264755249023
149.47764587402344,171.07850646972656,143.40524291992188,142.21104431152344,48.76854705810547,377.6960144042969,292.5443420410156,22.63614845275879
148.21832275390625,173.5395050048828,143.51136779785156,141.77674865722656,48.88141632080078,376.42596435546875,290.8965148925781,22.33777618408203
148.8821258544922,173.9499969482422,144.02513122558594,141.57284545898438,49.211273193359375,379.0751953125,290.848388671875,22.393659591674805
149.99501037597656,173.156005859375,142.11245727539062,142.22882080078125,49.280723571777344,372.3579406738281,290.1931457519531,22.3487548828125
150.6295623779297,173.90249633789062,142.5612335205078,141.36903381347656,49.246002197265625,373.3302307128906,290.1834716796875,22.794815063476562
152.9627227783203,175.46449279785156,143.09780883789062,141.1208038330078,48.32583236694336,379.2041931152344,289.25836181640625,22.614194869995117
151.4202880859375,176.27499389648438,142.5131378173828,140.49147033691406,48.97689437866211,374.6300964355469,289.2872619628906,22.291872024536133
150.40504455566406,174.20799255371094,142.36434936523438,141.1031036376953,48.490760803222656,375.0567932128906,286.43499755859375,22.13021469116211
145.42636108398438,173.45750427246094,139.72122192382812,139.48098754882812,48.27375411987305,375.7413635253906,284.9510498046875,22.430580139160156
145.99258422851562,172.85850524902344,141.16578674316406,141.6969757080078,48.67306137084961,373.5783386230469,286.1844787597656,22.105268478393555
144.59657287597656,172.5,141.37603759765625,139.2239532470703,48.70804977416992,373.59820556640625,288.88262939453125,22.195079803466797
145.48489379882812,173.7895050048828,143.2455596923828,140.1901092529297,48.874229431152344,371.0085754394531,293.7296142578125,22.29387092590332
145.2506103515625,174.41200256347656,142.43280029296875,140.1280517578125,48.41067886352539,370.1552429199219,294.11505126953125,22.195079803466797
142.58554077148438,173.12600708007812,139.64584350585938,139.76466369628906,47.614768981933594,361.880126953125,288.959716796875,21.85379409790039
139.53976440429688,167.7864990234375,137.5823974609375,135.5809326171875,47.282405853271484,352.93035888671875,283.59234619140625,21.068462371826172
140.01815795898438,167.18150329589844,137.893310546875,135.59860229492188,47.273658752441406,354.69659423828125,284.0741271972656,21.2011775970459
142.38058471679688,169.00250244140625,139.13356018066406,138.19577026367188,47.343624114990234,340.53759765625,287.7165832519531,21.894710540771484
143.33724975585938,170.8000030517578,140.05841064453125,142.86700439453125,47.26490783691406,343.2662048339844,288.66094970703125,22.4345760345459
143.42510986328125,171.2760009765625,141.04922485351562,144.51565551757812,47.13372039794922,350.2117004394531,288.45867919921875,22.0344181060791
141.91195678710938,170.2899932861328,139.9156036376953,148.00799560546875,46.888824462890625,350.8268737792969,283.4670715332031,21.61430549621582
138.53428649902344,165.79800415039062,134.71658325195312,147.2102508544922,46.04043960571289,337.9975891113281,273.20452880859375,20.65533447265625
139.43238830566406,165.05599975585938,133.25218200683594,147.09503173828125,46.3203125,336.96563720703125,273.66705322265625,20.473716735839844
138.13400268554688,164.2519989013672,132.58023071289062,145.09178161621094,45.89175033569336,336.7474365234375,271.6628112792969,20.67229652404785
139.2566680908203,164.16299438476562,135.42372131347656,148.14096069335938,46.37278366088867,340.3392333984375,278.5815124511719,20.698244094848633
135.83018493652344,159.48899841308594,132.56387329101562,147.98141479492188,46.346553802490234,323.68988037109375,272.8094177246094,19.690370559692383
137.7533416748047,161.0500030517578,134.90797424316406,150.39797973632812,46.42527770996094,330.367431640625,278.2538757324219,20.407854080200195
138.62217712402344,163.10049438476562,136.43734741210938,150.71896362304688,46.976287841796875,331.04217529296875,282.44573974609375,20.656330108642578
139.88145446777344,165.1215057373047,138.08377075195312,151.673095703125,47.124977111816406,326.6565246582031,284.1223449707031,21.030540466308594
139.500732421875,164.43099975585938,138.63966369628906,151.78903198242188,47.33488464355469,327.4800720214844,284.1223449707031,20.78705406188965
139.41285705566406,162.31500244140625,137.77528381347656,148.59671020507812,47.43109130859375,322.9159240722656,283.5249328613281,20.651342391967773
138.14382934570312,162.3665008544922,135.33047485351562,147.45529174804688,47.43109130859375,321.24896240234375,282.2239990234375,20.62739372253418
137.55812072753906,164.21400451660156,136.45420837402344,143.56735229492188,47.439842224121094,322.0130310058594,285.5291748046875,20.894824981689453
140.34027099609375,164.9929962158203,139.99395751953125,145.7699432373047,47.763458251953125,325.97198486328125,291.7348937988281,21.700124740600586
141.39462280273438,170.4510040283203,140.20916748046875,148.5699005126953,47.649757385253906,322.2312927246094,293.1418151855469,21.81587791442871
143.06390380859375,172.33700561523438,141.60760498046875,148.51641845703125,47.17745590209961,332.7288818359375,296.1097106933594,22.17512321472168
145.22132873535156,172.20750427246094,142.0628662109375,150.31768798828125,47.36112976074219,337.3426513671875,297.0155944824219,22.242979049682617
145.70944213867188,170.7530059814453,140.6068878173828,152.34190368652344,47.780941009521484,338.1265869140625,296.225341796875,22.056371688842773
145.92420959472656,171.75050354003906,140.72293090820312,151.14703369140625,47.536048889160156,339.2179870605469,299.4534912109375,22.644128799438477
145.15298461914062,166.77749633789062,136.43882751464844,153.1801300048828,47.62351608276367,322.0824279785156,297.9116516113281,22.678054809570312
145.10421752929688,166.01849365234375,136.32029724121094,152.43112182617188,47.43109130859375,326.13067626953125,296.9191589355469,23.117128372192383
145.7680206298828,168.80349731445312,138.16656494140625,152.84129333496094,47.64100646972656,313.3509826660156,298.8271484375,24.66485595703125
145.30923461914062,169.62449645996094,145.01890563964844,149.6578369140625,48.55936050415039,309.7889099121094,311.4119873046875,24.3994197845459
148.9407196044922,172.32850646972656,144.65345764160156,151.91390991210938,49.0141716003418,314.45233154296875,312.5491027832031,24.888385772705078
146.23660278320312,168.6215057373047,146.83245849609375,151.49478149414062,49.302791595458984,321.050537109375,319.5545349121094,25.513065338134766
145.4165802001953,165.90550231933594,142.32069396972656,151.41453552246094,49.127864837646484,327.41064453125,317.3863220214844,25.77251434326172
146.45140075683594,165.6374969482422,144.2403564453125,152.011962890625,49.06663513183594,325.5254821777344,321.0096435546875,26.345304489135742
147.8864288330078,169.1999969482422,145.3963165283203,152.06549072265625,49.23283386230469,329.0378723144531,321.84796142578125,26.541887283325195
147.36900329589844,173.85000610351562,147.05210876464844,150.06802368164062,49.50395965576172,333.2349853515625,324.19921875,29.738134384155273
147.89694213867188,175.94949340820312,147.6318359375,149.85401916503906,49.713871002197266,338.4738464355469,323.83294677734375,29.689239501953125
147.07569885253906,174.44900512695312,147.80935668945312,150.75466918945312,49.26781463623047,335.9833679199219,324.7291259765625,30.73902130126953
147.43746948242188,178.81149291992188,147.69778442382812,149.61322021484375,49.407752990722656,332.7586669921875,323.72698974609375,30.592327117919922
144.61207580566406,174.1024932861328,144.69757080078125,149.47055053710938,49.608917236328125,325.0888671875,318.7642822265625,29.396854400634766
144.5631561279297,173.625,144.57162475585938,149.46163940429688,49.62641525268555,325.1881408691406,320.3350524902344,30.32589340209961
146.6357879638672,176.25750732421875,147.45924377441406,148.7928924560547,49.5127067565918,338.2357482910156,324.46893310546875,30.32589340209961
146.6455535888672,177.28399658203125,147.23507690429688,148.52532958984375,49.521461486816406,344.8537902832031,323.8426513671875,29.96165657043457
147.62315368652344,177.03500366210938,146.66384887695312,147.45529174804688,49.171607971191406,340.28961181640625,327.15740966796875,30.1392822265625
150.05751037597656,177.4499969482422,146.8334197998047,146.66165161132812,48.900474548339844,338.11663818359375,327.3794860839844,29.19927406311035
154.33958435058594,184.80299377441406,148.61021423339844,145.3953857421875,48.463157653808594,336.0528259277344,329.4551086425781,31.608179092407227
156.9596405029297,183.82850646972656,147.70570373535156,143.4960174560547,48.21826171875,342.6113586425781,331.23138427734375,32.91542053222656
157.41915893554688,178.6284942626953,145.10272216796875,146.5546417236328,48.51563262939453,338.3547668457031,328.0648498535156,31.88858413696289
157.8004150390625,179.0019989013672,144.5869903564453,150.05909729003906,48.874229431152344,334.6240539550781,325.98931884765625,31.679027557373047
158.31854248046875,179.02049255371094,144.9221954345703,148.88201904296875,48.480648040771484,338.4043884277344,326.2113952636719,32.605072021484375
153.3032684326172,175.22799682617188,141.01751708984375,144.3966522216797,46.9937744140625,330.5262451171875,318.2663269042969,31.436540603637695
156.65658569335938,178.07850646972656,144.3375701904297,143.77247619628906,47.737220764160156,335.3979797363281,324.9757080078125,33.30558776855469
161.60340881347656,175.35350036621094,140.7343292236328,141.63232421875,46.230003356933594,321.9336242675781,319.1448059082031,32.6070671081543
161.08526611328125,172.18600463867188,139.89527893066406,140.79412841796875,46.097782135009766,308.1816101074219,318.6524963378906,31.37252426147461
160.09786987304688,171.8679962158203,141.79408264160156,143.754638671875,46.77647399902344,307.9731750488281,318.0829162597656,32.06216049194336
158.2207489013672,169.489501953125,140.8374481201172,141.1508026123047,47.190738677978516,304.4507751464844,311.8272399902344,30.63200569152832
161.62294006347656,171.36849975585938,141.98153686523438,142.81832885742188,48.398277282714844,315.39495849609375,314.8971862792969,29.977304458618164
167.3519287109375,176.1645050048828,146.06231689453125,144.96737670898438,48.662696838378906,320.2964782714844,323.32489013671875,32.362548828125
171.16468811035156,176.1580047607422,146.97177124023438,143.3087921142578,48.47760009765625,327.98614501953125,323.37322998046875,31.76274871826172
170.6563262939453,174.17100524902344,146.4282989501953,143.08587646484375,48.35420227050781,327.251953125,321.56787109375,30.429410934448242
175.43699645996094,172.21200561523438,146.78826904296875,142.51513671875,49.60580062866211,327.1824645996094,330.68109130859375,30.137985229492188
171.8099822998047,169.5675048828125,144.63111877441406,140.8208465576172,50.910301208496094,331.8855285644531,327.6497802734375,28.10503578186035
170.4314422607422,169.0915069580078,142.72735595703125,141.89984130859375,50.94554901123047,331.141357421875,316.97271728515625,28.280685424804688
175.29034423828125,173.31500244140625,145.24058532714844,140.83868408203125,51.174713134765625,338.9996643066406,323.06427001953125,30.398466110229492
168.4077606201172,168.87100219726562,143.26095581054688,143.04124450683594,51.69475173950195,332.2923583984375,313.65179443359375,28.33058738708496
167.3127899169922,170.0175018310547,140.56324768066406,139.78646850585938,50.88385009765625,331.19097900390625,312.58984375,27.745752334594727
165.95388793945312,167.07899475097656,140.44619750976562,137.2718048095703,50.71638488769531,322.9159240722656,308.83453369140625,27.663911819458008
169.1214599609375,170.41700744628906,142.29641723632812,139.18902587890625,50.91910934448242,331.5977783203125,315.95904541015625,29.01721954345703
171.71217346191406,171.03700256347656,145.21481323242188,139.7329864501953,51.280487060546875,327.876953125,321.6644592285156,29.341571807861328
172.33786010742188,171.06849670410156,145.71221923828125,140.2323455810547,51.31574249267578,332.62969970703125,323.10284423828125,29.581100463867188
176.29730224609375,169.66949462890625,146.69407653808594,141.03488159179688,51.69475173950195,343.4844665527344,330.5942687988281,30.883501052856445
175.28053283691406,170.66099548339844,145.48455810546875,141.46290588378906,51.8974723815918,343.5242004394531,329.43572998046875,30.261741638183594
175.36854553222656,169.2010040283203,145.45285034179688,141.39154052734375,51.95917510986328,340.2697448730469,330.111572265625,29.941373825073242
174.21493530273438,168.64450073242188,145.00205993652344,141.32022094726562,51.809326171875,341.6786804199219,327.57257080078125,29.52720069885254
173.59901428222656,166.7169952392578,143.66464233398438,141.20433044433594,52.18833923339844,333.7310485839844,324.67645263671875,29.35255241394043
177.93972778320312,170.4044952392578,143.80294799804688,144.1915740966797,52.267662048339844,335.9039611816406,323.1607971191406,30.061141967773438
175.68141174316406,167.52200317382812,143.21585083007812,149.6578369140625,53.14026641845703,333.90966796875,317.61944580078125,29.231788635253906
171.00828552246094,164.35699462890625,136.64559936523438,146.92176818847656,53.580970764160156,321.6458435058594,305.4267883300781,27.549144744873047
168.15359497070312,163.25399780273438,136.61834716796875,148.482666015625,53.298919677734375,329.8713073730469,303.0133361816406,28.121997833251953
168.3197479248047,162.5540008544922,135.89382934570312,149.95387268066406,53.1755256652832,329.20660400390625,303.16778564453125,27.19285011291504
168.33932495117188,161.48599243164062,137.53277587890625,150.09742736816406,53.26365661621094,325.5155029296875,303.3897705078125,27.345542907714844
171.16468811035156,165.36199951171875,138.5905303955078,150.24993896484375,53.28128433227539,331.7664794921875,304.0752258300781,27.761714935302734
171.6046142578125,165.20700073242188,140.2711639404297,151.10214233398438,53.36061096191406,330.6651611328125,307.25128173828125,27.943355560302734
168.33932495117188,161.21400451660156,137.4509735107422,150.91372680664062,53.677921295166016,323.93792724609375,294.2476806640625,26.522186279296875
169.19964599609375,162.13800048828125,138.33714294433594,141.63804626464844,54.10980987548828,329.31573486328125,299.4607238769531,26.88845443725586
166.00279235839844,158.91749572753906,134.88319396972656,135.69949340820312,53.677921295166016,315.6728210449219,292.17205810546875,25.851524353027344
162.5126190185547,156.2989959716797,134.00892639160156,133.60028076171875,53.76606750488281,317.1015319824219,292.82855224609375,25.01717758178711
160.83106994628906,151.66749572753906,132.2147216796875,132.46107482910156,53.54570770263672,314.0951232910156,291.1584167480469,24.102006912231445
158.778076171875,142.64300537109375,129.28298950195312,130.1466064453125,53.28128433227539,300.8094482421875,285.7812805175781,23.327545166015625
158.0056915283203,144.54400634765625,129.73179626464844,130.02999877929688,52.84939193725586,306.3062744140625,286.1095275878906,23.325546264648438
156.2068328857422,139.98599243164062,125.89448547363281,131.44737243652344,52.72599792480469,297.8128967285156,278.5023193359375,22.279634475708008
156.11888122558594,138.87249755859375,128.17364501953125,132.6942901611328,52.53208541870117,292.3359069824219,286.4377746582031,22.726743698120117
155.65936279296875,139.6374969482422,127.947509765625,130.3529052734375,52.57615661621094,292.3458557128906,289.4593811035156,21.900390625
166.52093505859375,143.97799682617188,132.2578887939453,131.51910400390625,53.62504196166992,299.36077880859375,297.587890625,22.79461097717285
170.87144470214844,149.57350158691406,134.1943817138672,133.30430603027344,53.77487564086914,310.8208923339844,300.2137451171875,24.437334060668945
170.70521545410156,151.19349670410156,136.51568603515625,135.59181213378906,53.37824630737305,316.51611328125,298.07049560546875,24.58903694152832
171.90773010253906,150.6125030517578,146.7867889404297,134.50637817382812,53.92471694946289,320.48504638671875,302.60772705078125,25.191837310791016
169.033447265625,138.8455047607422,141.91705322265625,133.39398193359375,54.30371856689453,235.90869140625,290.820556640625,23.900409698486328
168.74961853027344,157.63949584960938,142.11842346191406,136.85665893554688,53.730812072753906,235.24391174316406,295.3481750488281,24.270673751831055
168.03500366210938,157.9355010986328,138.0599365234375,137.314208984375,54.29490280151367,223.15878295898438,290.53094482421875,24.67885971069336
171.1380615234375,161.4134979248047,138.25633239746094,139.8977508544922,54.647464752197266,218.46559143066406,294.0159912109375,25.058103561401367
172.55743408203125,161.1894989013672,140.43133544921875,140.48085021972656,53.80132293701172,230.19354248046875,300.4357604980469,26.651926040649414
168.4853057861328,159.0034942626953,137.48367309570312,139.8977508544922,54.10099411010742,226.29417419433594,291.91143798828125,25.772676467895508
165.07879638671875,153.2935028076172,133.18174743652344,138.07667541503906,53.14026641845703,217.8405303955078,284.8255310058594,23.90140724182129
165.313720703125,155.16700744628906,134.41505432128906,136.7938995361328,53.4840087890625,216.0048828125,284.78692626953125,24.218769073486328
169.14111328125,156.510498046875,135.4886932373047,138.7943572998047,53.686729431152344,219.27920532226562,290.06756591796875,26.442340850830078
168.90618896484375,158.10049438476562,136.60891723632812,139.04554748535156,53.677921295166016,214.8539276123047,289.7289733886719,26.458311080932617
165.313720703125,154.65249633789062,131.4525604248047,135.8429718017578,54.75324630737305,206.0926971435547,281.2451477050781,24.45829200744629
163.76707458496094,152.60150146484375,129.3340606689453,136.47991943359375,55.12343978881836,204.55477905273438,278.5364074707031,23.595014572143555
160.85000610351562,150.19749450683594,128.74937438964844,136.23770141601562,54.89427185058594,200.50653076171875,278.3332824707031,23.343517303466797
156.6897735595703,144.82699584960938,126.54212951660156,133.385009765625,54.28609848022461,196.90478515625,271.12640380859375,22.34250831604004
159.3033447265625,151.35800170898438,131.603271484375,129.67117309570312,53.334171295166016,205.98355102539062,284.9791564941406,23.700801849365234
161.36880493164062,153.7884979248047,133.3572998046875,132.73915100097656,55.39667510986328,208.84112548828125,287.6104736328125,24.108989715576172
161.633056640625,153.56300354003906,133.94992065429688,127.2042465209961,54.85901641845703,209.3868408203125,289.04217529296875,24.3365421295166
159.753662109375,151.14199829101562,132.96255493164062,122.40489959716797,54.621036529541016,201.90557861328125,285.3274841308594,23.430341720581055
163.0426788330078,152.05250549316406,133.46839904785156,124.94359588623047,55.026485443115234,206.48956298828125,290.39654541015625,24.175983428955078
162.7196807861328,147.89849853515625,132.80191040039062,124.05550384521484,55.061729431152344,201.3896026611328,286.26580810546875,23.670907974243164
159.72427368164062,145.64100646972656,130.82521057128906,120.56592559814453,55.14987564086914,198.5022430419922,280.40350341796875,22.894319534301758
155.93601989746094,137.4530029296875,125.34255981445312,115.91014862060547,53.83658218383789,186.0102996826172,269.81072998046875,21.313194274902344
154.11532592773438,136.01449584960938,126.0625991821289,115.09380340576172,51.70356369018555,188.80833435058594,266.85052490234375,21.47490119934082
159.50892639160156,139.2790069580078,132.32632446289062,119.7047348022461,51.967994689941406,196.9543914794922,279.087890625,22.972179412841797
155.17245483398438,146.8175048828125,131.3439483642578,118.28739929199219,51.01606750488281,193.69003295898438,276.2727355957031,22.616823196411133
151.46250915527344,145.52450561523438,128.805908203125,115.62307739257812,51.05131912231445,186.14918518066406,270.9329528808594,22.05983543395996
147.43927001953125,141.85299682617188,124.91854858398438,116.7713394165039,51.99276351928711,185.1768341064453,267.4212951660156,21.291236877441406
151.8148956298828,147.3665008544922,128.13893127441406,118.84353637695312,52.95197296142578,190.53477478027344,277.7819519042969,22.931251525878906
156.21987915039062,153.10400390625,132.18795776367188,124.1541976928711,52.80987548828125,202.04449462890625,284.78570556640625,24.45148468017578
157.22813415527344,157.23899841308594,132.74188232421875,125.72406768798828,53.369415283203125,206.22166442871094,285.588623046875,24.72099494934082
160.5171661376953,161.25050354003906,135.00962829589844,125.67919921875,53.37828826904297,214.80435180664062,290.628662109375,26.404922485351562
161.8876495361328,161.4915008544922,134.98583984375,125.27552032470703,53.80460739135742,209.84327697753906,289.4000549316406,26.685415267944336
165.25497436523438,164.88900756835938,138.7214813232422,127.93978881835938,54.0,214.9630889892578,294.1402587890625,26.475797653198242
166.61563110351562,163.4080047607422,137.14202880859375,125.39214324951172,53.64474105834961,211.7979278564453,289.7193298339844,25.587411880493164
170.39410400390625,163.64950561523438,140.41151428222656,126.20849609375,54.15986633300781,217.8603515625,294.1789245605469,28.098844528198242
171.03038024902344,164.77349853515625,140.51170349121094,127.3119125366211,54.64835739135742,220.09283447265625,293.7725830078125,27.641672134399414
171.8917694091797,168.99049377441406,140.2959442138672,126.36994171142578,54.99473571777344,221.8490447998047,300.5636291503906,28.1677188873291
175.1808319091797,169.31500244140625,141.3373565673828,126.6480484008789,55.2078971862793,228.0702362060547,305.1199645996094,28.603923797607422
174.01597595214844,166.30099487304688,140.77499389648438,126.07390594482422,55.2523078918457,226.0758819580078,303.6205139160156,27.639677047729492
170.92271423339844,162.99749755859375,137.9275360107422,122.28829956054688,55.0657844543457,220.6286163330078,298.25152587890625,27.23641014099121
170.62904357910156,163.55999755859375,139.0016326904297,121.38225555419922,55.8384895324707,223.0992431640625,299.32537841796875,26.66345977783203
174.6718292236328,168.34649658203125,141.79953002929688,121.92050170898438,55.54539489746094,232.06884765625,304.6942443847656,27.31028175354004
171.36318969726562,164.05499267578125,139.43853759765625,120.50165557861328,55.483219146728516,230.03480529785156,300.73779296875,25.883874893188477
168.20140075683594,158.75599670410156,135.42869567871094,118.82981872558594,56.04276657104492,221.5613250732422,289.7289733886719,24.36264419555664
168.50485229492188,157.7845001220703,134.77459716796875,118.46830749511719,56.3447380065918,221.21401977539062,291.5379638671875,24.16400718688965
166.4981231689453,154.4604949951172,132.19491577148438,120.6372299194336,56.69111633300781,220.59886169433594,287.281494140625,23.076982498168945
162.24977111816406,151.1219940185547,127.76750946044922,120.19439697265625,56.67335891723633,214.77456665039062,275.9535827636719,21.877168655395508
164.11947631835938,150.78750610351562,126.66758728027344,118.87496948242188,57.3394775390625,212.47262573242188,272.85797119140625,21.464921951293945
166.8015899658203,155.54100036621094,128.8292236328125,115.043212890625,57.49047088623047,213.31602478027344,278.2366027832031,22.162649154663086
161.79949951171875,151.7064971923828,125.69117736816406,113.97681427001953,57.74802017211914,208.54344177246094,270.70074462890625,21.21936798095703
161.58416748046875,152.78500366210938,126.62989807128906,116.0915298461914,57.2328987121582,209.12889099121094,271.36822509765625,21.7434139251709
163.86497497558594,158.11549377441406,128.94326782226562,118.49542236328125,57.79243469238281,215.61795043945312,275.99224853515625,22.15765953063965
163.6985321044922,153.9980010986328,126.99040985107422,118.9111328125,58.58289337158203,198.8594512939453,277.0176696777344,21.442962646484375
162.9056396484375,148.29600524902344,123.7913589477539,117.98932647705078,58.804935455322266,186.6056365966797,271.6488037109375,20.14632225036621
158.37344360351562,144.35000610351562,118.65482330322266,114.60038757324219,57.95230484008789,182.6764678955078,265.0899353027344,19.479536056518555
159.44039916992188,146.07400512695312,122.06513977050781,114.56424713134766,58.56513595581055,185.53402709960938,271.5616455078125,19.86583137512207
153.48880004882812,139.39100646972656,117.67740631103516,111.17530059814453,57.7746696472168,179.5410614013672,261.40423583984375,18.753854751586914
153.26365661621094,138.16700744628906,113.35759735107422,109.7293472290039,58.227630615234375,173.58778381347656,273.9801330566406,18.38153648376465
160.18435668945312,144.59649658203125,117.55095672607422,111.46449279785156,58.78718185424805,204.1280975341797,280.1809997558594,19.746051788330078
154.32083129882812,124.28150177001953,113.17411804199219,107.86771392822266,57.383880615234375,198.9090576171875,268.466064453125,18.51329231262207
154.6243133544922,124.5,115.6273422241211,108.85273742675781,56.3447380065918,209.48606872558594,275.1893615722656,19.497499465942383
156.11221313476562,124.25350189208984,116.37218475341797,111.1843490600586,56.02500534057617,210.3790283203125,272.5870666503906,19.566375732421875
162.51414489746094,125.92849731445312,121.2588119506836,114.86248016357422,57.75690841674805,221.6704559326172,280.5196228027344,20.29704475402832
153.4594268798828,116.40699768066406,115.55046844482422,111.98865509033203,57.29507064819336,206.65826416015625,268.3016662597656,18.80975341796875
154.18487548828125,114.77249908447266,114.79769897460938,111.80790710449219,57.49934387207031,202.18338012695312,265.7670593261719,18.641056060791016
149.06759643554688,108.78900146484375,111.58872985839844,110.12699127197266,57.383880615234375,194.6822509765625,255.94827270507812,16.91919708251953
151.46934509277344,108.85900115966797,113.45728302001953,107.44295501708984,56.850990295410156,196.1110076904297,260.7077331542969,17.563024520874023
143.61700439453125,105.37200164794922,112.67127227783203,106.7651596069336,57.11743927001953,187.27040100097656,252.04971313476562,16.59977912902832
139.75454711914062,106.93049621582031,111.91899871826172,106.6747817993164,57.29507064819336,189.75091552734375,247.0193634033203,16.14560317993164
144.21499633789062,113.05500030517578,115.09920501708984,107.6236801147461,58.36973190307617,197.07345581054688,252.60116577148438,17.67382049560547
142.6759033203125,110.81050109863281,113.50686645507812,106.87361907958984,58.58289337158203,198.48240661621094,252.96875,17.232624053955078
146.30308532714844,115.36849975585938,115.51824188232422,110.41617584228516,58.42301940917969,201.04232788085938,258.11517333984375,18.143964767456055
138.04879760742188,107.11250305175781,110.98223876953125,108.52740478515625,54.35527038574219,190.74317932128906,246.36325073242188,16.907217025756836
134.64706420898438,107.31900024414062,109.47915649414062,106.9188003540039,53.28947448730469,189.80055236816406,245.45179748535156,17.092880249023438
134.8823699951172,107.59100341796875,108.0152587890625,106.04218292236328,54.15986633300781,192.03302001953125,244.88941955566406,16.663663864135742
140.29373168945312,107.55699920654297,110.57410430908203,112.60318756103516,55.82960891723633,194.7021026611328,252.73374938964844,16.867292404174805
137.59783935546875,104.0999984741211,105.10133361816406,114.19374084472656,56.85986328125,179.86849975585938,251.73495483398438,16.1246395111084
137.7547149658203,106.7750015258789,104.93769073486328,114.98898315429688,56.90428161621094,182.3986358642578,254.54693603515625,16.944150924682617
140.95057678222656,111.07749938964844,106.9089126586914,116.9771728515625,57.108551025390625,190.1378936767578,257.82427978515625,17.818553924560547
146.6952362060547,115.14649963378906,111.39581298828125,118.6309814453125,57.446044921875,193.61062622070312,264.9412841796875,18.776813507080078
145.9109649658203,120.20950317382812,112.82946014404297,119.4985122680664,56.291446685791016,192.1322479248047,263.6129150390625,18.638071060180664
145.7835235595703,121.68399810791016,112.95840454101562,117.40192413330078,56.0161247253418,187.17117309570312,264.1462097167969,18.286706924438477
148.2343292236328,125.51100158691406,116.65831756591797,119.29068756103516,56.6023063659668,197.31161499023438,266.2406921386719,19.556392669677734
142.51902770996094,122.3499984741211,113.60208129882812,117.62783813476562,55.92730712890625,189.29452514648438,261.8191223144531,18.685976028442383
143.26409912109375,124.79000091552734,115.86289978027344,117.23925018310547,55.8384895324707,192.7375030517578,260.5876770019531,18.75185775756836
145.7835235595703,123.0,116.18920135498047,117.54651641845703,56.175987243652344,194.1265869140625,264.223876953125,18.8916015625
145.04827880859375,121.18000030517578,116.23333740234375,115.6758041381836,55.85624313354492,195.10887145996094,262.1972961425781,18.6180477142334
139.83299255371094,116.1500015258789,113.89415740966797,113.24481964111328,54.88815689086914,182.56729125976562,256.7479553222656,18.019012451171875
134.431396484375,109.6500015258789,110.25028991699219,108.03941345214844,54.541778564453125,174.2029571533203,245.306396484375,16.946735382080078
129.28469848632812,103.66999816894531,105.52037811279297,104.82215118408203,54.479610443115234,162.9810028076172,234.90225219726562,15.621866226196289
130.14736938476562,102.30999755859375,105.84073638916016,103.07798767089844,52.98566818237305,162.45513916015625,237.0645294189453,15.810563087463379
132.7648468017578,107.66999816894531,108.86473083496094,104.29801177978516,53.3792839050293,168.03138732910156,244.11373901367188,16.500455856323242
127.50051879882812,103.66000366210938,105.16432189941406,102.50865173339844,52.842533111572266,159.61740112304688,237.5299530029297,15.575939178466797
128.97100830078125,106.22000122070312,106.26521301269531,102.14715576171875,53.16459274291992,162.46502685546875,240.1285400390625,15.854490280151367
133.19618225097656,108.68000030517578,110.62964630126953,104.67758178710938,54.30069351196289,155.8271484375,246.0336151123047,16.539390563964844
132.6864471435547,108.94999694824219,110.57361602783203,104.09015655517578,54.703243255615234,154.6365203857422,245.44210815429688,16.333723068237305
135.54896545410156,112.44000244140625,111.32191467285156,102.95147705078125,55.356292724609375,157.513916015625,250.9980926513672,16.19894027709961
138.8722686767578,116.45999908447266,117.00792694091797,106.02411651611328,56.39399337768555,168.8350830078125,259.5697021484375,17.098491668701172
138.8722686767578,113.22000122070312,114.88398742675781,105.17461395263672,56.277706146240234,168.17030334472656,256.8450012207031,16.841903686523438
134.73532104492188,107.4000015258789,111.08935546875,104.66853332519531,55.71412658691406,159.4288787841797,248.6903839111328,15.956328392028809
136.49009704589844,108.91999816894531,110.78585052490234,104.19861602783203,56.11668014526367,162.66351318359375,252.35557556152344,15.517033576965332
134.02944946289062,106.20999908447266,108.0698013305664,101.76762390136719,56.277706146240234,159.9944305419922,249.0297393798828,15.134651184082031
136.19601440429688,109.55999755859375,107.84616088867188,103.0689697265625,57.59273147583008,158.78395080566406,251.69625854492188,14.49967098236084
138.77423095703125,113.5,112.33454895019531,102.6769027709961,56.60868453979492,166.8804168701172,254.8668670654297,14.939961433410645
140.10745239257812,114.33000183105469,113.63282012939453,102.01136779785156,56.72499084472656,168.4481201171875,258.1248474121094,15.105696678161621
143.46995544433594,116.33000183105469,117.80931854248047,104.59152221679688,56.277706146240234,170.8492889404297,260.248291015625,15.832526206970215
144.1463623046875,115.54000091552734,118.37512969970703,104.26331329345703,56.483455657958984,169.5494842529297,259.53082275390625,15.812559127807617
142.01910400390625,111.75,114.728271484375,102.89573669433594,56.30453872680664,161.61175537109375,256.4764709472656,15.127660751342773
142.98959350585938,109.22000122070312,113.08585357666016,102.99600982666016,56.06300735473633,161.9987335205078,245.96572875976562,15.057772636413574
142.62686157226562,110.4000015258789,110.44071197509766,102.02961730957031,55.80357360839844,162.21702575683594,245.04457092285156,15.139641761779785
145.54823303222656,110.62999725341797,109.46277618408203,98.46482849121094,55.62466049194336,156.8193817138672,246.36325073242188,15.347308158874512
147.2147979736328,113.55000305175781,110.86122131347656,102.977783203125,55.910926818847656,163.41758728027344,248.92308044433594,15.736680030822754
144.17581176757812,113.76000213623047,108.13624572753906,101.92019653320312,55.150535583496094,165.92787170410156,246.52809143066406,16.075132369995117
148.02845764160156,118.20999908447266,112.87706756591797,104.44564819335938,55.93775939941406,174.4113006591797,251.6477813720703,16.96470832824707
150.02830505371094,122.7699966430664,112.96633911132812,104.42740631103516,55.01634979248047,181.6643829345703,254.30453491210938,17.778392791748047
152.29286193847656,124.62999725341797,113.40271759033203,105.13853454589844,54.891109466552734,181.7437744140625,256.7964782714844,18.021005630493164
151.05763244628906,122.41999816894531,107.01551818847656,104.62799072265625,55.09686279296875,167.9519805908203,252.45252990722656,17.291181564331055
149.94007873535156,121.13999938964844,106.62871551513672,105.04735565185547,55.633609771728516,165.35240173339844,250.968994140625,16.996652603149414
148.61663818359375,114.80999755859375,104.15911865234375,103.40629577636719,56.54607009887695,157.9108123779297,244.24951171875,16.50644302368164
153.70449829101562,120.97000122070312,112.13321685791016,105.06560516357422,56.367156982421875,168.2595977783203,260.5780029296875,17.76142692565918
154.2534942626953,122.27999877929688,113.2837142944336,104.6735610961914,57.306461334228516,159.4685516357422,268.01507568359375,17.955110549926758
159.31195068359375,134.9499969482422,115.36650085449219,105.17501831054688,57.40486145019531,157.86119079589844,272.21356201171875,18.13382339477539
158.3316192626953,135.38999938964844,113.91845703125,104.12654113769531,57.71796417236328,158.68470764160156,269.5665588378906,18.411376953125
156.8611602783203,134.16000366210938,114.18624877929688,102.50370788574219,56.93074035644531,158.94271850585938,266.4734191894531,18.49624252319336
162.86070251464844,139.52000427246094,117.11206817626953,103.57951354980469,57.18122100830078,167.48565673828125,273.8909912109375,18.86264991760254
162.5469970703125,142.57000732421875,117.2211685180664,102.43988037109375,56.95758056640625,169.24188232421875,275.0351867675781,19.18413543701172
162.3212127685547,140.8000030517578,116.50707244873047,105.53968811035156,56.69815444946289,165.80882263183594,274.3176574707031,18.95849609375
161.85000610351562,139.41000366210938,116.33847045898438,104.2541732788086,56.33137893676758,168.92437744140625,271.8063659667969,17.764419555664062
161.8990936279297,137.8300018310547,115.67396545410156,105.1932601928711,56.40293884277344,167.2177734375,273.7261962890625,17.05855369567871
166.13999938964844,142.69000244140625,118.71878814697266,107.93749237060547,56.93968963623047,176.95138549804688,280.3778381347656,18.067930221557617
165.40371704101562,140.63999938964844,117.8658447265625,109.53298950195312,56.555023193359375,176.10800170898438,278.3028259277344,17.913177490234375
168.9475860595703,143.5500030517578,120.68255615234375,111.34728240966797,56.98441696166992,179.09454345703125,283.0443115234375,18.67894744873047
170.01760864257812,143.17999267578125,121.07927703857422,111.64816284179688,57.700069427490234,179.48150634765625,284.5569152832031,19.00142478942871
169.86056518554688,144.77999877929688,120.70238494873047,112.71487426757812,58.17420196533203,178.07257080078125,283.8200378417969,18.848676681518555
171.35267639160156,142.10000610351562,118.57002258300781,111.76667785644531,58.04000473022461,173.48855590820312,283.07183837890625,18.305545806884766
170.9600067138672,142.3000030517578,119.18494415283203,110.90055084228516,58.344173431396484,173.30006408691406,281.95440673828125,18.742847442626953
168.37820434570312,138.22999572753906,116.24919891357422,108.15631103515625,58.2994384765625,166.65220642089844,278.0481872558594,17.820329666137695
164.50054931640625,133.22000122070312,113.30355072021484,106.36935424804688,57.43170166015625,161.78042602539062,269.88604736328125,17.00663948059082
164.16677856445312,133.6199951171875,112.9266586303711,105.32088470458984,57.494319915771484,159.85552978515625,268.6131591796875,17.15340232849121
164.46127319335938,133.8000030517578,112.758056640625,105.57616424560547,57.574832916259766,161.98878479003906,267.9815673828125,17.1943359375
166.91551208496094,137.27999877929688,115.69379425048828,108.08338928222656,57.85214614868164,167.4658203125,270.9548645019531,17.884225845336914
160.62290954589844,130.75,109.43551635742188,104.54591369628906,56.45661926269531,160.5203399658203,260.49957275390625,16.233882904052734
158.42393493652344,129.7899932861328,108.5230712890625,104.29065704345703,56.11668014526367,157.9306640625,257.72052001953125,15.775618553161621
155.9991912841797,128.72999572753906,108.04700469970703,104.30888366699219,55.59782791137695,155.93629455566406,255.5245361328125,15.443155288696289
154.3401641845703,126.7699966430664,107.33290100097656,103.68893432617188,55.2042121887207,161.661376953125,254.06692504882812,15.069753646850586
155.0666046142578,127.81999969482422,108.8404312133789,104.40007019042969,55.4636344909668,164.0724639892578,253.02728271484375,13.914612770080566
152.9559783935547,127.51000213623047,106.9659194946289,103.67068481445312,54.703243255615234,159.07168579101562,248.8101348876953,13.625079154968262
151.6994171142578,126.11000061035156,105.93444061279297,103.69804382324219,54.730079650878906,157.3055419921875,246.07972717285156,13.443370819091797
153.10324096679688,129.47999572753906,108.55281066894531,105.66734313964844,55.740962982177734,159.1411590576172,250.7826690673828,13.696040153503418
151.6306915283203,129.82000732421875,107.49158477783203,108.12894439697266,55.57099151611328,160.79815673828125,251.2005157470703,13.971678733825684
154.48739624023438,133.27000427246094,109.74297332763672,108.64862823486328,55.74990463256836,167.83294677734375,256.9722900390625,14.368159294128418
160.43641662597656,136.4499969482422,109.95125579833984,109.93415069580078,55.910926818847656,167.64442443847656,259.1003112792969,14.486002922058105
151.02203369140625,126.81999969482422,103.46485900878906,106.11408996582031,54.09494400024414,151.93768310546875,244.8553924560547,13.11380386352539
152.46511840820312,128.5500030517578,104.13928985595703,105.86792755126953,54.38120651245117,150.29058837890625,245.07887268066406,13.110806465148926
149.57894897460938,126.27999877929688,102.0664291381836,107.46341705322266,53.64229965209961,148.3855438232422,238.43252563476562,12.912067413330078
147.9395751953125,123.52999877929688,101.95732879638672,106.7431640625,53.65131759643555,145.15093994140625,237.81063842773438,13.180713653564453
151.65029907226562,124.66000366210938,102.22511291503906,107.72782135009766,54.05681610107422,146.86746215820312,237.59690856933594,13.364474296569824
154.02601623535156,122.19000244140625,100.3109359741211,105.60352325439453,53.97571563720703,144.9524688720703,235.58544921875,13.158743858337402
150.9042510986328,118.54000091552734,98.46617889404297,102.55839538574219,53.52516555786133,141.01336669921875,232.1845703125,13.243633270263672
149.9422149658203,117.30999755859375,99.31912231445312,101.39138793945312,53.39900588989258,141.70797729492188,234.1571044921875,12.544549942016602
147.67449951171875,113.77999877929688,97.93059539794922,99.504150390625,52.804283142089844,139.31671142578125,231.1837615966797,12.49960708618164
148.00828552246094,115.1500015258789,97.36527252197266,97.36164855957031,52.146484375,135.3081817626953,230.72703552246094,12.211984634399414
148.9801483154297,114.41000366210938,96.70076751708984,96.50463104248047,50.80384826660156,133.35350036621094,229.7164764404297,12.396744728088379
147.09532165527344,118.01000213623047,99.2298812866211,98.4556884765625,51.344505310058594,140.5073699951172,234.24456787109375,12.719321250915527
139.87013244628906,114.80000305175781,96.62142944335938,96.78726959228516,50.975059509277344,135.3478546142578,230.77565002441406,12.203996658325195
135.66851806640625,113.0,94.8659439086914,95.27383422851562,50.47946548461914,134.62353515625,226.3058624267578,12.123102188110352
139.8406982421875,115.87999725341797,97.8314208984375,98.21864318847656,51.047149658203125,137.53073120117188,233.92393493652344,12.495614051818848
143.423828125,121.08999633789062,100.80683898925781,102.81368255615234,51.16427993774414,139.18772888183594,241.83346557617188,13.149754524230957
143.7183380126953,120.94999694824219,100.59855651855469,101.54427337646484,50.67769241333008,137.89784240722656,242.1443634033203,13.191699981689453
142.76611328125,120.30000305175781,100.58863830566406,99.47455596923828,49.58736038208008,137.98715209960938,239.80259704589844,13.112804412841797
137.52392578125,114.55999755859375,97.87110137939453,97.4876480102539,49.11879348754883,132.41090393066406,227.6079559326172,12.06018352508545
137.8478546142578,113.66999816894531,97.05782318115234,96.57697296142578,49.01067352294922,132.74826049804688,222.75926208496094,11.65471363067627
136.4342498779297,112.20999908447266,96.38339233398438,93.78975677490234,49.09177017211914,127.53912353515625,219.02796936035156,11.570828437805176
135.8059844970703,112.9000015258789,96.76026916503906,95.30754089355469,49.686485290527344,126.5072250366211,219.35833740234375,11.484941482543945
140.3708038330078,112.52999877929688,98.24798583984375,100.60598754882812,50.34429168701172,129.27549743652344,227.6079559326172,11.944336891174316
135.84524536132812,106.9000015258789,95.76847839355469,102.28016662597656,49.54230880737305,125.77299499511719,222.08872985839844,11.212295532226562
139.80142211914062,113.79000091552734,99.15052795410156,106.57594299316406,50.18208694458008,132.9962921142578,230.80477905273438,11.872431755065918
141.11688232421875,116.36000061035156,99.9439697265625,109.3171615600586,50.85791015625,131.7659912109375,231.74729919433594,11.951329231262207
141.22488403320312,115.06999969482422,98.81330871582031,107.1738510131836,50.425384521484375,132.19261169433594,229.7845001220703,12.035216331481934
140.76345825195312,115.25,99.15052795410156,106.8243179321289,49.63242721557617,130.505859375,229.46385192871094,12.178030967712402
144.5723876953125,119.31999969482422,100.30101013183594,112.43550872802734,50.425384521484375,128.99766540527344,235.2648162841797,12.449673652648926
146.7124786376953,119.81999969482422,101.67960357666016,112.57349395751953,51.87615203857422,128.70994567871094,240.24960327148438,12.582501411437988
149.54954528808594,120.5999984741211,103.62355041503906,112.86785125732422,53.119667053222656,136.43927001953125,243.56304931640625,13.243633270263672
146.61427307128906,115.66000366210938,94.1518325805664,114.16486358642578,53.516151428222656,128.80918884277344,224.77059936523438,12.879109382629395
142.14764404296875,110.95999908447266,91.46405792236328,114.6156005859375,53.64229965209961,97.17740631103516,220.3300018310547,13.158743858337402
152.8872528076172,103.41000366210938,95.50068664550781,115.97700500488281,54.750648498535156,98.42759704589844,229.19178771972656,13.815882682800293
150.53118896484375,102.44000244140625,93.73527526855469,115.79300689697266,53.93065643310547,92.43462371826172,225.5576629638672,13.479323387145996
147.89048767089844,96.79000091552734,89.72840118408203,117.88113403320312,53.741424560546875,94.458740234375,221.70977783203125,13.525262832641602
142.37342834472656,92.12000274658203,86.25708770751953,116.79566955566406,52.99351119995117,89.83502197265625,213.86831665039062,13.201687812805176
136.33607482910156,89.30000305175781,82.74610900878906,117.00724792480469,52.96648025512695,88.21770477294922,208.18392944335938,13.403423309326172
136.07057189941406,90.9800033569336,85.87028503417969,120.20838928222656,53.39900588989258,90.08307647705078,215.12171936035156,14.13746166229248
136.60159301757812,90.52999877929688,87.7646255493164,120.84308624267578,53.60626220703125,95.96688842773438,221.4182891845703,14.282271385192871
137.17190551757812,89.9800033569336,88.1712646484375,120.91667938232422,53.705379486083984,95.71885681152344,222.3899688720703,14.582877159118652
132.61915588378906,86.13999938964844,86.60421752929688,119.3437271118164,52.95746994018555,100.67992401123047,218.15342712402344,13.75795841217041
144.4188995361328,96.62999725341797,93.16996765136719,124.25582885742188,54.85877990722656,110.99893951416016,236.10047912597656,15.72937297821045
147.20166015625,100.79000091552734,95.61970520019531,124.45818328857422,55.25526809692383,112.13997650146484,240.11354064941406,16.305618286132812
145.80535888671875,98.48999786376953,94.91551971435547,123.1795654296875,54.7236213684082,113.33064270019531,234.7109832763672,16.27366065979004
147.53598022460938,98.94000244140625,97.63307189941406,122.28729248046875,54.633506774902344,116.16837310791016,235.11907958984375,16.64417266845703
146.30682373046875,97.12000274658203,98.0396957397461,122.45287322998047,54.53438949584961,112.34835052490234,235.54782104492188,15.889164924621582
148.20465087890625,94.8499984741211,97.5537109375,121.91934204101562,54.705596923828125,110.58219909667969,235.49908447265625,15.656468391418457
148.76510620117188,94.13999938964844,96.63134765625,123.11515808105469,55.09306716918945,111.17754364013672,235.0508575439453,15.38882064819336
145.5398406982422,92.45999908447266,94.81633758544922,122.38851165771484,55.94010543823242,109.00459289550781,235.85964965820312,15.296939849853516
147.67364501953125,93.19999694824219,96.25446319580078,124.218994140625,56.183387756347656,110.57229614257812,238.76345825195312,16.016992568969727
148.548828125,94.12999725341797,97.65291595458984,125.54362487792969,56.43570327758789,111.36603546142578,241.24819946289062,16.497364044189453
145.63821411132812,93.41000366210938,96.66110229492188,125.78278350830078,56.48977279663086,110.54252624511719,241.16050720214844,16.248693466186523
141.81312561035156,93.94999694824219,95.26266479492188,123.58430480957031,56.498779296875,107.93299102783203,235.5770263671875,15.80627155303955
138.8140106201172,92.41999816894531,94.40970611572266,125.6172103881836,56.300540924072266,108.60771179199219,234.18362426757812,15.618518829345703
145.55955505371094,96.54000091552734,100.16216278076172,127.10741424560547,57.72529602050781,117.180419921875,248.6148681640625,16.905160903930664
145.83486938476562,95.5,100.16216278076172,125.32286834716797,57.888648986816406,119.50220489501953,248.17636108398438,17.116933822631836
145.34320068359375,94.12999725341797,99.61666107177734,124.32942962646484,58.39683532714844,122.52845764160156,248.4979248046875,16.858211517333984
144.1829376220703,91.01000213623047,98.66453552246094,120.84308624267578,57.59824752807617,121.4767074584961,243.8012237548828,16.59248924255371
140.52500915527344,88.25,96.18504333496094,121.04546356201172,57.571022033691406,113.23141479492188,238.85110473632812,15.970146179199219
138.587890625,88.45999908447266,94.16175842285156,120.96268463134766,57.661766052246094,113.04290008544922,238.1202850341797,16.103010177612305
140.26934814453125,90.3499984741211,92.94182586669922,122.2320785522461,57.906795501708984,114.43199157714844,241.0727996826172,17.150901794433594
139.78750610351562,89.08999633789062,92.06905364990234,121.56978607177734,57.29877853393555,114.99755859375,239.14344787597656,16.983076095581055
142.07859802246094,90.55000305175781,92.54512023925781,123.45555114746094,58.05199432373047,113.81683349609375,246.05210876464844,17.516515731811523
143.04226684570312,92.48999786376953,94.84608459472656,123.33592987060547,58.07013702392578,119.21446990966797,250.34930419921875,18.052949905395508
140.82000732421875,91.58000183105469,94.29068756103516,122.71965026855469,58.07013702392578,120.64325714111328,250.6416778564453,17.65536880493164
134.2219696044922,88.44999694824219,90.11519622802734,119.67487335205078,57.27155303955078,115.24562072753906,242.64161682128906,16.934125900268555
132.2651824951172,87.86000061035156,89.5201187133789,118.92977142333984,56.94485855102539,118.50008392333984,238.43214416503906,16.553531646728516
130.160888671875,84.91999816894531,87.71503448486328,119.63806915283203,57.026527404785156,113.58861541748047,234.30055236816406,16.236865997314453
130.09202575683594,85.19000244140625,88.290283203125,120.21759033203125,56.98115539550781,116.17829132080078,235.61605834960938,16.068044662475586
133.1894989013672,86.7699966430664,88.845703125,121.56978607177734,57.89772033691406,118.82750701904297,238.1787567138672,16.483604431152344
130.02320861816406,83.79000091552734,87.04060363769531,120.19001770019531,57.48027801513672,116.20805358886719,232.09835815429688,15.322830200195312
129.65940856933594,85.25,88.49856567382812,120.76033020019531,57.915863037109375,117.12090301513672,232.62452697753906,15.189971923828125
127.85992431640625,83.04000091552734,86.67363739013672,121.1834487915039,58.2697868347168,115.96993255615234,230.8998260498047,14.106115341186523
123.9365234375,81.81999969482422,85.31484985351562,121.84575653076172,57.68899917602539,114.71973419189453,228.531982421875,14.021204948425293
127.44693756103516,84.18000030517578,87.7249526977539,122.54484558105469,58.03384017944336,119.3236083984375,234.8462371826172,14.587606430053711
127.76158142089844,84.0,87.50676727294922,123.35436248779297,57.72529602050781,119.40298461914062,233.68667602539062,14.59859561920166
122.98272705078125,85.81999969482422,88.38946533203125,124.29258728027344,57.12635803222656,123.76872253417969,233.4528045654297,14.299910545349121
124.25118255615234,85.13999938964844,87.35797882080078,125.45161437988281,57.099117279052734,126.37825012207031,223.24085998535156,14.733451843261719
122.93354034423828,83.12000274658203,85.4933853149414,125.42386627197266,56.445735931396484,125.95159912109375,216.62448120117188,14.249963760375977
127.45679473876953,86.08000183105469,86.62403869628906,127.82389068603516,57.53472137451172,129.0076446533203,219.17745971679688,14.843338012695312
127.9779281616211,87.36000061035156,87.2984619140625,127.29569244384766,56.81781005859375,128.4619140625,221.3114471435547,15.611527442932129
128.5482635498047,89.87000274658203,87.6951904296875,128.43553161621094,56.38222122192383,131.95449829101562,222.99722290039062,15.892230033874512
131.26217651367188,95.08999633789062,90.76979064941406,129.38995361328125,56.273311614990234,131.8552703857422,229.74021911621094,15.984130859375
131.18350219726562,95.2699966430664,90.38298034667969,129.2602081298828,55.54731750488281,135.64553833007812,232.41015625,16.493593215942383
132.51097106933594,98.12000274658203,91.3648681640625,132.5220947265625,55.74697494506836,135.91339111328125,233.1117401123047,16.881189346313477
133.67129516601562,96.05000305175781,90.54167938232422,130.47415161132812,55.973838806152344,134.3060302734375,234.20309448242188,17.683340072631836
132.95350646972656,95.45999908447266,90.37307739257812,126.55438232421875,54.2768440246582,131.9842529296875,229.77923583984375,17.358686447143555
133.01251220703125,93.68000030517578,92.28724670410156,124.86785888671875,54.19516372680664,135.0898895263672,225.99842834472656,16.74732780456543
135.569091796875,97.25,97.21650695800781,125.17362976074219,54.52186584472656,138.28480529785156,234.07643127441406,17.820199966430664
138.7550506591797,97.5199966430664,98.97201538085938,127.20304107666016,54.657989501953125,142.1544647216797,236.37606811523438,19.172765731811523
140.1513214111328,96.31999969482422,96.89912414550781,128.29649353027344,54.9483757019043,142.0254364013672,235.8498992919922,19.244693756103516
139.49252319335938,97.18000030517578,94.43946075439453,128.91732788085938,55.29322814941406,140.39822387695312,234.4564666748047,19.302629470825195
141.55746459960938,99.22000122070312,96.72061157226562,129.71429443359375,55.184329986572266,146.153076171875,241.65748596191406,19.781124114990234
143.4945831298828,102.23999786376953,98.55543518066406,130.02935791015625,54.89393997192383,150.55853271484375,241.81336975097656,20.34353256225586
140.61351013183594,100.55000305175781,96.14537811279297,128.92662048339844,55.03005599975586,145.9149169921875,236.5027618408203,19.141803741455078
141.88194274902344,103.12999725341797,98.02976989746094,129.6957550048828,55.64714813232422,147.81007385253906,241.47230529785156,19.516408920288086
143.00294494628906,105.1500015258789,99.60675048828125,129.35289001464844,55.65622329711914,151.92774963378906,246.28599548339844,20.920923233032227
148.302978515625,112.91000366210938,106.85682678222656,128.75054931640625,54.7033576965332,187.3001708984375,257.83294677734375,21.686115264892578
151.9215850830078,103.38999938964844,103.92108917236328,130.74288940429688,54.29499053955078,185.07762145996094,251.74276733398438,21.077756881713867
149.19775390625,102.18000030517578,102.05650329589844,131.5120391845703,54.6035270690918,184.6112823486328,250.2031707763672,21.066770553588867
152.06907653808594,102.11000061035156,106.75765228271484,133.11514282226562,54.512779235839844,190.1279754638672,260.71722412109375,22.14963150024414
149.38462829589844,100.05000305175781,98.55543518066406,132.17922973632812,54.19516372680664,182.00173950195312,259.908447265625,22.181589126586914
148.35211181640625,98.23999786376953,94.23117065429688,130.12200927734375,54.10441589355469,176.53465270996094,256.8779602050781,22.31344985961914
148.71653747558594,97.61000061035156,93.7947769165039,130.69654846191406,54.10441589355469,172.7939910888672,256.3712463378906,21.242584228515625
151.51339721679688,99.54000091552734,93.83445739746094,132.1143341064453,54.99375534057617,178.03289794921875,264.38104248046875,21.765029907226562
150.8732452392578,99.69999694824219,93.90389251708984,132.6981201171875,54.07719421386719,178.08248901367188,265.2093200683594,22.9467830657959
152.97091674804688,101.16000366210938,96.14537811279297,133.25413513183594,54.07719421386719,175.7805633544922,263.0895690917969,22.739999771118164
151.3755340576172,98.1500015258789,94.72708129882812,131.41934204101562,53.74142074584961,171.0973358154297,256.08538818359375,21.97880744934082
150.23313903808594,97.19999694824219,93.57658386230469,131.80853271484375,54.55815887451172,171.5338897705078,252.09002685546875,21.365453720092773
146.22494506835938,94.58000183105469,91.03758239746094,129.38995361328125,54.267765045166016,170.74012756347656,246.82469177246094,20.63322639465332
146.64840698242188,95.79000091552734,90.89872741699219,128.3984375,54.431114196777344,169.78758239746094,245.69154357910156,20.73212242126465
147.1309814453125,95.81999969482422,90.14494323730469,129.42701721191406,54.53094482421875,170.70042419433594,248.87612915039062,23.639055252075195
144.4818572998047,93.5,88.39937591552734,130.59458923339844,54.30406951904297,169.06329345703125,243.4545135498047,23.261455535888672
145.6734619140625,93.76000213623047,89.13331604003906,131.7344207763672,54.285919189453125,168.21987915039062,244.37277221679688,23.476226806640625
145.17120361328125,94.2300033569336,89.32176208496094,132.83714294433594,54.004600524902344,173.57785034179688,243.64988708496094,23.1915283203125
143.10311889648438,92.16999816894531,89.61929321289062,132.0958251953125,53.414730072021484,172.06968688964844,240.57276916503906,22.674072265625
143.69398498535156,92.12999725341797,91.245849609375,130.72438049316406,54.19516372680664,173.17105102539062,245.30079650878906,23.289419174194336
148.73623657226562,94.9000015258789,92.88233184814453,133.12440490722656,53.94107437133789,183.80755615234375,249.3840789794922,23.864816665649414
151.49371337890625,93.75,94.35018920898438,132.34603881835938,54.77595901489258,183.46029663085938,250.92755126953125,23.529172897338867
149.2975616455078,93.55000305175781,93.09061431884766,128.45404052734375,54.458335876464844,183.0733184814453,248.27044677734375,23.267398834228516
150.54827880859375,93.91999816894531,93.47740173339844,127.69416809082031,54.485557556152344,183.5297393798828,247.83087158203125,24.15961456298828
148.30287170410156,92.25,91.56324005126953,120.78125,53.9592170715332,180.27529907226562,246.48280334472656,23.41527557373047
146.24462890625,90.7300033569336,89.8870849609375,123.8485336303711,53.73234558105469,178.1122589111328,242.8390655517578,22.944686889648438
148.1847381591797,92.43000030517578,90.36315155029297,121.62451934814453,54.2768440246582,179.491455078125,248.04579162597656,22.94568634033203
150.27252197265625,94.87999725341797,93.19969177246094,124.74735260009766,54.47648620605469,192.50929260253906,254.75686645507812,24.041715621948242
150.66647338867188,96.19999694824219,95.32215118408203,118.85379028320312,54.83948516845703,196.21026611328125,259.2992858886719,24.20656967163086
153.4830322265625,100.04000091552734,99.49764251708984,121.16119384765625,55.14125442504883,203.33432006835938,269.8104248046875,25.518407821655273
152.6459197998047,98.94999694824219,100.78699493408203,116.5834732055664,54.88520431518555,194.0869140625,272.96563720703125,25.702245712280273
155.00946044921875,97.70999908447266,100.39027404785156,117.8159408569336,55.41557693481445,196.269775390625,265.9322509765625,25.87708854675293
156.86093139648438,100.61000061035156,104.0599365234375,120.97586059570312,55.15953826904297,200.58592224121094,267.4463806152344,26.175825119018555
155.43295288085938,98.69999694824219,102.52264404296875,117.85298919677734,54.91263198852539,198.2541961669922,265.9908142089844,26.444589614868164
156.51626586914062,98.70999908447266,104.73436737060547,117.53793334960938,54.793758392333984,202.68942260742188,271.2366027832031,27.16695213317871
157.81619262695312,98.12999725341797,104.57567596435547,115.7494888305664,55.68992614746094,204.4059295654297,274.07928466796875,26.75531578063965
155.8760986328125,98.04000091552734,101.62010955810547,119.06694793701172,56.101417541503906,201.26060485839844,269.9862060546875,26.50753402709961
155.2556610107422,97.23999786376953,100.20183563232422,119.42832946777344,56.16543197631836,199.11741638183594,268.86279296875,26.386642456054688
158.32830810546875,100.25,100.55889129638672,119.66925811767578,56.56779098510742,203.75106811523438,274.0206298828125,26.96013832092285
159.89413452148438,102.0,100.06298828125,119.30786895751953,56.558650970458984,206.22166442871094,277.4787292480469,27.35877799987793
162.3955535888672,103.29000091552734,102.87970733642578,120.75346374511719,56.72325134277344,210.2897491455078,281.6304626464844,27.752429962158203
163.64627075195312,102.41000366210938,103.50453186035156,120.61445617675781,57.06159591674805,211.4109649658203,280.5851745605469,27.940265655517578
163.11448669433594,103.94999694824219,103.86157989501953,119.0020523071289,56.887840270996094,213.048095703125,280.53631591796875,27.42871856689453
161.27284240722656,101.0999984741211,103.61363983154297,119.17951202392578,57.4273681640625,209.8333282470703,277.7620849609375,26.857223510742188
162.15924072265625,102.05999755859375,107.53125762939453,119.04875183105469,57.463951110839844,214.41737365722656,284.85406494140625,27.013086318969727
159.56915283203125,102.16999816894531,105.5674819946289,119.44100189208984,57.3267936706543,213.077880859375,282.69525146484375,27.554607391357422
158.3578338623047,99.91999816894531,104.48641967773438,120.02940368652344,57.2261962890625,212.1848907470703,276.2869873046875,27.14497184753418
157.6685028076172,97.83000183105469,103.78224182128906,120.01071166992188,57.3267936706543,212.3336944580078,276.9316711425781,26.47156524658203
163.0455322265625,102.4000015258789,106.54936981201172,120.46834564208984,57.74742889404297,218.63424682617188,283.13482666015625,26.439594268798828
162.7008514404297,102.51000213623047,107.9775619506836,129.5648651123047,57.655982971191406,219.765380859375,279.52044677734375,26.734333038330078
162.72056579589844,102.73999786376953,105.10133361816406,130.59219360351562,58.030906677246094,217.15586853027344,282.11883544921875,26.978116989135742
163.9417266845703,102.30000305175781,103.64337921142578,132.0584716796875,58.12234878540039,216.19342041015625,281.69879150390625,27.64253044128418
165.08413696289062,104.30000305175781,103.32600402832031,131.89036560058594,58.232093811035156,214.02047729492188,281.7770080566406,27.906295776367188
164.1189727783203,103.80999755859375,104.42691040039062,131.50746154785156,58.488136291503906,211.4109649658203,279.4911193847656,27.08002471923828
162.5137481689453,106.95999908447266,104.54593658447266,131.2552947998047,58.5704345703125,211.2323455810547,279.1492004394531,27.095014572143555
162.8190460205078,106.20999908447266,105.10133361816406,131.43272399902344,58.47898483276367,211.1331329345703,275.2514953613281,27.018083572387695
161.2827606201172,102.56999969482422,102.99871063232422,128.57489013671875,58.38753890991211,205.93394470214844,269.04840087890625,26.217790603637695
161.27284240722656,104.9800033569336,102.85987091064453,126.29610443115234,58.11321258544922,207.76953125,288.5368957519531,26.93215560913086
165.85226440429688,109.81999969482422,106.70805358886719,127.995849609375,58.232093811035156,236.70248413085938,297.77801513671875,27.201919555664062
167.10292053222656,105.44999694824219,106.4601058959961,129.10723876953125,58.66188049316406,238.44879150390625,300.1518249511719,27.724458694458008
167.0143585205078,102.05000305175781,106.32124328613281,131.8717041015625,58.799041748046875,241.28651428222656,298.49114990234375,28.88442611694336
165.98025512695312,103.62999725341797,104.45665740966797,129.74227905273438,58.53385543823242,237.377197265625,298.3445739746094,28.185049057006836
164.90682983398438,103.6500015258789,104.54593658447266,126.99655151367188,58.20465850830078,235.18438720703125,297.35797119140625,27.77741050720215
163.2720489501953,104.0,103.83184051513672,125.25944519042969,58.26866912841797,231.70172119140625,298.3445739746094,27.53762435913086
170.93392944335938,105.66000366210938,104.7046127319336,127.70635223388672,58.542999267578125,230.9674835205078,303.46343994140625,28.654634475708008
170.86497497558594,105.83000183105469,106.88658142089844,128.01455688476562,58.45155334472656,231.4536895751953,301.5096740722656,29.125213623046875
169.16123962402344,106.62000274658203,106.47002410888672,127.39812469482422,57.966896057128906,231.55288696289062,299.8978271484375,28.545730590820312
170.92405700683594,110.19000244140625,110.8339614868164,127.46350860595703,58.06748580932617,231.26516723632812,305.0849609375,28.859455108642578
171.11117553710938,112.18000030517578,115.61444091796875,127.0619125366211,58.396690368652344,233.95404052734375,302.9358825683594,28.552722930908203
170.18417358398438,110.26000213623047,116.5467529296875,125.24076843261719,58.625301361083984,231.98944091796875,301.822265625,28.31493377685547
169.69107055664062,111.19999694824219,115.55494689941406,126.29610443115234,58.46984100341797,237.0001678466797,302.3009033203125,28.927392959594727
169.69107055664062,113.4000015258789,118.53036499023438,125.44620513916016,57.811439514160156,236.96046447753906,304.5281982421875,29.18716049194336
170.30250549316406,115.5,119.84944915771484,129.30337524414062,57.74742889404297,240.6018829345703,307.40643310546875,30.15130615234375
172.6298828125,118.1500015258789,121.82312774658203,130.28399658203125,57.4273681640625,244.9279327392578,311.83154296875,31.649978637695312
172.73834228515625,116.25,121.75371551513672,129.9851531982422,57.454811096191406,243.7273712158203,311.6552734375,31.236347198486328
171.7916259765625,115.01000213623047,124.02494812011719,128.91111755371094,56.24773406982422,246.38648986816406,314.4356689453125,31.148427963256836
169.18812561035156,114.98999786376953,121.55533599853516,127.56623840332031,56.14714431762695,244.8188018798828,308.63995361328125,30.660858154296875
169.4642333984375,116.75,119.9089584350586,126.39883422851562,55.671627044677734,247.2695770263672,307.2596130371094,30.510990142822266
170.5983428955078,115.0,122.46781158447266,126.7070083618164,55.24184036254883,250.7224578857422,319.0761413574219,37.94640350341797
173.00460815429688,120.11000061035156,123.58854675292969,127.89312744140625,55.10467529296875,259.9996643066406,325.8998107910156,38.911556243896484
174.8488006591797,121.66000366210938,122.65624237060547,128.3787841796875,54.66574478149414,260.4759216308594,324.25506591796875,40.075523376464844
174.79946899414062,120.58000183105469,121.8628158569336,126.74439239501953,54.555999755859375,262.6587829589844,321.4942932128906,37.800533294677734
177.6001739501953,122.7699966430664,122.70584106445312,128.49085998535156,54.86691665649414,270.4873352050781,325.5962219238281,39.734825134277344
178.44830322265625,124.25,123.6480484008789,131.18992614746094,55.927677154541016,270.4873352050781,328.3570251464844,39.292213439941406
177.0972442626953,125.30000305175781,124.97706604003906,129.90109252929688,55.552757263183594,269.27685546875,328.8857727050781,39.1363525390625
176.7323455810547,126.61000061035156,126.26640319824219,130.13455200195312,55.15039825439453,269.00897216796875,326.6731262207031,38.61981201171875
175.361572265625,121.2300033569336,121.49584197998047,131.39537048339844,55.068092346191406,261.5474853515625,316.5895080566406,37.44572067260742
178.0735321044922,124.25,121.1387939453125,131.43272399902344,55.20526123046875,262.5198974609375,318.42999267578125,38.47991943359375
178.4582061767578,123.43000030517578,121.2280502319336,131.69424438476562,55.29670715332031,262.88702392578125,319.9278869628906,38.73971176147461
181.2490234375,126.56999969482422,122.62649536132812,131.68490600585938,55.058956146240234,268.9394836425781,324.8816223144531,39.4511604309082
180.7756805419922,126.66000366210938,122.81493377685547,132.6375274658203,55.278419494628906,269.2074279785156,327.2703857421875,40.989952087402344
181.4068145751953,126.41999816894531,122.65624237060547,132.14254760742188,55.65333938598633,271.2215270996094,330.2563171386719,42.96342086791992
183.43832397460938,127.11000061035156,124.0645980834961,133.63682556152344,56.418113708496094,279.63555908203125,340.7904357910156,42.61968994140625
182.3634033203125,125.48999786376953,122.51738739013672,133.7956085205078,56.82353591918945,278.8120422363281,335.1415100097656,42.65864944458008
182.45216369628906,125.77999877929688,122.09092712402344,133.1138153076172,56.44575500488281,282.1160888671875,330.9514465332031,43.773780822753906
181.41668701171875,124.83000183105469,119.56182861328125,132.91770935058594,56.60239791870117,279.4470520019531,326.55572509765625,43.011375427246094
184.41464233398438,130.14999389648438,122.14051055908203,130.35874938964844,56.98939514160156,282.66180419921875,332.5765686035156,42.99139404296875
184.09906005859375,129.3300018310547,121.3371353149414,129.67694091796875,56.390480041503906,286.4818420410156,327.9850158691406,42.176029205322266
182.70858764648438,127.33000183105469,117.36993408203125,129.99447631835938,56.408905029296875,276.3017578125,321.6998291015625,40.60026550292969
185.4600067138672,129.17999267578125,117.36001586914062,130.00381469726562,56.289119720458984,284.8149108886719,327.5445556640625,41.84329605102539
186.633544921875,129.0399932861328,119.19485473632812,129.4341278076172,55.763916015625,283.068603515625,328.797607421875,41.08488845825195
186.96884155273438,127.9000015258789,118.12371063232422,133.95436096191406,55.30320739746094,279.337890625,328.0143737792969,40.79010772705078
191.28831481933594,130.36000061035156,118.71878814697266,135.83157348632812,55.48748779296875,284.7454528808594,333.3891296386719,42.268959045410156
189.7991943359375,130.22000122070312,118.91715240478516,136.92425537109375,55.8192024230957,283.7929382324219,330.8926696777344,42.37986755371094
188.68478393554688,130.3800048828125,120.75199127197266,136.0121612548828,56.23384094238281,292.0779113769531,331.0493469238281,42.28395080566406
189.1581573486328,128.36000061035156,119.12543487548828,134.66744995117188,55.8007698059082,289.71649169921875,334.1037902832031,42.07011795043945
188.04376220703125,129.77999877929688,118.50059509277344,135.73004150390625,55.063636779785156,288.267822265625,330.1388244628906,42.46980285644531
186.00238037109375,127.12999725341797,115.49542236328125,136.49171447753906,54.64900588989258,291.8100280761719,324.8619689941406,42.147056579589844
185.47970581054688,128.77999877929688,116.17977142333984,138.62631225585938,54.84249496459961,295.9674072265625,325.48858642578125,42.37187194824219
187.14634704589844,130.8000030517578,117.95509338378906,139.3127899169922,55.137351989746094,306.93133544921875,330.1192932128906,43.86770248413086
187.90567016601562,134.3000030517578,123.51911163330078,139.9898223876953,55.60727310180664,310.96966552734375,335.464599609375,45.94108963012695
188.05364990234375,134.67999267578125,124.39189910888672,140.83615112304688,56.11405563354492,306.46502685546875,337.9904479980469,45.4334831237793
191.30801391601562,133.55999755859375,123.62822723388672,144.2308349609375,56.0311279296875,308.2013854980469,338.4702453613281,46.42470932006836
191.05160522460938,132.8300018310547,122.74551391601562,144.49411010742188,55.809974670410156,309.6202392578125,351.9411926269531,47.456905364990234
192.4026641845703,135.36000061035156,121.0296859741211,145.04891967773438,56.795894622802734,313.5494079589844,347.623779296875,47.040225982666016
190.4599151611328,129.9600067138672,118.22288513183594,146.83555603027344,57.48695373535156,300.1644287109375,339.5862121582031,45.484439849853516
189.28634643554688,130.0,119.03616333007812,145.7071075439453,57.533023834228516,291.9687805175781,336.55133056640625,44.27438735961914
190.08517456054688,128.8000030517578,120.5337905883789,148.57521057128906,57.55145263671875,289.3393859863281,337.8631896972656,44.5771598815918
190.94313049316406,129.1300048828125,121.20821380615234,147.46559143066406,57.35795211791992,292.1771240234375,343.60992431640625,45.64331817626953
191.8109893798828,128.14999389648438,128.2103271484375,148.34950256347656,58.09508514404297,296.2452392578125,330.6772766113281,45.416500091552734
190.5486602783203,128.25,128.33926391601562,146.71331787109375,57.533023834228516,309.2829284667969,323.77532958984375,45.86415100097656
193.12254333496094,132.2100067138672,131.4932098388672,147.5502471923828,57.56987762451172,322.9457092285156,331.2646789550781,46.713478088378906
193.7340087890625,133.67999267578125,131.63204956054688,148.53761291503906,57.0631103515625,316.1192626953125,328.86614990234375,46.692501068115234
192.90562438964844,131.69000244140625,130.47166442871094,147.80413818359375,56.91567611694336,320.19720458984375,329.2773742675781,46.47066879272461
189.91749572753906,128.2100067138672,127.32765197753906,146.13027954101562,57.09074401855469,311.8626708984375,320.6229248046875,44.23442077636719
188.52700805664062,128.91000366210938,127.39704895019531,147.02365112304688,56.795894622802734,310.7513427734375,319.80059814453125,44.480228424072266
179.47393798828125,139.57000732421875,127.05985260009766,146.71331787109375,55.93898391723633,308.3105163574219,320.8970947265625,44.64509963989258
176.37734985351562,142.22000122070312,130.4518280029297,147.4091796875,56.38125991821289,314.0951232910156,323.1781005859375,45.38152313232422
177.31419372558594,139.94000244140625,130.3228759765625,146.5816650390625,56.13248062133789,310.2056884765625,319.203369140625,44.629119873046875
175.72647094726562,137.85000610351562,128.59715270996094,144.6163330078125,56.261478424072266,302.83355712890625,315.463623046875,42.52075958251953
175.50950622558594,138.55999755859375,128.6269073486328,144.40005493164062,56.13248062133789,303.3594055175781,316.1488952636719,42.354896545410156
175.56874084472656,138.41000366210938,128.49795532226562,145.23696899414062,56.362831115722656,299.2913513183594,314.26922607421875,40.82309341430664
177.2178497314453,140.57000732421875,130.25344848632812,145.53787231445312,56.095619201660156,303.805908203125,317.2356262207031,43.71882629394531
175.2329864501953,137.6699981689453,128.71615600585938,141.83290100097656,55.71784210205078,299.5989074707031,315.1014099121094,43.905677795410156
174.36399841308594,135.07000732421875,127.64502716064453,141.23106384277344,55.72705841064453,291.9985656738281,314.3360900878906,43.4520263671875
171.82611083984375,133.97999572753906,128.85501098632812,139.76416015625,55.84684753417969,282.8702392578125,310.8828430175781,43.310150146484375
172.30999755859375,133.22000122070312,126.41517639160156,140.0838623046875,56.160118103027344,281.04449462890625,310.4903869628906,43.26518249511719
173.6431427001953,134.67999267578125,127.31771087646484,140.56344604492188,55.68098831176758,287.6427307128906,315.7881774902344,46.93031692504883
175.01573181152344,134.25,128.0218963623047,137.64834594726562,55.34006118774414,285.36065673828125,316.35711669921875,45.63233184814453
178.85714721679688,135.52000427246094,131.28492736816406,138.57928466796875,55.5335578918457,291.94891357421875,320.8112487792969,47.07920455932617
174.1763916015625,131.83999633789062,128.71615600585938,138.4476318359375,55.38613510131836,284.5172424316406,313.9142761230469,47.126163482666016
176.37850952148438,133.25999450683594,128.8153533935547,138.2783966064453,55.64413070678711,283.27703857421875,316.8673400878906,45.982051849365234
177.93875122070312,133.13999938964844,129.93606567382812,138.75796508789062,55.8007698059082,287.99993896484375,317.5736999511719,46.79841995239258
181.81967163085938,134.91000366210938,133.4669189453125,139.88636779785156,55.7454833984375,295.6697082519531,322.1945495605469,48.74589157104492
185.3055419921875,135.07000732421875,134.76617431640625,139.32220458984375,55.71784210205078,292.8022155761719,322.5673522949219,49.22551727294922
185.52281188964844,138.00999450683594,135.05380249023438,137.60134887695312,55.12813949584961,293.58612060546875,321.556884765625,49.31645202636719
187.0929718017578,138.1199951171875,134.54795837402344,138.0621337890625,54.64900588989258,294.0722961425781,322.4398193359375,48.47111129760742
187.32994079589844,137.27000427246094,134.65707397460938,136.53875732421875,54.197509765625,297.8128967285156,327.2372741699219,48.51007843017578
180.6248016357422,135.36000061035156,133.3577880859375,136.3130645751953,54.16065216064453,296.8405456542969,326.5799560546875,47.02811050415039
175.3415985107422,137.85000610351562,134.15122985839844,135.14703369140625,53.74602508544922,296.3444519042969,323.6661682128906,46.20869064331055
175.95387268066406,138.22999572753906,135.26205444335938,135.25045776367188,53.74602508544922,295.57049560546875,327.9436340332031,45.540157318115234
177.11915588378906,143.10000610351562,135.79763793945312,135.84288024902344,54.2527961730957,305.16522216796875,331.5442199707031,45.14643096923828
174.0973663330078,141.22999572753906,134.23056030273438,137.61073303222656,53.71837615966797,299.3111267089844,325.4909973144531,44.838645935058594
172.03350830078125,144.85000610351562,135.58937072753906,137.6765594482422,53.84737014770508,302.6846923828125,329.6997375488281,45.45322036743164
173.5443878173828,144.72000122070312,136.96795654296875,140.34713745117188,54.29316329956055,309.2928161621094,332.289794921875,45.54915237426758
172.82347106933594,140.38999938964844,136.273681640625,139.9333953857422,53.81023025512695,297.9716491699219,323.9703063964844,43.869319915771484
175.74647521972656,139.97999572753906,137.0770721435547,140.2248992919922,54.14456558227539,300.1941833496094,322.8322448730469,43.93526840209961
176.83277893066406,137.6300048828125,136.90843200683594,140.04623413085938,54.033119201660156,302.69464111328125,322.4300231933594,43.489593505859375
173.29750061035156,135.2899932861328,132.64370727539062,139.45382690429688,54.27458572387695,297.3366394042969,314.69915771484375,42.2094841003418
171.75697326660156,129.3300018310547,129.37075805664062,138.363037109375,53.43873596191406,293.4273376464844,313.48260498046875,40.98833465576172
172.6062469482422,129.1199951171875,129.18231201171875,137.037109375,53.49445343017578,296.7512512207031,311.01031494140625,41.580928802490234
173.88011169433594,131.27000427246094,130.0352783203125,137.7141876220703,52.93722152709961,298.4875793457031,311.5302734375,42.19249725341797
169.8115997314453,125.9800033569336,127.51609802246094,136.28485107421875,52.50072479248047,296.6321716308594,306.23248291015625,41.881717681884766
168.30068969726562,125.9800033569336,129.4699249267578,137.0841522216797,51.962066650390625,295.4216613769531,306.8702087402344,42.438323974609375
168.5574493408203,125.9800033569336,131.2254180908203,138.7861785888672,51.83204650878906,301.5932922363281,307.7041015625,43.05889129638672
169.07095336914062,127.12000274658203,129.7873077392578,136.36949157714844,51.98992919921875,297.8724365234375,309.7742004394531,43.468605041503906
171.5792694091797,129.4600067138672,133.0701904296875,135.1940460205078,51.52556610107422,304.4310302734375,315.7096252441406,44.750709533691406
170.24609375,124.72000122070312,131.3444366455078,134.197265625,50.96833419799805,298.5967712402344,307.4588623046875,43.48659133911133
171.49032592773438,127.0,134.13140869140625,134.79910278320312,51.11692810058594,303.2006530761719,312.92340087890625,44.01022720336914
172.7247314453125,125.95999908447266,133.96282958984375,135.367431640625,48.64653015136719,302.4168395996094,313.31585693359375,44.65678024291992
175.27252197265625,127.95999908447266,136.45223999023438,137.4514923095703,49.35235595703125,312.9739685058594,321.06634521484375,45.73002243041992
176.75375366210938,128.25999450683594,137.28533935546875,137.13890075683594,49.11088943481445,315.8810729980469,323.5778503417969,45.24135971069336
176.1612548828125,129.47999572753906,136.92828369140625,137.9724884033203,50.178916931152344,319.333984375,322.1749572753906,45.765995025634766
177.55361938476562,131.8300018310547,139.39788818359375,138.4461669921875,49.88172149658203,325.2674865722656,326.12872314453125,46.773292541503906
178.4522705078125,132.3300018310547,137.83082580566406,138.1240692138672,49.045875549316406,321.635986328125,324.89251708984375,46.912193298339844
176.61550903320312,129.7899932861328,136.2340087890625,140.19863891601562,49.12017059326172,312.23974609375,321.5274658203125,45.42922592163086
176.48715209960938,132.5500030517578,137.95974731445312,140.05654907226562,49.621681213378906,318.64935302734375,326.34454345703125,46.06278991699219
174.93673706054688,131.47000122070312,138.57470703125,139.75340270996094,50.21607208251953,321.47723388671875,325.77545166015625,43.90729904174805
173.6431427001953,128.1300048828125,136.82911682128906,138.2188262939453,50.19749450683594,314.501953125,323.86236572265625,42.166507720947266
173.26788330078125,128.39999389648438,136.62081909179688,137.6314697265625,50.47610855102539,310.3743591308594,325.04949951171875,42.07158660888672
170.72010803222656,125.16999816894531,134.48846435546875,135.4148406982422,50.6804313659668,306.2467346191406,320.4874572753906,41.35808563232422
170.83859252929688,126.55999755859375,135.38107299804688,133.56761169433594,50.22536087036133,311.5650329589844,323.0873718261719,42.944969177246094
171.27310180664062,128.55999755859375,137.67213439941406,133.7286376953125,51.674156188964844,310.1163330078125,324.27447509765625,43.63249206542969
168.96234130859375,121.38999938964844,124.58035278320312,132.9992218017578,52.11994934082031,297.1977233886719,334.22247314453125,41.74980545043945
164.804931640625,119.56999969482422,121.27764129638672,133.34027099609375,51.80418014526367,286.10479736328125,321.68438720703125,40.297821044921875
166.11831665039062,127.73999786376953,121.16854858398438,128.5375518798828,51.30267333984375,294.4195556640625,323.568115234375,40.471702575683594
168.16244506835938,132.7100067138672,123.43977355957031,130.17633056640625,52.14781951904297,300.3033142089844,330.9260559082031,41.132240295410156
168.63645935058594,133.08999633789062,123.06288146972656,131.72987365722656,52.463584899902344,298.9241943359375,331.7109680175781,40.75150680541992
171.7964630126953,137.0,125.41345977783203,131.61622619628906,52.417137145996094,309.42181396484375,339.5203552246094,42.29542922973633
175.3515167236328,138.07000732421875,126.44493865966797,133.96551513671875,53.02081298828125,308.4494323730469,341.72772216796875,43.4755973815918
174.44297790527344,138.60000610351562,128.041748046875,135.46217346191406,52.69575881958008,312.150390625,346.1229553222656,44.973548889160156
176.99075317382812,139.74000549316406,129.18231201171875,136.48526000976562,52.909366607666016,313.3410949707031,349.7823181152344,45.71902847290039
179.5484161376953,142.7100067138672,129.8964080810547,136.41893005371094,53.104400634765625,316.3375549316406,353.7066345214844,45.922889709472656
180.60501098632812,142.0800018310547,130.75927734375,137.09153747558594,53.02081298828125,317.29010009765625,356.326171875,46.54145050048828
180.13104248046875,140.60000610351562,129.17239379882812,136.68418884277344,52.6214599609375,318.0540466308594,353.8636474609375,46.91719436645508
184.3136749267578,143.55999755859375,131.5031280517578,138.71139526367188,52.67718505859375,326.2100830078125,362.67364501953125,48.30122375488281
182.73158264160156,142.58999633789062,131.00721740722656,138.09567260742188,52.87221908569336,326.6268005371094,359.740234375,48.586021423339844
185.342041015625,145.8000030517578,132.52467346191406,140.61546325683594,53.03009033203125,333.69140625,363.2622985839844,49.62129592895508
185.9056396484375,143.1999969482422,133.51646423339844,141.846923828125,53.132259368896484,330.119384765625,363.4097595214844,48.853843688964844
187.58663940429688,142.8300018310547,135.80752563476562,143.46676635742188,53.0765380859375,331.58782958984375,369.7997131347656,49.44542694091797
187.5668487548828,145.17999267578125,134.2008514404297,144.7645721435547,53.17869567871094,332.4312744140625,363.5867614746094,49.2635612487793
189.30715942382812,146.1300048828125,135.13311767578125,145.20977783203125,53.3087158203125,337.3228759765625,371.0482177734375,50.37377166748047
188.5062255859375,143.89999389648438,135.8472137451172,144.90667724609375,53.893802642822266,334.356201171875,366.752197265625,49.90910339355469
189.16871643066406,146.7100067138672,137.3547821044922,145.2476806640625,54.256011962890625,338.8310241699219,371.4512634277344,48.68195343017578
187.84371948242188,146.74000549316406,135.5695037841797,145.44659423828125,54.395320892333984,335.596435546875,371.0383605957031,47.74261474609375
187.6657257080078,147.72999572753906,135.2918243408203,145.11505126953125,54.29316329956055,332.09393310546875,372.1983947753906,48.208290100097656
188.26889038085938,147.02999877929688,136.07534790039062,145.44659423828125,54.40460968017578,336.3504943847656,376.2191467285156,47.7875862121582
187.25045776367188,146.32000732421875,133.8834686279297,146.1855010986328,54.07955551147461,329.6134033203125,372.4343566894531,48.10636520385742
187.8239288330078,146.08999633789062,131.44361877441406,147.8527069091797,54.70675277709961,324.6026916503906,372.49334716796875,46.73732376098633
189.09951782226562,147.02999877929688,130.7790985107422,148.57266235351562,54.89398193359375,322.29083251953125,368.1678161621094,46.73232650756836
187.30975341796875,144.83999633789062,128.2103271484375,149.6620330810547,54.82844924926758,317.5282287597656,362.88873291015625,45.47819900512695
191.25506591796875,146.8800048828125,129.916259765625,149.64309692382812,54.912696838378906,315.81170654296875,366.2114562988281,46.53755187988281
190.16741943359375,144.52000427246094,128.95419311523438,148.07061767578125,54.85653305053711,314.97821044921875,362.55450439453125,45.47520065307617
192.09561157226562,146.8800048828125,135.80752563476562,148.52528381347656,54.98759460449219,324.0470275878906,364.66815185546875,46.567535400390625
193.5194854736328,147.4199981689453,133.8834686279297,150.1641082763672,54.86589431762695,330.1590576171875,367.8925476074219,47.47697448730469
191.01780700683594,145.88999938964844,132.19740295410156,150.71356201171875,55.2684211730957,322.7472229003906,365.01214599609375,46.598514556884766
192.53067016601562,147.47999572753906,131.43370056152344,152.05868530273438,55.624149322509766,331.6176452636719,368.0400085449219,47.627891540527344
195.74432373046875,148.83999633789062,131.4833221435547,152.5702362060547,56.10157012939453,332.133544921875,368.03021240234375,48.058624267578125
195.892578125,147.4199981689453,130.85845947265625,155.3457794189453,55.2684211730957,330.5758056640625,359.7331237792969,48.32046127319336
195.35867309570312,149.97000122070312,131.5130157470703,156.52040100097656,54.85653305053711,332.31219482421875,364.45184326171875,48.86013412475586
193.6974639892578,154.07000732421875,134.6868133544922,157.46768188476562,55.24970626831055,341.9366455078125,366.3393249511719,50.04640579223633
194.7357177734375,153.7899932861328,135.52984619140625,159.57066345214844,55.071842193603516,347.6319885253906,366.93902587890625,49.573692321777344
192.6493377685547,152.1199951171875,137.2059783935547,157.77081298828125,53.92977523803711,346.5603942871094,364.3436584472656,48.08161163330078
192.50100708007812,153.83999633789062,139.26893615722656,158.67076110839844,54.28550338745117,351.3329162597656,367.2142028808594,48.96006774902344
191.43309020996094,153.4199981689453,140.33016967773438,158.57601928710938,54.59442138671875,350.638427734375,368.23663330078125,48.800167083740234
190.88925170898438,153.41000366210938,140.3599395751953,159.51382446289062,54.819091796875,352.067138671875,368.3152770996094,49.24889373779297
190.98812866210938,153.33999633789062,139.21934509277344,160.47059631347656,54.95950698852539,355.04376220703125,367.73529052734375,49.386810302734375
191.413330078125,153.3800048828125,139.08047485351562,161.32318115234375,54.9969482421875,355.52996826171875,368.9248046875,49.49174880981445
190.3750762939453,151.94000244140625,138.54493713378906,161.13372802734375,55.16545104980469,351.20391845703125,369.6719055175781,49.49174880981445
183.5621795654297,149.92999267578125,137.03738403320312,163.0093231201172,55.998600006103516,343.5936584472656,364.58941650390625,48.138572692871094
182.187744140625,148.47000122070312,137.78128051757812,162.29885864257812,56.1296501159668,341.787841796875,364.3240661621094,47.539939880371094
179.87393188476562,144.57000732421875,135.27198791503906,163.3759002685547,55.94242858886719,344.4171447753906,361.70904541015625,47.96867752075195
179.152099609375,145.24000549316406,134.61737060546875,164.1956024169922,55.85818099975586,349.20965576171875,361.52227783203125,49.067012786865234
183.48306274414062,149.10000610351562,137.701904296875,163.9573211669922,56.27007293701172,355.8673400878906,368.34478759765625,52.2210807800293
183.0677947998047,151.3699951171875,139.79458618164062,162.66107177734375,56.16709899902344,354.64691162109375,369.4261169433594,53.107540130615234
184.1060333251953,153.72999572753906,141.1136932373047,163.0041961669922,56.35432815551758,367.5853576660156,376.2878723144531,54.31679916381836
183.5127410888672,155.17999267578125,140.9153289794922,162.3179473876953,55.98923873901367,366.7915954589844,378.1164245605469,54.78850555419922
183.8390655517578,154.6199951171875,141.4806671142578,161.1265411376953,56.532188415527344,371.5740661621094,381.89141845703125,54.676578521728516
181.57467651367188,153.16000366210938,141.32199096679688,160.1162109375,56.157745361328125,364.5988464355469,383.6609191894531,56.34755325317383
180.6352996826172,151.7100067138672,140.31031799316406,159.25839233398438,56.157745361328125,365.5017395019531,382.87451171875,56.018760681152344
186.51873779296875,153.5,142.30386352539062,159.5729217529297,56.316871643066406,373.2013244628906,387.1999206542969,57.072113037109375
189.41592407226562,155.33999633789062,145.18011474609375,162.32745361328125,56.00796127319336,380.4643249511719,391.9186706542969,59.45465850830078
191.71986389160156,154.77999877929688,144.7932586669922,162.13682556152344,55.76456832885742,378.8073425292969,389.7952880859375,59.617557525634766
192.99539184570312,156.02000427246094,145.83465576171875,161.0693359375,56.02667999267578,382.20074462890625,392.144775390625,59.836421966552734
192.3230438232422,156.8699951171875,147.4810791015625,162.508544921875,55.14673614501953,387.65789794921875,395.7428283691406,61.32451629638672
191.99671936035156,157.75,150.6250762939453,164.83421325683594,55.38075637817383,390.11859130859375,398.0136413574219,61.5793571472168
190.2662811279297,159.1199951171875,150.9424591064453,164.20513916015625,55.57735061645508,391.07110595703125,397.08966064453125,60.993709564208984
189.5840301513672,161.25999450683594,152.25164794921875,164.634033203125,55.914344787597656,397.8974609375,402.78155517578125,62.42683792114258
185.93531799316406,159.0,150.21844482421875,168.0081024169922,56.073486328125,396.94500732421875,401.6706848144531,62.73564910888672
182.3360595703125,155.1999969482422,138.95155334472656,166.18763732910156,55.68968200683594,387.1022033691406,390.8471984863281,61.489410400390625
184.76852416992188,159.27999877929688,140.0028839111328,165.587158203125,57.08448791503906,391.7061462402344,396.94219970703125,62.98849868774414
183.76983642578125,171.80999755859375,141.212890625,166.540283203125,56.67259979248047,471.29156494140625,404.256103515625,66.11959075927734
185.579345703125,170.30999755859375,142.50222778320312,166.32106018066406,56.20454025268555,455.8328857421875,398.78045654296875,69.2896499633789
187.18124389648438,169.14999389648438,142.91876220703125,166.89295959472656,56.110923767089844,451.1793518066406,398.62322998046875,68.18132781982422
187.2899932861328,170.52999877929688,144.34695434570312,167.20748901367188,56.157745361328125,465.9336242675781,407.0382080078125,70.0561752319336
186.2122039794922,169.83999633789062,144.71392822265625,166.6070098876953,56.00796127319336,466.34039306640625,407.09716796875,69.59844970703125
186.9745635986328,174.4499969482422,147.7786102294922,166.8071746826172,55.75520706176758,464.4651184082031,413.4281311035156,72.08894348144531
185.29141235351562,172.33999633789062,146.3206787109375,167.5506134033203,55.886260986328125,465.24896240234375,408.22772216796875,72.203857421875
183.20236206054688,168.63999938964844,143.95025634765625,166.09231567382812,55.558624267578125,456.5373840332031,399.4391174316406,72.08394622802734
182.32119750976562,170.97999572753906,144.7436981201172,167.77935791015625,55.50245666503906,469.59490966796875,403.29986572265625,73.85486602783203
182.03408813476562,169.8000030517578,141.59971618652344,171.43936157226562,55.605430603027344,480.2611083984375,400.4141540527344,72.61361694335938
180.4994659423828,169.50999450683594,139.36814880371094,170.63873291015625,55.596065521240234,469.6345520019531,397.9519348144531,72.56863403320312
179.75694274902344,167.0800018310547,139.9632110595703,171.30592346191406,56.8223876953125,468.0767517089844,396.701171875,69.4095687866211
180.50938415527344,168.58999633789062,141.38148498535156,172.42111206054688,57.3278923034668,464.87841796875,396.1003112792969,67.43077850341797
182.5390167236328,174.5800018310547,142.90887451171875,174.48941040039062,57.24363327026367,482.8565979003906,405.42718505859375,78.49002838134766
180.70742797851562,174.99000549316406,142.77993774414062,175.3662872314453,57.29044723510742,480.77069091796875,404.1370544433594,78.76885986328125
179.3609161376953,174.72999572753906,136.4423370361328,174.7658233642578,56.83173751831055,478.4961242675781,401.37939453125,79.04369354248047
180.8163299560547,173.5399932861328,137.7415771484375,174.85157775878906,56.48537826538086,483.7703552246094,401.3202209472656,78.65292358398438
179.6183319091797,173.16000366210938,135.26205444335938,175.73800659179688,56.54154968261719,480.7607727050781,401.5566101074219,77.61555480957031
178.95497131347656,176.75999450683594,137.32501220703125,177.33924865722656,56.185829162597656,486.82965087890625,407.38714599609375,79.06367492675781
177.87582397460938,178.22000122070312,136.01583862304688,176.60533142089844,55.72712326049805,498.9176940917969,409.218994140625,82.22872924804688
173.361083984375,177.5800018310547,132.25689697265625,177.93019104003906,55.98923873901367,494.83538818359375,408.6478271484375,85.1849136352539
168.43055725097656,174.1199951171875,131.58245849609375,179.71255493164062,55.71776580810547,486.9190368652344,396.563232421875,85.91551971435547
167.44049072265625,173.50999450683594,130.3228759765625,180.64662170410156,55.745845794677734,492.7495422363281,396.0117492675781,88.64997100830078
167.3216552734375,176.82000732421875,133.2784423828125,179.06439208984375,55.64287185668945,508.74114990234375,402.9552001953125,92.61672973632812
169.03448486328125,175.35000610351562,134.30001831054688,179.3980255126953,55.71776580810547,502.5431213378906,400.07928466796875,87.47862243652344
171.03443908691406,171.9600067138672,136.54148864746094,179.4647216796875,56.39176940917969,480.3337097167969,398.40496826171875,85.72562408447266
171.50967407226562,175.38999938964844,137.3646697998047,180.94207763671875,56.63515853881836,496.3849182128906,409.0023193359375,91.86115264892578
169.43052673339844,176.55999755859375,138.6441192626953,182.409912109375,57.21554946899414,492.2330017089844,408.8251037597656,90.83673858642578
171.28195190429688,178.75,141.92697143554688,179.1597442626953,57.08816146850586,488.5181884765625,418.7920837402344,87.89439392089844
170.90573120117188,174.4199981689453,140.02272033691406,181.38050842285156,56.503135681152344,480.8402099609375,410.1251220703125,87.78746032714844
171.99478149414062,174.47999572753906,146.46942138671875,183.62989807128906,56.73903274536133,493.633544921875,411.0115051269531,88.40511322021484
174.3313446044922,175.89999389648438,145.8247528076172,184.70692443847656,56.83338928222656,492.8985290527344,415.0397033691406,89.34757995605469
176.89564514160156,178.14999389648438,147.52073669433594,187.12789916992188,57.32406234741211,502.11602783203125,418.8019714355469,90.3210220336914
169.66812133789062,178.14999389648438,146.3900909423828,189.7299346923828,57.05985641479492,504.3409423828125,422.8793640136719,91.3834228515625
170.569091796875,178.8699951171875,149.53411865234375,187.404296875,57.07872772216797,506.14862060546875,422.25885009765625,94.2358169555664
169.1533203125,179.7100067138672,148.83985900878906,185.6886749267578,56.99380874633789,499.6328125,416.46771240234375,94.94840240478516
168.0246124267578,178.3000030517578,149.4349365234375,186.5560302734375,57.125911712646484,492.5508728027344,415.2760314941406,92.50880432128906
171.5888671875,179.8300018310547,149.63330078125,190.1684112548828,57.588279724121094,490.5345458984375,415.05938720703125,90.19910430908203
169.7770538330078,180.3800048828125,149.69277954101562,190.91180419921875,57.72981262207031,482.31024169921875,414.3601379394531,90.30503845214844
168.3414306640625,180.97000122070312,154.21542358398438,189.61557006835938,57.25801086425781,488.0413818359375,418.15185546875,90.31202697753906
167.1632537841797,180.69000244140625,153.29302978515625,189.53932189941406,56.757904052734375,494.0209045410156,415.0692138671875,89.40155029296875
167.96519470214844,182.41000366210938,153.65008544921875,189.00555419921875,56.45595169067383,503.32781982421875,414.09417724609375,88.913818359375
167.14346313476562,180.0,149.29608154296875,187.56752014160156,55.955841064453125,507.479736328125,411.5630187988281,85.85653686523438
167.8959197998047,185.07000732421875,151.2499237060547,189.2931671142578,56.153995513916016,523.7891845703125,419.0875549316406,87.9583740234375
166.77713012695312,185.19000244140625,153.5806427001953,190.28060913085938,55.92753219604492,515.7535400390625,418.1716003417969,87.08385467529297
167.9850311279297,185.6699981689453,155.31631469726562,189.0055389404297,56.352149963378906,513.41943359375,419.8360595703125,85.30584716796875
166.11380004882812,185.9499969482422,154.86009216308594,187.39495849609375,55.597267150878906,516.3297119140625,416.8616943359375,86.98991394042969
173.30166625976562,189.0500030517578,158.103271484375,187.35662841796875,55.71993637084961,519.63720703125,421.4611511230469,90.56488800048828
174.7967071533203,186.1300048828125,156.43704223632812,175.23878479003906,54.99336242675781,508.4530334472656,415.5223083496094,88.13626098632812
170.9750213623047,183.6199951171875,153.590576171875,175.33465576171875,54.86125183105469,496.8616943359375,407.38714599609375,85.95249938964844
167.6978759765625,183.32000732421875,153.13433837890625,173.33099365234375,54.7857666015625,496.39483642578125,408.3128967285156,87.36569213867188
166.3315887451172,181.27999877929688,154.19557189941406,172.64073181152344,55.210384368896484,490.84246826171875,405.6143493652344,83.98759460449219
165.38111877441406,179.22000122070312,154.73114013671875,173.7624053955078,55.58783721923828,498.4210510253906,398.1588134765625,84.62323760986328
163.3614044189453,174.6300048828125,152.82688903808594,178.1244354248047,56.77677536010742,477.8306579589844,393.08660888671875,76.15702056884766
164.1930389404297,177.22999572753906,154.99893188476562,181.58531188964844,57.135345458984375,478.4862060546875,394.8987731933594,79.47314453125
165.2425079345703,179.5399932861328,156.9626922607422,184.20254516601562,57.22026824951172,492.75946044921875,401.408935546875,82.37651062011719
167.3414764404297,176.58999633789062,157.8255615234375,185.1036834716797,58.07895278930664,490.17694091796875,402.8763427734375,79.63206481933594
168.2028350830078,173.6699981689453,154.72122192382812,185.3817138671875,58.258243560791016,438.4078674316406,393.0078430175781,82.58539581298828
167.61868286132812,179.6199951171875,170.5404510498047,185.4967498779297,58.258243560791016,440.3050842285156,400.17779541015625,87.6855239868164
171.77699279785156,180.9600067138672,164.78802490234375,185.29542541503906,58.541316986083984,429.7068786621094,396.1693115234375,87.70751953125
168.63845825195312,175.0,161.44564819335938,183.81906127929688,58.28654479980469,427.2734375,383.4446105957031,86.35327911376953
167.61868286132812,179.0,162.5167999267578,183.93409729003906,58.437522888183594,436.232666015625,388.9698486328125,82.99414825439453
171.3116455078125,184.72000122070312,165.25418090820312,183.7423553466797,58.494144439697266,438.70587158203125,391.8259582519531,85.76859283447266
181.55886840820312,186.2100067138672,165.86911010742188,182.63986206054688,58.66398620605469,448.9167175292969,400.5126647949219,88.7389144897461
179.9054412841797,188.6999969482422,166.7220458984375,184.06829833984375,58.83383560180664,462.5442810058594,407.2886657714844,92.0880355834961
180.58859252929688,188.75999450683594,169.8462371826172,183.82861328125,59.08860778808594,465.0870361328125,403.15216064453125,90.50292205810547
180.92520141601562,188.0,167.99156188964844,187.56752014160156,59.30563735961914,469.4176940917969,404.333984375,90.36101531982422
182.737060546875,189.5,168.56680297851562,189.34112548828125,59.333946228027344,472.21868896484375,406.0871276855469,88.69695281982422
181.4779510498047,187.47999572753906,167.26754760742188,190.55862426757812,59.69252014160156,472.99346923828125,408.4704895019531,89.82731628417969
184.68023681640625,186.57000732421875,167.75352478027344,190.5203094482422,59.99448013305664,464.8586730957031,407.4659118652344,90.34801483154297
185.82032775878906,187.07000732421875,168.94369506835938,193.18544006347656,59.54153823852539,468.6727600097656,410.2630310058594,91.30447387695312
188.09068298339844,185.99000549316406,171.09588623046875,193.76068115234375,59.569847106933594,478.2974853515625,417.43603515625,94.5766372680664
188.2096405029297,183.6300048828125,172.752197265625,194.10577392578125,59.7491340637207,470.04345703125,415.3738708496094,94.3057861328125
188.23936462402344,184.6999969482422,174.61680603027344,196.32992553710938,59.475486755371094,468.73236083984375,414.6042785644531,92.42684173583984
189.3993377685547,183.5399932861328,175.46971130371094,187.50042724609375,59.04143142700195,465.68304443359375,419.6658935546875,94.7265396118164
190.69808959960938,183.14999389648438,176.39212036132812,191.27767944335938,59.36225509643555,461.5013732910156,423.31646728515625,95.33219909667969
189.26052856445312,183.1300048828125,174.93418884277344,190.11764526367188,59.44717788696289,464.63018798828125,424.7767639160156,94.89644622802734
185.2750701904297,181.0500030517578,172.1273651123047,188.78506469726562,58.5885009765625,462.6436462402344,421.3037109375,103.74046325683594
188.34841918945312,180.75,173.55555725097656,192.4185028076172,58.50357437133789,474.9998474121094,424.42156982421875,106.40895080566406
188.35836791992188,182.14999389648438,174.9539794921875,191.25848388671875,58.33372497558594,476.6884460449219,424.5794677734375,113.83675384521484
188.65577697753906,182.02000427246094,174.45809936523438,189.9259033203125,58.220489501953125,471.1658020019531,423.44476318359375,114.7602310180664
189.6471710205078,179.32000732421875,170.69915771484375,191.09548950195312,58.47526931762695,463.90509033203125,409.13824462890625,110.43767547607422
190.5989532470703,176.44000244140625,171.0859832763672,194.25917053222656,59.38113021850586,463.6865234375,409.5920715332031,109.57115936279297
192.36363220214844,178.33999633789062,171.75048828125,193.48265075683594,59.38113021850586,474.27471923828125,408.0035095214844,114.93512725830078
192.680908203125,179.33999633789062,172.3654022216797,190.93252563476562,60.334163665771484,473.77813720703125,410.5195617675781,116.37132263183594
194.18783569335938,181.27999877929688,173.9721221923828,189.1110076904297,60.31529998779297,491.72650146484375,418.3536071777344,122.37095642089844
192.80979919433594,185.0,175.2813262939453,188.77548217773438,60.532325744628906,490.4352111816406,418.8568115234375,120.92976379394531
195.19911193847656,184.3000030517578,173.0299072265625,191.6898956298828,60.30586624145508,489.640625,418.1957702636719,120.81982421875
191.4614715576172,187.05999755859375,173.77462768554688,191.3639373779297,60.003910064697266,499.2156677246094,422.1620788574219,121.72129821777344
205.37098693847656,187.22999572753906,175.3732452392578,186.330810546875,59.966163635253906,504.0528564453125,426.9079284667969,120.85173797607422
211.24012756347656,186.88999938964844,176.53500366210938,183.61770629882812,59.333946228027344,505.4136657714844,435.1761474609375,125.13965606689453
212.40008544921875,183.8300018310547,173.92355346679688,185.65975952148438,59.437744140625,500.70556640625,435.6892395019531,129.5475311279297
210.66513061523438,183.66000366210938,175.54205322265625,185.77476501464844,59.480533599853516,501.2623596191406,436.6660461425781,131.8164520263672
214.8092498779297,184.05999755859375,175.98887634277344,186.92518615722656,59.547096252441406,503.7181701660156,442.3886413574219,130.9168701171875
212.44964599609375,182.80999755859375,173.85403442382812,188.86175537109375,59.556610107421875,496.61920166015625,440.3857116699219,135.5146484375
207.87924194335938,186.10000610351562,175.05552673339844,190.4627685546875,59.12868881225586,498.8165283203125,439.7542724609375,130.71697998046875
205.70806884765625,189.0800018310547,178.36199951171875,188.19068908691406,59.68973922729492,491.9363098144531,443.7798156738281,126.50900268554688
206.35247802734375,185.57000732421875,177.95489501953125,190.66409301757812,60.83085250854492,496.0425720214844,441.697998046875,118.0530776977539
207.27452087402344,186.33999633789062,182.73094177246094,189.88754272460938,60.70723342895508,507.6654052734375,444.9342041015625,126.02922821044922
211.41859436035156,193.61000061035156,182.58200073242188,189.2740020751953,60.906925201416016,510.1708679199219,446.1280822753906,126.3390884399414
212.26129150390625,197.85000610351562,184.10121154785156,190.9420928955078,60.77379608154297,516.5737915039062,446.80889892578125,123.93024444580078
208.81117248535156,193.25,180.86422729492188,193.9044647216797,60.52655792236328,501.3219909667969,440.9875793457031,123.48047637939453
214.88856506347656,197.1999969482422,181.6982879638672,196.96266174316406,60.174713134765625,501.7793884277344,450.6371154785156,124.24010467529297
218.37831115722656,200.0,183.93238830566406,200.20306396484375,60.05109405517578,506.5716552734375,453.153076171875,122.61088562011719
219.6472930908203,197.58999633789062,184.50831604003906,200.06883239746094,60.222259521484375,507.0290832519531,454.6231994628906,128.21817016601562
224.3961944580078,200.0,189.2545623779297,197.41781616210938,60.631160736083984,536.8067626953125,461.3226318359375,125.76937103271484
225.86346435546875,199.2899932861328,187.6956329345703,197.78416442871094,59.87041473388672,526.2777709960938,460.0202331542969,128.13821411132812
226.71607971191406,199.33999633789062,187.64599609375,200.15560913085938,59.61366271972656,526.953857421875,453.40966796875,131.3166961669922
230.97915649414062,199.7899932861328,189.8304443359375,200.31947326660156,59.746795654296875,531.6168823242188,460.0301208496094,134.84500122070312
225.61561584472656,195.0500030517578,184.2600860595703,199.9820556640625,60.0035400390625,509.7532958984375,448.6342468261719,127.3386001586914
228.5601043701172,194.49000549316406,183.76361083984375,197.5624542236328,60.574100494384766,496.0027770996094,447.49951171875,129.17774963378906
232.38694763183594,192.72000122070312,185.2133026123047,202.4884796142578,60.29833221435547,493.308349609375,447.9040832519531,128.37806701660156
232.80335998535156,193.02000427246094,182.62171936035156,205.92994689941406,61.116127014160156,486.9749755859375,443.5232849121094,126.29910278320312
226.9143829345703,187.92999267578125,179.74221801757812,209.06295776367188,62.01000213623047,459.334716796875,437.60333251953125,117.93313598632812
222.2547149658203,183.75,176.43568420410156,202.4209747314453,61.990989685058594,473.1150817871094,434.495361328125,121.0316390991211
222.3836212158203,183.1300048828125,176.40591430664062,202.22816467285156,62.08607864379883,474.0497131347656,431.2788391113281,117.87317657470703
222.03663635253906,182.5500030517578,180.3876190185547,202.710205078125,61.591590881347656,484.5987243652344,437.0311279296875,123.48047637939453
223.07760620117188,186.41000366210938,180.5067596435547,202.75839233398438,61.772274017333984,485.8812561035156,438.9156188964844,122.53091430664062
216.66314697265625,180.8300018310547,171.41139221191406,201.08103942871094,62.5805549621582,458.6188659667969,423.1784362792969,114.19493865966797
215.6221923828125,179.85000610351562,166.0991668701172,201.15814208984375,62.82780456542969,450.8040466308594,412.8184509277344,112.22589111328125
216.08815002441406,182.5,165.8211669921875,204.59963989257812,63.75971984863281,463.0234680175781,419.5967712402344,113.0055160522461
216.3657684326172,183.1999969482422,168.33331298828125,203.25970458984375,63.550506591796875,463.0333557128906,421.0373229980469,111.53620910644531
216.92092895507812,181.7100067138672,169.0879364013672,207.44345092773438,64.35879516601562,460.52783203125,417.2781677246094,103.68001556396484
220.17276000976562,186.97999572753906,170.3291015625,205.1394805908203,63.46491622924805,472.1009216308594,412.7691345214844,116.9636001586914
216.48472595214844,184.07000732421875,169.5546112060547,200.47372436523438,64.62505340576172,494.8792419433594,411.54559326171875,109.15736389160156
217.97181701660156,167.89999389648438,165.48353576660156,191.97120666503906,65.92782592773438,485.3344421386719,403.0406494140625,107.21829223632812
207.47276306152344,161.02000427246094,158.1258544921875,187.8838653564453,64.7581787109375,472.9957580566406,389.87860107421875,100.4015884399414
205.4502716064453,161.92999267578125,157.17262268066406,193.12802124023438,64.71063995361328,491.250244140625,394.27911376953125,104.19976806640625
208.01806640625,162.77000427246094,157.81805419921875,193.18585205078125,65.10050964355469,486.1099853515625,393.11480712890625,98.86233520507812
211.47808837890625,165.8000030517578,160.88623046875,196.71409606933594,65.3572769165039,506.7009582519531,397.3180236816406,104.9194107055664
214.38290405273438,166.94000244140625,162.5146484375,198.39146423339844,65.30973052978516,514.7941284179688,400.60357666015625,104.69952392578125
215.91146850585938,166.8000030517578,161.14439392089844,198.76742553710938,64.82474517822266,512.984619140625,401.383056640625,108.96746063232422
219.62364196777344,170.22999572753906,163.00120544433594,200.45443725585938,65.10050964355469,525.5022583007812,408.4870300292969,116.08402252197266
220.0703125,170.10000610351562,159.2379608154297,202.67161560058594,65.21463012695312,523.7324829101562,411.29901123046875,118.02308654785156
223.04795837402344,177.58999633789062,160.16139221191406,203.9344940185547,65.28119659423828,534.2417602539062,416.162109375,122.80079650878906
224.36807250976562,177.05999755859375,161.8096923828125,206.26734924316406,65.78518676757812,524.3887329101562,413.6316833496094,124.51995849609375
224.20925903320312,178.22000122070312,165.49349975585938,207.69406127929688,65.59500122070312,526.238037109375,416.6563415527344,129.93736267089844
224.82464599609375,178.8800048828125,165.9998779296875,206.7975616455078,65.97537231445312,523.7025146484375,419.88848876953125,127.18868255615234
224.7154541015625,180.11000061035156,164.6792755126953,206.87469482421875,66.15605163574219,532.0841064453125,419.23614501953125,128.4380645751953
222.85939025878906,176.1300048828125,162.6437530517578,208.8316192626953,65.92782592773438,528.872802734375,410.7454833984375,123.68036651611328
225.15220642089844,177.0399932861328,164.45086669921875,210.4511260986328,66.36524200439453,524.96533203125,411.97113037109375,129.30763244628906
225.48965454101562,175.5,164.98707580566406,211.28016662597656,67.36372375488281,518.1248779296875,408.7092590332031,126.39905548095703
226.3333282470703,173.1199951171875,163.51751708984375,212.25379943847656,67.99134063720703,516.116455078125,409.0552062988281,128.23817443847656
224.8048095703125,170.8000030517578,161.700439453125,213.32382202148438,68.22906494140625,513.809814453125,405.85272216796875,125.54946899414062
228.0802459716797,172.1199951171875,160.6380157470703,214.2107391357422,68.51433563232422,515.2415161132812,408.3435974121094,117.5333251953125
227.29611206054688,178.5,162.22671508789062,216.70750427246094,68.91374969482422,518.3138427734375,412.3171081542969,119.31246948242188
221.11248779296875,176.25,156.24917602539062,212.3695068359375,69.42724609375,508.8186340332031,404.7061462402344,107.94795227050781
219.20677185058594,173.3300018310547,155.3456268310547,211.4344024658203,68.99932098388672,509.79302978515625,404.17236328125,106.1588134765625
220.72537231445312,177.88999938964844,156.1300506591797,209.7956085205078,67.67752838134766,513.8893432617188,403.6682434082031,107.15834045410156
219.17697143554688,171.38999938964844,149.85467529296875,204.8117218017578,67.64900207519531,497.3947448730469,397.05560302734375,102.78045654296875
219.26634216308594,175.39999389648438,147.85623168945312,209.005126953125,68.32415771484375,501.8887939453125,401.02911376953125,106.41869354248047
218.47227478027344,179.5500030517578,147.80650329589844,198.1601104736328,68.03887939453125,501.8887939453125,409.4111022949219,108.04789733886719
221.00328063964844,184.52000427246094,150.29214477539062,199.76998901367188,67.59194946289062,508.88824462890625,418.1488952636719,116.8536605834961
221.11248779296875,187.0,153.80186462402344,199.1626739501953,67.73458099365234,522.5791625976562,422.0630798339844,119.0927734375
220.84449768066406,186.49000549316406,156.55596923828125,196.96478271484375,68.37129974365234,521.6047973632812,425.6115417480469,119.05278778076172
214.7104949951172,184.88999938964844,157.15249633789062,200.3773193359375,69.03192138671875,530.7208862304688,426.3529357910156,116.73371124267578
215.17694091796875,186.8800048828125,158.40528869628906,201.71728515625,68.74468994140625,533.7462768554688,430.1188659667969,115.54417419433594
219.04795837402344,186.42999267578125,158.8924560546875,200.05918884277344,68.69681549072266,535.368408203125,425.82904052734375,113.32505798339844
227.16708374023438,189.8699951171875,161.20909118652344,202.90298461914062,67.61491394042969,556.4168701171875,433.617919921875,117.82328033447266
226.5020751953125,191.60000610351562,162.65077209472656,203.49102783203125,68.59149932861328,558.6560668945312,430.23748779296875,115.95401763916016
224.78494262695312,193.8800048828125,160.92076110839844,203.82843017578125,68.67767333984375,561.701416015625,428.497802734375,116.21391296386719
225.67825317382812,193.9600067138672,161.3582305908203,203.97303771972656,68.29469299316406,560.626708984375,424.2080383300781,120.82209014892578
224.6856689453125,192.52999877929688,160.5628204345703,202.62344360351562,68.40959167480469,565.5827026367188,427.1139831542969,123.46104431152344
225.8271484375,191.16000366210938,161.7957000732422,202.22816467285156,68.3617172241211,565.1150512695312,426.3232727050781,123.9908218383789
226.09512329101562,187.97000122070312,163.00868225097656,202.92227172851562,68.73512268066406,564.6372680664062,423.0712585449219,121.35187530517578
231.26634216308594,186.3300018310547,164.89779663085938,203.26931762695312,68.8021469116211,569.69287109375,425.32489013671875,121.39187622070312
224.5269012451172,185.1300048828125,166.03126525878906,199.5868377685547,68.65853118896484,573.7035522460938,415.8260498046875,116.95361328125
225.0926513671875,184.75999450683594,164.90774536132812,199.82781982421875,67.98831176757812,570.0610961914062,412.30718994140625,118.80288696289062
223.9909210205078,181.9600067138672,164.90774536132812,197.8419952392578,67.5191650390625,579.9733276367188,411.7240295410156,122.80130767822266
225.1124725341797,186.50999450683594,166.1008758544922,204.86410522460938,67.18405151367188,593.0801391601562,411.24957275390625,124.8704833984375
220.04051208496094,180.8000030517578,162.0442657470703,204.5828399658203,66.07341003417969,581.9737548828125,404.8050231933594,127.66937255859375
224.09014892578125,182.72000122070312,163.4362335205078,204.4082489013672,66.23619079589844,590.0447998046875,409.91522216796875,132.83731079101562
227.83209228515625,185.1699981689453,160.9307098388672,206.99790954589844,66.60958862304688,587.6762084960938,412.63336181640625,132.597412109375
227.3358154296875,186.64999389648438,161.14942932128906,206.4353790283203,66.30320739746094,581.0281982421875,411.0321350097656,134.75656127929688
225.85693359375,188.82000732421875,162.3027801513672,215.6009979248047,66.60958862304688,587.1189575195312,411.5065612792969,134.74656677246094
229.57901000976562,187.5399932861328,164.01290893554688,214.8153839111328,67.3468246459961,587.5866088867188,414.2939758300781,138.01527404785156
232.11004638671875,187.69000244140625,164.51004028320312,215.69801330566406,67.3468246459961,583.4564819335938,413.8985900878906,131.54783630371094
230.05543518066406,186.88999938964844,164.21176147460938,216.91038513183594,67.5670394897461,574.02197265625,411.3088684082031,135.66619873046875
230.4226837158203,187.52999877929688,161.9945526123047,217.6669158935547,66.92554473876953,574.161376953125,411.9019470214844,136.87570190429688
233.25146484375,188.99000549316406,162.4817352294922,218.5883026123047,67.44258117675781,573.7035522460938,413.3253173828125,137.94529724121094
234.72047424316406,189.07000732421875,163.1280059814453,216.28964233398438,66.49469757080078,572.3997802734375,413.9381103515625,143.6530303955078
234.10507202148438,189.6999969482422,164.19186401367188,217.37594604492188,66.49469757080078,579.217041015625,422.5672302246094,143.5330810546875
229.0430450439453,184.7100067138672,161.8454132080078,216.6873016357422,65.11597442626953,560.9849243164062,419.69085693359375,139.50466918945312
228.85447692871094,186.3800048828125,161.78578186035156,218.21005249023438,64.43618774414062,565.0552978515625,419.8193664550781,140.35433959960938
229.68820190429688,187.8300018310547,164.32113647460938,215.6204071044922,64.07235717773438,570.4989624023438,423.19976806640625,141.48388671875
231.6633758544922,188.38999938964844,165.76278686523438,218.7144317626953,63.83298873901367,575.3854370117188,421.6578369140625,140.4643096923828
231.93138122558594,190.8300018310547,168.70579528808594,216.19264221191406,62.770225524902344,590.4329833984375,426.95587158203125,141.19400024414062
228.38790893554688,192.72999572753906,173.45835876464844,217.6572265625,63.11490249633789,588.9598999023438,427.5291442871094,139.28475952148438
224.22909545898438,186.39999389648438,170.12757873535156,215.24212646484375,62.53085708618164,564.856201171875,401.65185546875,132.70736694335938
221.25144958496094,197.92999267578125,170.3065643310547,216.23146057128906,62.24363708496094,564.438232421875,405.6253662109375,135.34632873535156
220.35812377929688,195.77999877929688,168.26834106445312,213.1665496826172,62.33937072753906,557.9893798828125,403.7374267578125,135.99607849121094
221.78741455078125,199.5,168.76544189453125,214.82508850097656,62.588314056396484,569.6829223632812,406.7027282714844,139.8545379638672
221.06285095214844,207.08999633789062,175.49658203125,239.6256561279297,60.98937225341797,569.3047485351562,415.3219299316406,145.5522918701172
225.7874298095703,210.0500030517578,179.7122344970703,229.2670440673828,60.95107650756836,588.860595703125,420.5111999511719,148.82098388671875
225.51914978027344,208.17999267578125,177.32601928710938,229.84896850585938,61.200008392333984,586.5118408203125,417.6546325683594,147.57147216796875
222.8064727783203,206.83999633789062,179.31455993652344,232.08946228027344,60.66384506225586,580.3713989257812,413.1770324707031,145.20240783691406
222.8064727783203,208.91000366210938,180.57723999023438,232.35133361816406,60.51065444946289,582.0133666992188,418.13897705078125,148.231201171875
223.69082641601562,214.10000610351562,177.85296630859375,233.9031982421875,60.31916046142578,577.2166137695312,420.2839050292969,146.21202087402344
226.77114868164062,211.47999572753906,174.57192993164062,234.59182739257812,59.888309478759766,574.3902587890625,421.9543762207031,146.7018280029297
223.57156372070312,202.61000061035156,171.49969482421875,237.9282989501953,59.1127815246582,551.4210205078125,410.20184326171875,141.92369079589844
226.57241821289062,201.6999969482422,174.2935333251953,237.65672302246094,59.2276725769043,551.7395629882812,410.9530334472656,140.0944366455078
226.8307647705078,204.61000061035156,177.09732055664062,235.77511596679688,59.926605224609375,558.3973999023438,412.9595642089844,146.95172119140625
227.5461883544922,202.8800048828125,174.96961975097656,233.5346221923828,60.30958938598633,562.8060302734375,410.6861572265625,145.83216857910156
227.06924438476562,198.3800048828125,166.66757202148438,237.3948516845703,61.04682159423828,560.3878173828125,408.913330078125,146.6118621826172
228.41067504882812,197.1199951171875,163.81405639648438,241.07081604003906,61.200008392333984,556.4567260742188,413.00372314453125,141.89373779296875
231.39163208007812,201.4499969482422,166.6874237060547,242.7584686279297,61.640438079833984,562.3980712890625,414.776611328125,135.96607971191406
233.56771850585938,207.86000061035156,168.14903259277344,242.44808959960938,61.8032112121582,570.78759765625,423.888427734375,136.86570739746094
233.43853759765625,205.74000549316406,168.25839233398438,242.2734832763672,61.68831253051758,566.468505859375,418.9363708496094,135.28634643554688
235.8233184814453,207.88999938964844,167.97999572753906,242.20559692382812,61.818546295166016,571.5638427734375,419.4018249511719,138.19520568847656
238.06895446777344,210.7100067138672,170.50543212890625,238.8400421142578,61.403724670410156,589.985107421875,426.84979248046875,138.57504272460938
241.10952758789062,213.44000244140625,170.3562774658203,237.45306396484375,61.2783088684082,610.7051391601562,427.06768798828125,140.20440673828125
241.46725463867188,218.16000366210938,173.36886596679688,236.0757598876953,60.0145378112793,610.8345336914062,433.2280578613281,145.08245849609375
241.4970703125,220.5500030517578,171.64881896972656,238.09320068359375,60.69947814941406,606.0078125,438.37823486328125,145.0124969482422
241.29833984375,227.02999877929688,173.7069549560547,239.91664123535156,60.32324981689453,620.7765502929688,439.3191223144531,142.3933563232422
245.18350219726562,226.08999633789062,174.56295776367188,236.4734344482422,60.39077377319336,610.62548828125,441.74560546875,138.76454162597656
246.197021484375,225.0399932861328,184.31788635253906,235.5520477294922,60.68983459472656,616.3479614257812,439.0813903808594,135.0257568359375
244.9251708984375,230.25999450683594,194.50079345703125,236.2018585205078,60.42936325073242,629.643798828125,444.68719482421875,139.26437377929688
246.3858184814453,228.97000122070312,191.07664489746094,234.26205444335938,61.58701705932617,627.7628173828125,445.251708984375,137.29501342773438
246.5547637939453,227.4600067138672,188.9464874267578,232.71990966796875,60.89242172241211,617.3729248046875,442.983642578125,134.20602416992188
249.44625854492188,232.92999267578125,195.75498962402344,232.3707275390625,60.3425407409668,621.7454223632812,447.2622375488281,131.95675659179688
251.8707733154297,231.14999389648438,194.52069091796875,231.18743896484375,61.16254425048828,616.964599609375,450.1047058105469,130.3472900390625
246.47528076171875,220.52000427246094,187.53302001953125,223.43788146972656,60.631954193115234,594.8035278320312,433.1983642578125,128.86778259277344
248.20419311523438,223.2899932861328,187.64248657226562,225.949951171875,60.246070861816406,593.1900634765625,432.841796875,130.63719177246094
252.87437438964844,224.9199981689453,190.52914428710938,230.45033264160156,60.3425407409668,582.9112548828125,432.4159240722656,134.65586853027344
253.64942932128906,225.05999755859375,193.73434448242188,231.21653747558594,60.17853927612305,597.452880859375,431.0788269042969,139.62423706054688
256.5608215332031,229.0500030517578,195.20751953125,235.01858520507812,60.622310638427734,605.3212890625,435.11968994140625,140.174072265625
257.3755798339844,227.0500030517578,194.6998748779297,235.82362365722656,60.36183547973633,600.9389038085938,433.9114074707031,139.88417053222656
253.96737670898438,223.75,191.8729248046875,233.91290283203125,60.246070861816406,597.4130249023438,426.4040832519531,136.96510314941406
250.59890747070312,221.3000030517578,190.35995483398438,232.1185760498047,59.84088897705078,588.877197265625,420.7586975097656,137.4449462890625
248.83021545410156,219.38999938964844,188.42886352539062,232.49684143066406,60.062774658203125,583.1702270507812,417.4606018066406,134.2460174560547
242.3019256591797,220.22000122070312,188.55825805664062,232.778076171875,59.65760040283203,596.8453369140625,414.568603515625,138.2646942138672
241.81503295898438,224.19000244140625,190.9073944091797,235.95941162109375,59.57077407836914,602.2138671875,419.2928771972656,144.4226837158203
243.44461059570312,227.61000061035156,195.96401977539062,234.80899047851562,58.66394805908203,627.681640625,423.7497863769531,149.3810577392578
240.67233276367188,222.11000061035156,194.59039306640625,237.07080078125,58.69288635253906,615.4207763671875,418.3222961425781,140.09410095214844
241.15921020507812,222.1300048828125,193.05746459960938,237.0318145751953,59.532188415527344,608.2794189453125,420.49127197265625,140.06410217285156
235.3463592529297,218.94000244140625,191.15625,233.8535614013672,58.914772033691406,613.3988647460938,414.9350280761719,135.86549377441406
232.91189575195312,218.4600067138672,190.1309814453125,238.084716796875,59.47430419921875,605.8990478515625,413.1919250488281,133.18637084960938
231.7990264892578,217.75999450683594,188.78721618652344,241.26292419433594,59.85054016113281,591.875244140625,411.6865234375,131.71682739257812
236.35987854003906,223.35000610351562,194.65011596679688,246.0205535888672,59.59007263183594,614.6538696289062,422.2244873046875,136.1953887939453
226.81088256835938,220.66000366210938,192.02223205566406,247.89239501953125,60.053131103515625,608.857177734375,420.51104736328125,133.52626037597656
228.5199737548828,225.94000244140625,195.09805297851562,252.65975952148438,60.496891021728516,610.3212890625,424.9184265136719,137.66490173339844
221.2265625,230.7100067138672,197.1385955810547,256.43267822265625,60.217124938964844,613.9965209960938,424.3935546875,140.78387451171875
222.40902709960938,235.00999450683594,197.45712280273438,256.2474365234375,59.599708557128906,621.0083618164062,441.9239501953125,147.02183532714844
222.24008178710938,235.4199981689453,197.0689239501953,259.2794494628906,59.35853576660156,633.9066772460938,442.4289855957031,147.17178344726562
221.3656768798828,234.85000610351562,199.28866577148438,258.197265625,59.73477554321289,644.9025268554688,439.804443359375,142.5732879638672
228.40072631835938,235.4199981689453,190.92730712890625,259.1819152832031,61.61595916748047,657.2429809570312,430.3954162597656,118.38121032714844
236.7473907470703,238.14999389648438,194.4012451171875,260.4395751953125,60.15924835205078,671.6353149414062,442.914306640625,128.94775390625
237.84042358398438,237.07000732421875,194.5107421875,259.8935852050781,60.612667083740234,673.78662109375,438.0909423828125,123.65947723388672
236.0816650390625,234.63999938964844,199.9456329345703,261.5022888183594,61.78960418701172,684.254638671875,411.0129699707031,124.60917663574219
234.5017547607422,237.67999267578125,203.0811309814453,260.5955810546875,61.239715576171875,686.4259643554688,411.08233642578125,120.03067016601562
226.5624542236328,237.4199981689453,200.303955078125,260.11785888671875,61.11430740356445,694.6727905273438,406.9820556640625,116.62179565429688
231.32208251953125,242.05999755859375,205.43028259277344,261.21954345703125,60.45830535888672,701.3759765625,408.4180908203125,118.61112976074219
230.99415588378906,236.1699981689453,190.4495391845703,263.64703369140625,60.89242172241211,702.05322265625,409.32928466796875,124.78912353515625
231.73941040039062,238.8300018310547,190.71829223632812,269.9548034667969,61.123958587646484,709.144775390625,411.83502197265625,128.6378631591797
226.1848907470703,229.14999389648438,184.48707580566406,268.88238525390625,61.58701705932617,711.6646118164062,405.8232116699219,129.79747009277344
226.45346069335938,233.13999938964844,185.6118927001953,264.2417907714844,62.27196502685547,714.5331420898438,408.26953125,133.52626037597656
231.3973388671875,232.75999450683594,184.46717834472656,268.0926818847656,65.21432495117188,716.9235229492188,407.49700927734375,132.7565155029297
235.62501525878906,228.92999267578125,182.76504516601562,268.5411682128906,66.28514862060547,722.4812622070312,405.1199951171875,131.0970458984375
240.26052856445312,230.3699951171875,185.28341674804688,269.38934326171875,67.04727172851562,725.6486206054688,406.6056213378906,135.24566650390625
243.31439208984375,228.67999267578125,184.37759399414062,269.6525573730469,66.43950653076172,733.7260131835938,404.5158386230469,138.8045196533203
243.18507385253906,226.64999389648438,182.92431640625,272.92828369140625,66.6131591796875,713.5072631835938,405.7142639160156,139.35433959960938
243.5829620361328,226.6300048828125,184.4174041748047,272.2458190917969,67.59715270996094,700.9576416015625,410.79510498046875,139.18438720703125
244.53790283203125,222.8800048828125,183.710693359375,260.10809326171875,67.5682144165039,692.063232421875,412.968505859375,140.06410217285156
244.25938415527344,216.5800018310547,178.83322143554688,257.6123352050781,68.83197784423828,680.8184204101562,405.108642578125,134.38595581054688
245.80125427246094,212.7100067138672,178.42510986328125,254.7850799560547,68.09878540039062,665.4600219726562,400.9306335449219,130.23733520507812
245.74156188964844,212.8000030517578,174.61273193359375,250.94387817382812,68.96703338623047,654.87255859375,394.8769226074219,126.58851623535156
239.09666442871094,214.35000610351562,171.93511962890625,252.29901123046875,68.3013916015625,671.0078125,396.69305419921875,131.23699951171875
236.05274963378906,208.74000549316406,167.72457885742188,252.55247497558594,68.36892700195312,655.6095581054688,389.54779052734375,120.11064147949219
240.56887817382812,212.27999877929688,169.4963836669922,258.0120544433594,68.69691467285156,665.52978515625,393.973876953125,124.87908172607422
236.77891540527344,205.02000427246094,166.24143981933594,254.08311462402344,69.76774597167969,652.432373046875,385.5384521484375,114.02263641357422
234.68994140625,203.8000030517578,170.13345336914062,243.9732208251953,67.7129135131836,637.4423828125,385.65753173828125,115.9520034790039
234.50094604492188,208.36000061035156,172.2238006591797,245.22109985351562,67.60679626464844,653.8466186523438,397.9732666015625,117.2615737915039
234.09310913085938,200.6999969482422,171.556884765625,240.35626220703125,67.97338104248047,625.420654296875,393.8746643066406,110.53378295898438
237.81344604492188,199.25,173.05990600585938,236.20310974121094,68.90914916992188,623.1597900390625,390.3218688964844,112.65309143066406
226.28436279296875,194.5399932861328,165.2968292236328,226.3954620361328,68.9284439086914,595.6002807617188,377.2717590332031,106.94495391845703
219.67926025390625,196.58999633789062,163.47315979003906,223.3927001953125,68.53292846679688,603.2894897460938,377.5595397949219,108.72437286376953
215.83953857421875,198.88999938964844,166.5325469970703,222.1837921142578,67.47174072265625,617.0841674804688,380.3581237792969,115.71273803710938
208.5779266357422,193.88999938964844,162.19760131835938,219.54177856445312,67.16304016113281,588.2796630859375,375.8923034667969,115.55277252197266
212.36788940429688,197.9499969482422,164.91815185546875,226.60992431640625,67.21162414550781,605.7102661132812,385.6079406738281,121.6413345336914
212.87522888183594,195.74000549316406,163.7222900390625,228.06256103515625,68.14457702636719,603.0187377929688,385.7468566894531,119.50183868408203
211.57211303710938,192.82000732421875,160.11480712890625,229.07647705078125,67.42542266845703,580.5487670898438,380.6062316894531,115.40280151367188
214.1086883544922,195.5399932861328,163.32369995117188,233.1126251220703,67.3282470703125,582.2435913085938,384.87359619140625,117.4923095703125
212.97471618652344,194.9499969482422,162.23744201660156,233.01513671875,67.74613189697266,584.1774291992188,383.9010009765625,118.50206756591797
217.12278747558594,196.2100067138672,163.42333984375,235.56944274902344,66.73542785644531,594.3956298828125,388.2874450683594,117.6722640991211
219.56985473632812,203.25999450683594,167.1005859375,241.83815002441406,67.00753021240234,616.92529296875,390.0935974121094,121.38140106201172
222.57398986816406,205.7100067138672,169.9706268310547,244.83114624023438,66.8714828491211,624.3621826171875,392.1578063964844,120.66156768798828
220.36563110351562,201.1300048828125,164.48963928222656,244.73365783691406,68.04740142822266,609.0797729492188,387.0072326660156,113.73320007324219
222.67344665527344,201.36000061035156,161.6793975830078,241.89662170410156,68.74711608886719,600.7059326171875,387.6125793457031,111.40375518798828
216.75469970703125,192.72000122070312,153.79672241210938,236.7588348388672,68.38753509521484,574.9462890625,375.9220886230469,109.6441650390625
220.96249389648438,190.25999450683594,154.1056365966797,239.1473846435547,69.60232543945312,574.5675048828125,372.5379943847656,108.35446166992188
222.0169219970703,192.1699981689453,156.52725219726562,237.5485076904297,69.84528350830078,584.1774291992188,379.286376953125,110.1240463256836
222.71324157714844,196.00999450683594,156.49734497070312,239.65435791015625,69.32048797607422,582.1138916015625,379.2367248535156,110.39398193359375
202.12205505371094,178.41000366210938,150.19918823242188,222.95399475097656,71.11837005615234,529.9666137695312,370.2752990722656,101.77601623535156
187.38987731933594,171.0,145.09689331054688,206.26849365234375,67.95993041992188,503.1602783203125,357.1061706542969,94.28778076171875
180.50625610351562,175.25999450683594,146.24290466308594,210.34913635253906,66.44388580322266,514.6444091796875,355.14117431640625,97.61699676513672
171.5137481689453,170.66000366210938,144.19998168945312,212.73277282714844,66.49246978759766,508.86248779296875,351.8662414550781,96.27731323242188
197.8048553466797,191.10000610351562,158.1615753173828,229.86949157714844,67.97936248779297,583.9482421875,387.5232238769531,114.30306243896484
189.41915893554688,181.22000122070312,152.2919464111328,222.7774200439453,68.76654815673828,544.591064453125,378.4527282714844,107.5446548461914
197.10853576660156,184.8699951171875,156.5970001220703,231.69400024414062,69.41766357421875,541.8795166015625,385.4988098144531,110.90386199951172
201.45555114746094,182.1199951171875,158.5203399658203,230.2422332763672,70.40892791748047,529.8270263671875,384.8636474609375,110.68391418457031
201.07754516601562,179.58999633789062,155.76988220214844,228.6825714111328,69.83556365966797,519.8980712890625,382.7994384765625,112.1735610961914
193.24893188476562,174.3300018310547,152.80018615722656,225.22972106933594,69.66062927246094,500.7477722167969,368.7867126464844,104.46538543701172
195.9446563720703,172.61000061035156,150.63768005371094,227.534912109375,70.94344329833984,499.9203796386719,364.9858093261719,101.46607971191406
192.144775390625,167.32000732421875,147.15972900390625,224.62156677246094,70.71991729736328,483.1526794433594,356.3916015625,96.88717651367188
198.69017028808594,173.17999267578125,150.9465789794922,231.09564208984375,71.81809997558594,498.7240905761719,364.0331115722656,98.86669921875
203.52462768554688,180.60000610351562,154.81320190429688,236.2847442626953,71.23500061035156,518.6519775390625,371.54559326171875,102.68579864501953
207.2747802734375,186.5399932861328,158.7296142578125,239.97299194335938,70.47696685791016,531.4918823242188,384.3575134277344,106.40492248535156
208.1800079345703,188.99000549316406,161.4003448486328,238.90380859375,69.88416290283203,545.5679931640625,388.8729553222656,110.98385620117188
209.03550720214844,187.6999969482422,160.05502319335938,238.58009338378906,69.76753234863281,548.0302734375,388.1882019042969,108.70439147949219
210.09988403320312,187.38999938964844,159.60658264160156,239.95338439941406,70.31175231933594,552.7156982421875,391.0462951660156,108.99431610107422
211.3831024169922,184.4199981689453,158.2512664794922,239.95338439941406,70.50611877441406,547.2926025390625,392.2570495605469,108.89433288574219
212.1988067626953,190.1999969482422,160.7426300048828,242.18006896972656,69.28162384033203,570.4303588867188,422.16802978515625,111.58370208740234
204.2706756591797,189.97999572753906,163.46319580078125,247.69285583496094,69.63148498535156,595.1632690429688,431.9729919433594,114.47303009033203
197.84463500976562,186.35000610351562,163.64259338378906,247.74192810058594,69.68006896972656,597.40625,432.856201171875,113.7931900024414
197.4666290283203,185.00999450683594,162.66595458984375,244.49505615234375,69.69950103759766,585.4834594726562,430.0179443359375,113.51325988769531
195.218505859375,188.7100067138672,150.85691833496094,244.63238525390625,70.3603515625,594.953857421875,430.0576477050781,117.03242492675781
196.4519805908203,192.0800018310547,153.74688720703125,248.63455200195312,69.16498565673828,596.150146484375,434.8410339355469,117.34236145019531
197.4865264892578,193.05999755859375,152.22219848632812,248.2519989013672,68.5333023071289,590.6473999023438,435.39678955078125,116.62252044677734
209.95704650878906,208.63999938964844,157.91246032714844,255.08901977539062,67.57120513916016,637.4412841796875,445.84674072265625,122.97103118896484
212.0885772705078,211.3699951171875,158.97872924804688,257.9925537109375,67.01725006103516,653.98974609375,445.72772216796875,129.89938354492188
211.490966796875,210.25,164.79855346679688,260.5723876953125,67.21162414550781,657.309326171875,449.4988098144531,135.30810546875
210.61444091796875,205.1699981689453,163.3934326171875,262.3870544433594,69.59260559082031,641.8775024414062,450.5129089355469,134.79823303222656
210.42518615722656,205.58999633789062,165.61573791503906,262.45574951171875,69.97161865234375,638.3485107421875,451.6463623046875,135.36810302734375
207.9550018310547,206.16000366210938,165.9645233154297,259.8268737792969,69.9035873413086,638.438232421875,456.2197570800781,135.53805541992188
206.04258728027344,204.07000732421875,163.41336059570312,260.61163330078125,69.67034912109375,635.1185913085938,455.5238342285156,134.3483428955078
201.29141235351562,201.1199951171875,167.97755432128906,256.0601806640625,69.82584381103516,633.5235595703125,449.9561462402344,131.76895141601562
200.5643310546875,203.10000610351562,170.27955627441406,255.69723510742188,69.13584899902344,634.5902099609375,452.2329406738281,132.7987060546875
194.49838256835938,200.99000549316406,167.8878631591797,255.73643493652344,69.74809265136719,625.1098022460938,447.5799560546875,131.25906372070312
199.4188690185547,206.02000427246094,172.30255126953125,260.22906494140625,69.75782012939453,640.3223266601562,458.02923583984375,135.4680633544922
199.62802124023438,204.72000122070312,171.76441955566406,258.4634094238281,69.14556121826172,641.5784301757812,454.7184753417969,134.7782440185547
199.15988159179688,205.6999969482422,171.26614379882812,259.3266296386719,69.47598266601562,643.0438842773438,456.0308837890625,139.15721130371094
200.05633544921875,205.00999450683594,171.1465606689453,258.96368408203125,70.06879425048828,645.4762573242188,457.7011413574219,135.09817504882812
200.90296936035156,206.64999389648438,168.4459228515625,259.6110534667969,69.97161865234375,668.8134765625,459.3018798828125,137.34764099121094
202.46678161621094,205.7100067138672,165.60577392578125,261.19036865234375,69.15528106689453,664.7760009765625,460.29608154296875,141.1867218017578
202.0185546875,207.22999572753906,167.46929931640625,259.1794738769531,69.35936737060547,685.8104248046875,461.19085693359375,141.88656616210938
199.8372039794922,207.91000366210938,167.62876892089844,256.9527893066406,68.91232299804688,682.49072265625,464.9788513183594,139.95703125
203.11419677734375,213.57000732421875,173.079833984375,260.6606750488281,69.33992767333984,695.5401000976562,467.66326904296875,141.6865997314453
200.65396118164062,216.97999572753906,175.69395446777344,261.6513671875,69.74809265136719,691.9014282226562,470.0196228027344,142.59640502929688
201.86915588378906,217.61000061035156,178.1983184814453,263.4759216308594,70.31175231933594,700.2155151367188,468.2001953125,143.92608642578125
197.99452209472656,213.1999969482422,176.9511260986328,263.03448486328125,70.03964233398438,691.981201171875,469.8903503417969,142.80625915527344
198.41285705566406,213.24000549316406,175.30484008789062,263.1227722167969,70.20484924316406,691.20361328125,476.1042785644531,144.9759063720703
195.6737060546875,212.10000610351562,174.2771453857422,259.8955383300781,69.50994873046875,680.7462768554688,472.2168273925781,141.94639587402344
197.63592529296875,216.10000610351562,176.3724365234375,265.20233154296875,69.02058410644531,700.4749145507812,476.3727111816406,144.66595458984375
194.86691284179688,214.82000732421875,175.55426025390625,264.37835693359375,68.13972473144531,695.5963134765625,475.279052734375,144.09603881835938
195.80320739746094,212.52000427246094,172.93020629882812,268.7336730957031,67.73843383789062,694.1398315429688,477.4663391113281,145.455810546875
200.20574951171875,209.69000244140625,166.26522827148438,269.7538146972656,67.37629699707031,680.751220703125,474.6427307128906,143.8260955810547
200.70376586914062,208.47000122070312,164.8184814453125,272.96142578125,68.25716400146484,696.8933715820312,483.1930847167969,144.1460418701172
199.50851440429688,212.77000427246094,166.39492797851562,275.8944091796875,68.71717071533203,710.5313110351562,487.279296875,147.8754119873047
200.76353454589844,211.99000549316406,170.29612731933594,278.6409912109375,68.14950561523438,707.01953125,489.4268798828125,154.28436279296875
200.20574951171875,217.1199951171875,173.14968872070312,283.24151611328125,67.99291229248047,724.3887939453125,494.57696533203125,154.99423217773438
200.28541564941406,223.3000030517578,178.1284637451172,281.6327819824219,68.83462524414062,731.9110717773438,493.07568359375,157.72378540039062
204.3592529296875,219.38999938964844,175.83364868164062,284.37939453125,69.24568939208984,736.3607177734375,494.5372009277344,157.96376037597656
206.99879455566406,220.4600067138672,175.4445343017578,284.8698425292969,70.14613342285156,717.5348510742188,489.2081298828125,153.2745361328125
211.6005401611328,219.9199981689453,178.23822021484375,286.4295349121094,69.40229797363281,711.8980712890625,488.2536926269531,157.22386169433594
212.70614624023438,223.41000366210938,179.126220703125,291.75201416015625,69.83293151855469,717.3253784179688,495.95892333984375,159.3135223388672
209.12037658691406,223.47000122070312,176.3923797607422,287.77984619140625,69.50016784667969,716.6668701171875,494.84539794921875,158.21371459960938
209.1801300048828,219.36000061035156,173.9678497314453,278.72174072265625,68.74653625488281,718.9813842773438,493.751708984375,159.97341918945312
210.30567932128906,222.5399932861328,176.2227783203125,279.0963134765625,68.00270080566406,731.0631103515625,500.6019592285156,162.85293579101562
211.57066345214844,222.25999450683594,177.2205047607422,284.0540771484375,68.2865219116211,725.5360107421875,498.58367919921875,164.07273864746094
210.3256072998047,225.02000427246094,179.7847442626953,282.7431640625,68.38440704345703,715.8289184570312,500.4130554199219,164.89259338378906
207.79562377929688,225.69000244140625,181.1516571044922,284.5567932128906,67.99291229248047,719.2308349609375,500.1147766113281,164.04273986816406
208.28369140625,226.35000610351562,181.59068298339844,282.4376525878906,67.88524627685547,708.7255859375,502.89862060546875,170.671630859375
209.32955932617188,223.19000244140625,182.55848693847656,281.7181396484375,67.79715728759766,701.2630004882812,502.69976806640625,171.34152221679688
209.1901092529297,223.8800048828125,183.16712951660156,285.73956298828125,69.0890884399414,699.7665405273438,508.7446594238281,172.97125244140625
210.3455047607422,226.1300048828125,184.64378356933594,287.08990478515625,68.36483001708984,702.6298828125,507.10418701171875,172.38136291503906
211.640380859375,229.3000030517578,189.67245483398438,286.794189453125,68.58014678955078,711.2994384765625,507.1141052246094,171.35153198242188
213.5527801513672,227.47000122070312,190.90966796875,287.24761962890625,68.17887878417969,703.1585693359375,502.3517761230469,167.00225830078125
213.3037872314453,228.2899932861328,189.80215454101562,292.5011291503906,67.68949890136719,711.9080810546875,502.94830322265625,170.75161743164062
212.91531372070312,232.22999572753906,191.73780822753906,292.29412841796875,67.63077545166016,713.125244140625,507.92938232421875,173.7111358642578
213.03485107421875,231.44000244140625,192.74551391601562,294.3344421386719,67.69927978515625,711.0101318359375,510.7430725097656,173.47117614746094
213.2041778564453,232.7899932861328,192.14688110351562,293.9992980957031,66.64224243164062,715.9486083984375,509.5400085449219,176.7206268310547
210.43515014648438,231.00999450683594,195.3097381591797,292.777099609375,67.90481567382812,698.35986328125,509.609619140625,175.48085021972656
208.22393798828125,230.19000244140625,196.08799743652344,295.3299255371094,67.28821563720703,693.5811157226562,510.2757263183594,179.24021911621094
206.7498016357422,234.11000061035156,191.46839904785156,291.9885559082031,66.44650268554688,771.6278076171875,530.418701171875,177.84043884277344
201.58029174804688,214.75,188.70465087890625,285.2171630859375,67.39588165283203,748.2527465820312,521.0829467773438,173.69113159179688
202.5464630126953,211.64999389648438,194.60133361816406,290.0369873046875,67.49374389648438,774.5509643554688,532.5464477539062,179.9700927734375
202.11814880371094,213.75,194.232177734375,287.1884460449219,67.58184051513672,761.6712036132812,524.7019653320312,178.23037719726562
212.4073486328125,222.30999755859375,195.64898681640625,287.1687316894531,68.03205871582031,770.1812133789062,521.908203125,179.3901824951172
219.16053771972656,223.1300048828125,196.07801818847656,282.8220520019531,68.9324951171875,760.0449829101562,517.8319091796875,180.73995971679688
228.4437255859375,222.69000244140625,200.9669952392578,284.615966796875,68.84440612792969,767.49755859375,519.02490234375,182.6696319580078
226.53909301757812,221.3000030517578,200.54794311523438,285.4044494628906,69.24568939208984,764.0755615234375,518.7564697265625,182.0297393798828
229.00213623046875,221.47000122070312,202.88267517089844,288.6472473144531,69.20654296875,788.1489868164062,526.183349609375,183.1295623779297
232.6717529296875,224.55999755859375,201.5057830810547,286.36053466796875,68.96186065673828,778.2523193359375,517.5734252929688,181.559814453125
232.12330627441406,230.97999572753906,202.48358154296875,289.9384460449219,68.07120513916016,780.2974243164062,519.46240234375,181.98974609375
230.93666076660156,231.02999877929688,203.44142150878906,286.3210754394531,68.43333435058594,783.3901977539062,517.1657104492188,180.42001342773438
230.23863220214844,231.49000549316406,203.0423126220703,287.3461608886719,67.6601333618164,765.572021484375,514.1134033203125,181.979736328125
229.90956115722656,228.00999450683594,201.11666870117188,286.4886779785156,68.63887023925781,749.71923828125,506.8258056640625,175.61080932617188
225.3723907470703,223.80999755859375,198.87173461914062,288.04595947265625,69.1967544555664,745.9680786132812,502.7992248535156,175.370849609375
224.26551818847656,221.9499969482422,199.3007354736328,287.2870178222656,69.1576156616211,737.3682250976562,502.15185546875,174.95091247558594
227.11746215820312,228.83999633789062,205.62648010253906,291.9885559082031,68.63887023925781,753.021484375,505.1295166015625,177.96043395996094
226.5191650390625,227.94000244140625,208.02110290527344,290.6678161621094,67.46438598632812,751.5349731445312,502.17181396484375,179.78012084960938
228.6630859375,228.7100067138672,206.67413330078125,294.2851257324219,67.26864624023438,752.3331298828125,499.96099853515625,181.7397918701172
229.83978271484375,229.1199951171875,207.01336669921875,294.9849548339844,67.36651611328125,745.62890625,504.64154052734375,181.56982421875
231.90391540527344,231.60000610351562,211.1640167236328,296.749267578125,66.90650939941406,749.35009765625,507.529541015625,180.1400604248047
231.485107421875,229.0,212.43116760253906,297.0942687988281,67.52310943603516,736.96923828125,504.59173583984375,174.1510467529297
229.07192993164062,225.33999633789062,210.87466430664062,295.39892578125,67.59162139892578,733.3875732421875,503.0282287597656,170.75161743164062
237.79725646972656,225.99000549316406,230.14122009277344,295.211669921875,67.52310943603516,735.3230590820312,503.2572937011719,170.59165954589844
239.10353088378906,235.67999267578125,231.77755737304688,299.4598083496094,66.7988510131836,746.8959350585938,505.866455078125,171.63148498535156
239.01380920410156,232.3300018310547,234.47146606445312,290.1552734375,66.51500701904297,750.68701171875,492.9501647949219,166.9922637939453
237.20892333984375,235.83999633789062,233.72247314453125,288.70635986328125,65.99628448486328,750.5372924804688,496.13690185546875,168.2820281982422
233.6888885498047,238.24000549316406,239.30491638183594,293.57550048828125,66.41714477539062,763.9059448242188,496.34600830078125,170.7316131591797
226.1501922607422,230.3300018310547,238.84552001953125,296.22686767578125,66.37799072265625,750.2180786132812,498.29791259765625,177.300537109375
229.38107299804688,229.9499969482422,240.0438995361328,301.1748352050781,66.1822509765625,749.140625,498.9352722167969,177.1505584716797
233.40968322753906,228.14999389648438,240.4733123779297,302.5054626464844,65.58522033691406,753.8196411132812,507.7884521484375,177.80047607421875
236.03224182128906,231.42999267578125,251.26864624023438,304.46685791015625,65.29920196533203,762.9082641601562,513.225830078125,177.73048400878906
237.4781494140625,234.0500030517578,250.8192596435547,304.7527160644531,65.32878875732422,777.1747436523438,506.9320068359375,174.86080932617188
238.3157958984375,231.6199951171875,249.19146728515625,307.2760009765625,66.11778259277344,773.9024658203125,507.9079284667969,170.27130126953125
237.20892333984375,231.22999572753906,251.68807983398438,308.7347717285156,65.54576110839844,778.421875,506.3444519042969,176.2206573486328
244.8074188232422,231.47999572753906,254.3744354248047,310.26251220703125,65.51617431640625,776.5562133789062,515.7852172851562,176.6505889892578
255.35755920410156,227.6300048828125,252.18739318847656,307.9560852050781,65.29920196533203,763.8824462890625,512.3196411132812,183.58984375
253.7122344970703,220.7100067138672,251.31858825683594,308.25177001953125,65.79232025146484,754.1387329101562,507.1212463378906,178.410400390625
251.59820556640625,220.2100067138672,246.80470275878906,308.92205810546875,65.53589630126953,759.3899536132812,508.0373840332031,176.9505615234375
256.14532470703125,218.14999389648438,245.45654296875,308.9516296386719,65.07237243652344,747.6595458984375,504.9303283691406,177.67050170898438
254.7393341064453,219.77999877929688,246.2055206298828,311.52410888671875,64.7666244506836,742.5081787109375,509.3419494628906,178.17044067382812
253.7122344970703,222.1699981689453,243.71890258789062,311.1594543457031,65.13153839111328,742.1587524414062,512.4689331054688,181.83004760742188
253.9116668701172,219.57000732421875,242.77020263671875,310.9031677246094,65.40768432617188,733.1538696289062,515.8051147460938,186.55950927734375
254.72933959960938,220.6300048828125,244.5677490234375,306.25091552734375,65.86135864257812,716.1422729492188,517.5578002929688,187.21945190429688
256.40460205078125,222.41000366210938,245.35667419433594,303.1362609863281,65.19071197509766,725.8360595703125,513.6041870117188,188.8692626953125
257.2920837402344,219.50999450683594,245.01715087890625,305.5806884765625,65.73314666748047,709.3735961914062,515.20751953125,187.59939575195312
255.9658660888672,220.89999389648438,250.09024047851562,306.2244567871094,65.19071197509766,714.465087890625,526.3811645507812,185.51962280273438
255.75645446777344,221.77999877929688,245.42657470703125,304.7486877441406,65.87122344970703,711.889404296875,521.8101196289062,185.01968383789062
257.33197021484375,225.22000122070312,244.2881317138672,301.1236877441406,65.21044158935547,716.6414794921875,522.676513671875,189.0892333984375
253.32330322265625,227.74000549316406,241.2023162841797,302.6093444824219,65.4570083618164,732.2852783203125,520.2366943359375,192.54885864257812
244.57806396484375,216.3699951171875,236.2490692138672,298.01373291015625,66.11778259277344,704.1223754882812,508.84405517578125,183.139892578125
246.96133422851562,220.07000732421875,243.81875610351562,305.0260314941406,65.88108825683594,714.5050048828125,511.9212646484375,188.29933166503906
247.07101440429688,216.38999938964844,245.1169891357422,299.19232177734375,66.5813217163086,707.466796875,511.4432067871094,180.01022338867188
248.63658142089844,215.57000732421875,250.68942260742188,302.767822265625,66.15723419189453,716.3519287109375,511.3038330078125,179.8102569580078
246.7519073486328,214.47000122070312,251.1188507080078,295.6861572265625,66.66021728515625,710.881103515625,509.4913330078125,181.7900390625
251.5782470703125,213.0399932861328,252.9563446044922,294.7155456542969,67.49852752685547,715.7229614257812,511.4532165527344,183.19989013671875
261.50018310546875,216.47999572753906,256.2019348144531,299.4696350097656,67.49852752685547,730.947509765625,514.6498413085938,182.6199493408203
262.0286865234375,222.02999877929688,250.12020874023438,294.2500305175781,70.24028015136719,732.0457153320312,515.5162963867188,181.14010620117188
257.7209167480469,217.9499969482422,251.34854125976562,291.2984924316406,69.8359146118164,732.1854248046875,518.3843383789062,180.2602081298828
258.8476867675781,221.08999633789062,252.73666381835938,291.72442626953125,68.97789001464844,732.7744750976562,518.404296875,182.13999938964844
262.07855224609375,224.2100067138672,259.5673828125,297.5680236816406,68.75105285644531,737.127197265625,521.441650390625,186.23953247070312
268.0516357421875,226.97000122070312,268.9046630859375,301.2425231933594,69.09623718261719,749.5663452148438,529.3189697265625,191.46897888183594
268.2410888671875,229.25,267.1071472167969,302.4409484863281,69.19486999511719,750.1853637695312,539.8251953125,201.0079345703125
268.93914794921875,230.3000030517578,274.197509765625,302.58953857421875,67.40975952148438,750.4149169921875,539.3073120117188,207.01727294921875
270.63433837890625,222.86000061035156,281.09814453125,306.48199462890625,68.03109741210938,665.3572387695312,523.582763671875,202.8677215576172
269.60723876953125,244.22000122070312,280.8085021972656,308.1459045410156,67.95220184326172,647.2674560546875,515.6656494140625,202.4677734375
268.2909851074219,254.0,283.3350830078125,306.3928527832031,67.03498840332031,636.645263671875,514.888916015625,206.85728454589844
269.2781982421875,249.32000732421875,277.1634521484375,306.2937927246094,67.71549987792969,626.2725830078125,512.2001342773438,198.66818237304688
269.3778991699219,250.1999969482422,283.92425537109375,308.7005615234375,67.56756591796875,634.88818359375,505.0597839355469,195.18858337402344
269.0089416503906,243.0399932861328,284.3636779785156,310.4239501953125,68.10999298095703,617.9065551757812,495.04144287109375,188.05935668945312
267.7126159667969,244.41000366210938,278.45172119140625,311.20635986328125,69.57949829101562,620.6719360351562,494.7626037597656,188.1293487548828
268.9303283691406,248.39999389648438,289.7064208984375,313.8607482910156,69.54991149902344,630.7052001953125,503.90460205078125,199.0281524658203
274.73956298828125,249.10000610351562,290.914794921875,312.6028747558594,70.62491607666016,626.0330200195312,506.573486328125,193.1387939453125
272.962890625,244.1999969482422,286.3210144042969,317.34710693359375,70.52629852294922,607.9931640625,509.0233154296875,193.7787322998047
272.4438171386719,237.5800018310547,278.19207763671875,306.5216064453125,70.09234619140625,608.8717041015625,501.205810546875,186.8394775390625
271.90484619140625,234.69000244140625,276.0350036621094,300.7076721191406,70.18111419677734,608.4424438476562,508.0672912597656,190.1491241455078
266.9639892578125,232.8699951171875,284.63330078125,297.4986572265625,69.70771026611328,601.0048217773438,505.388427734375,186.5795135498047
266.94403076171875,222.5500030517578,283.8943176269531,296.5478515625,70.24028015136719,596.6920776367188,491.74517822265625,181.340087890625
268.0619812011719,222.69000244140625,292.4127502441406,300.3709411621094,70.13179779052734,589.3343505859375,485.102783203125,186.49951171875
265.7562561035156,217.13999938964844,289.05731201171875,295.5277099609375,70.23041534423828,588.1663208007812,477.3404846191406,180.6201629638672
270.98651123046875,220.69000244140625,299.25347900390625,295.171142578125,71.94647979736328,593.2578125,471.04486083984375,178.86036682128906
275.4083557128906,226.27999877929688,318.14776611328125,295.1513366699219,71.5914306640625,612.0264282226562,472.92059326171875,182.52996826171875
276.45635986328125,229.6699981689453,323.0011901855469,300.103515625,71.61116027832031,635.1576538085938,475.90374755859375,177.80047607421875
277.0353088378906,229.16000366210938,319.5159606933594,304.6991882324219,71.87744903564453,632.5520629882812,484.3943786621094,180.24020385742188
278.3328857421875,233.22000122070312,319.7456359863281,310.087158203125,72.11415100097656,646.8681640625,490.88958740234375,176.98056030273438
282.57501220703125,233.8800048828125,314.46282958984375,305.9669494628906,71.45864868164062,639.7999267578125,485.6315612792969,179.90025329589844
285.6592712402344,234.4199981689453,315.38153076171875,304.9368896484375,70.18739318847656,646.01953125,488.8841552734375,181.44007873535156
283.623046875,232.3800048828125,319.19635009765625,309.1462707519531,70.32643127441406,638.5320434570312,476.64208984375,179.57028198242188
280.179443359375,229.11000061035156,317.1890869140625,313.0783386230469,69.9688949584961,660.425537109375,479.7449951171875,183.37008666992188
278.26300048828125,229.52999877929688,320.8341064453125,312.0284729003906,69.52196502685547,672.2955932617188,482.0597229003906,182.40013122558594
277.3746643066406,226.88999938964844,313.49932861328125,312.1968078613281,69.770263671875,665.6866455078125,489.9018249511719,185.5399627685547
276.6659851074219,227.9199981689453,316.85693359375,297.6373596191406,69.6113510131836,655.8631591796875,490.8995361328125,184.95999145507812
278.26300048828125,231.77999877929688,319.9847412109375,307.1455383300781,69.73052978515625,649.0444946289062,477.4701843261719,183.77005004882812
277.514404296875,230.27999877929688,312.210205078125,314.3460693359375,68.63804626464844,651.6201782226562,482.3690185546875,180.92019653320312
277.763916015625,226.19000244140625,309.07244873046875,315.4751892089844,70.03841400146484,643.1543579101562,477.4402770996094,175.01052856445312
273.6016540527344,222.5399932861328,308.003173828125,316.9608154296875,70.48534393310547,646.9561157226562,473.73870849609375,176.28045654296875
274.1007385253906,222.55999755859375,306.3543395996094,312.5335693359375,69.88944244384766,656.587890625,475.3051452636719,177.71038818359375
271.33587646484375,221.27000427246094,296.5112609863281,311.9690246582031,70.18739318847656,648.9443969726562,475.0357360839844,170.93075561523438
271.68524169921875,226.75999450683594,302.2472229003906,310.0079345703125,69.87950897216797,663.881591796875,482.87786865234375,174.1305694580078
273.1625061035156,227.35000610351562,306.9439392089844,314.17767333984375,69.58155822753906,658.2064819335938,484.8134460449219,180.98020935058594
270.4674987792969,228.42999267578125,309.56207275390625,320.0014953613281,69.73052978515625,660.9341430664062,483.81573486328125,183.6800537109375
271.85491943359375,232.13999938964844,314.1288757324219,322.8143310546875,69.39286041259766,664.3711547851562,485.7413330078125,189.19976806640625
273.3022155761719,232.3800048828125,313.8690490722656,326.02337646484375,69.63121795654297,666.9789428710938,486.90863037109375,188.59979248046875
272.89300537109375,232.52000427246094,313.2894592285156,324.7754211425781,69.39286041259766,662.7225952148438,486.599365234375,190.51968383789062
273.2523498535156,232.07000732421875,313.33941650390625,320.6551818847656,69.68087768554688,658.1265258789062,485.9907531738281,188.20980834960938
272.57354736328125,232.52999877929688,313.6292419433594,320.328369140625,69.59149169921875,665.3803100585938,486.3699035644531,187.52984619140625
271.3558349609375,230.82000732421875,312.7798156738281,319.1398010253906,69.43258666992188,659.5253295898438,482.5186767578125,186.4899139404297
270.5074462890625,226.5,314.9283142089844,322.36865234375,68.64797973632812,649.8535766601562,471.8630065917969,188.83978271484375
266.764404296875,233.05999755859375,316.3173522949219,330.8468322753906,67.47603607177734,658.2264404296875,471.773193359375,188.1098175048828
261.87347412109375,240.92999267578125,314.1188659667969,332.90625,67.37671661376953,660.0548706054688,477.4203186035156,187.22987365722656
259.84722900390625,241.55999755859375,321.7535095214844,325.3250732421875,67.07876586914062,648.1350708007812,482.3690185546875,189.09976196289062
258.55963134765625,246.2899932861328,325.2110595703125,328.11083984375,68.89627075195312,645.50732421875,477.0212097167969,185.0299835205078
258.8890075683594,247.3800048828125,328.3388671875,327.5138854980469,70.02848815917969,652.5013427734375,478.1885681152344,184.84999084472656
259.7673645019531,246.47000122070312,331.62652587890625,322.8377990722656,70.0185546875,641.4207763671875,476.09332275390625,184.92999267578125
260.5658874511719,242.60000610351562,335.7336730957031,309.3169860839844,70.75350189208984,630.5501708984375,469.5981750488281,185.79994201660156
259.4779052734375,236.64999389648438,335.603759765625,306.30242919921875,70.95214080810547,614.9934692382812,458.3338928222656,183.1300811767578
257.7311706542969,238.17999267578125,332.5458984375,307.68536376953125,69.99869537353516,620.2689208984375,455.6200866699219,187.03988647460938
255.05612182617188,239.1199951171875,329.7678527832031,310.8789978027344,69.95896911621094,619.7194213867188,458.8127746582031,186.21990966796875
246.2425079345703,231.0,321.77349853515625,301.19854736328125,71.26001739501953,603.6032104492188,453.48492431640625,178.06036376953125
247.1907501220703,231.30999755859375,328.1490173339844,300.50213623046875,71.51824188232422,612.4356689453125,443.0986328125,183.31008911132812
247.8894500732422,234.33999633789062,330.3074951171875,302.0840148925781,71.37920379638672,647.0759887695312,450.1126403808594,184.82998657226562
247.58001708984375,239.16000366210938,327.6993103027344,296.2041015625,72.3823013305664,658.1964721679688,464.888916015625,187.6598358154297
254.93637084960938,238.4199981689453,333.02557373046875,299.5072021484375,72.06448364257812,671.7847900390625,469.20904541015625,186.4599151611328
257.7910461425781,244.67999267578125,334.31463623046875,298.7809143066406,73.0477294921875,672.394287109375,479.485595703125,188.50979614257812
255.96444702148438,243.00999450683594,335.7736511230469,299.2385559082031,72.56106567382812,668.1578979492188,480.533203125,191.5096435546875
257.801025390625,241.72999572753906,338.0120544433594,304.8598327636719,72.92854309082031,737.6784057617188,432.5128173828125,192.49957275390625
258.99884033203125,239.3000030517578,337.7622375488281,304.33251953125,74.29911804199219,715.8870849609375,429.31011962890625,191.11965942382812
269.50927734375,242.9600067138672,343.4482421875,306.5710754394531,74.8155746459961,705.8056640625,422.4058837890625,185.59996032714844
268.98028564453125,238.6199951171875,339.47100830078125,313.24688720703125,76.36491394042969,691.1082763671875,410.2735595703125,180.33023071289062
275.97723388671875,232.99000549316406,332.80572509765625,315.654541015625,76.82176971435547,668.417724609375,413.2467956542969,174.18057250976562
275.3983459472656,222.69000244140625,331.0169677734375,308.5807800292969,77.9738540649414,669.63671875,392.7735290527344,171.87069702148438
277.6042175292969,210.32000732421875,322.63287353515625,320.7584533691406,78.49030303955078,660.8941650390625,400.22650146484375,185.39996337890625
274.3672180175781,208.72000122070312,324.09185791015625,320.4599914550781,77.43754577636719,676.640625,412.65814208984375,190.0297088623047
273.4280700683594,206.9600067138672,318.3558654785156,316.659423828125,76.28546142578125,670.1461791992188,412.328857421875,188.52978515625
275.24639892578125,204.0800018310547,310.7412414550781,309.2374267578125,78.06324005126953,668.1179809570312,403.4491271972656,190.0397186279297
261.4891052246094,199.60000610351562,308.7826232910156,301.09906005859375,78.46051025390625,649.254150390625,400.9248962402344,186.9298858642578
255.5445556640625,198.7899932861328,305.50494384765625,301.0094909667969,78.14269256591797,639.2227172851562,400.4060974121094,182.80010986328125
263.6371154785156,201.14999389648438,301.8075256347656,305.5661926269531,79.01667785644531,638.7431030273438,395.95623779296875,184.95999145507812
264.106689453125,204.7899932861328,303.1166076660156,307.2077941894531,78.94715881347656,642.6697387695312,398.69000244140625,187.96981811523438
260.3401184082031,204.86000061035156,302.636962890625,306.48150634765625,78.37112426757812,644.2284545898438,398.4599914550781,187.88983154296875
264.3364562988281,210.11000061035156,314.7584228515625,309.20758056640625,79.29476928710938,655.09912109375,397.2300109863281,189.8097381591797
265.9349670410156,205.27000427246094,311.2708740234375,296.1543884277344,80.00984954833984,636.7048950195312,384.4700012207031,191.53964233398438
271.8895263671875,208.55999755859375,310.6813049316406,295.7862243652344,80.16876220703125,638.7531127929688,389.0,192.83956909179688
273.97760009765625,210.63999938964844,312.67987060546875,301.75567626953125,79.92047119140625,653.1307983398438,400.6000061035156,195.54940795898438
272.6987609863281,207.9199981689453,307.1637878417969,304.5712890625,79.95026397705078,656.447998046875,401.7200012207031,184.87998962402344
263.93682861328125,210.0,311.54071044921875,298.7709655761719,81.00302124023438,647.62548828125,392.739990234375,177.180419921875
264.476318359375,208.38999938964844,306.3043518066406,296.044921875,79.67218017578125,653.0009155273438,398.54998779296875,182.47012329101562
263.5072326660156,208.72999572753906,303.3664245605469,298.7311706542969,78.79817962646484,654.5196533203125,403.92999267578125,180.04025268554688
262.2783508300781,216.82000732421875,302.9167785644531,297.8656311035156,77.566650390625,667.1587524414062,405.20001220703125,183.03009033203125
260.0504150390625,218.94000244140625,300.6683349609375,292.0553283691406,76.50395965576172,660.0049438476562,410.67999267578125,183.330078125
257.2229919433594,213.2100067138672,298.30999755859375,288.0060729980469,76.5138931274414,644.308349609375,408.9599914550781,177.8103790283203
259.6407775878906,213.49000549316406,306.3599853515625,288.44384765625,77.26870727539062,646.836181640625,409.4100036621094,182.64010620117188
260.58990478515625,214.3300018310547,307.0400085449219,287.2598876953125,77.34815216064453,653.510498046875,405.760009765625,184.760009765625
260.5699157714844,212.64999389648438,308.70001220703125,286.0560302734375,77.09986114501953,654.2998046875,404.8800048828125,186.02999877929688
255.52456665039062,209.52999877929688,303.54998779296875,281.44964599609375,77.08000183105469,637.6340942382812,401.8599853515625,183.13999938964844
249.8897705078125,207.6699981689453,302.2799987792969,281.996826171875,77.33999633789062,613.1849975585938,395.54998779296875,180.25
252.58729553222656,211.74000549316406,305.55999755859375,284.7029724121094,77.81999969482422,627.4500122070312,399.95001220703125,183.22000122070312
253.99598693847656,215.1999969482422,310.9200134277344,285.42926025390625,77.58000183105469,622.6599731445312,399.4100036621094,181.92999267578125
249.70994567871094,209.8699951171875,307.69000244140625,286.27490234375,75.97000122070312,615.6799926757812,391.7900085449219,180.39999389648438
248.73085021972656,208.75999450683594,307.1300048828125,286.5037536621094,75.55000305175781,606.7000122070312,389.0199890136719,178.55999755859375
247.76173400878906,205.3699951171875,301.0,285.1009216308594,74.75,593.6599731445312,381.8699951171875,172.6999969482422
251.25851440429688,210.13999938964844,302.05999755859375,288.4338684082031,75.11000061035156,604.0599975585938,383.0,175.63999938964844
251.4083709716797,207.24000549316406,290.44000244140625,290.91119384765625,74.66999816894531,592.9199829101562,372.739990234375,175.1999969482422
252.38746643066406,211.7100067138672,290.92999267578125,293.91583251953125,75.25,594.8900146484375,371.0400085449219,178.67999267578125
252.6572265625,207.5399932861328,280.9200134277344,290.1749572753906,74.69000244140625,547.5399780273438,365.9700012207031,171.24000549316406
248.57098388671875,199.33999633789062,274.3399963378906,281.3998718261719,75.70999908447266,525.719970703125,356.7699890136719,167.52000427246094
246.40298461914062,200.9499969482422,273.5,282.32513427734375,76.2699966430664,536.3800048828125,358.9599914550781,165.1699981689453
253.55638122558594,208.27000427246094,287.55999755859375,292.6622314453125,76.05000305175781,572.1300048828125,370.1700134277344,174.39999389648438
255.3946990966797,210.57000732421875,297.3900146484375,293.87603759765625,76.08000183105469,579.22998046875,369.3699951171875,175.75
255.68443298339844,209.77000427246094,295.7699890136719,293.1000061035156,76.72000122070312,574.4600219726562,373.4599914550781,177.38999938964844
258.6217041015625,212.7899932861328,299.989990234375,295.45001220703125,77.22000122070312,573.02001953125,372.8800048828125,177.63999938964844
253.26666259765625,213.77000427246094,305.4599914550781,297.3999938964844,75.91000366210938,575.0499877929688,372.2900085449219,178.10000610351562
258.66168212890625,221.25,317.32000732421875,307.9700012207031,77.29000091552734,612.4199829101562,374.3299865722656,182.0800018310547
260.2502136230469,233.64999389648438,318.489990234375,310.3299865722656,78.18000030517578,628.3900146484375,373.07000732421875,183.91000366210938
260.240234375,238.3800048828125,317.239990234375,309.8699951171875,77.47000122070312,629.8599853515625,370.8699951171875,188.6300048828125
258.96142578125,239.88999938964844,321.30999755859375,313.67999267578125,76.41000366210938,634.530029296875,384.3699951171875,189.30999755859375
258.59173583984375,249.02000427246094,332.9100036621094,311.1199951171875,75.9000015258789,662.489990234375,393.1099853515625,196.50999450683594
266.18475341796875,248.5,337.1199951171875,305.92999267578125,75.30999755859375,671.5800170898438,411.2200012207031,198.8699951171875
263.15753173828125,249.6999969482422,336.0199890136719,309.95001220703125,75.18000030517578,676.8699951171875,420.260009765625,198.35000610351562
269.98126220703125,250.55999755859375,341.67999267578125,310.2900085449219,75.73999786376953,688.5499877929688,422.7900085449219,201.67999267578125
272.79864501953125,248.27999877929688,337.4200134277344,316.989990234375,75.4800033569336,670.9099731445312,418.07000732421875,202.05999755859375
265.9250183105469,249.91000366210938,332.2900085449219,313.0,74.69999694824219,668.8400268554688,424.1600036621094,199.8800048828125
272.9185791015625,255.36000061035156,339.32000732421875,313.0199890136719,74.62999725341797,674.719970703125,432.9200134277344,202.5
273.1783142089844,255.0800018310547,338.8900146484375,311.69000244140625,76.27999877929688,659.1500244140625,415.75,199.63999938964844
270.81048583984375,263.989990234375,344.3999938964844,308.2799987792969,76.62999725341797,675.030029296875,424.6199951171875,208.27000427246094
267.3636474609375,261.1199951171875,350.3399963378906,311.6300048828125,75.44000244140625,678.6199951171875,424.82000732421875,216.61000061035156
270.4608154296875,259.70001220703125,349.7799987792969,311.45001220703125,78.3499984741211,671.3400268554688,429.25,213.1699981689453
269.92132568359375,263.0400085449219,349.94000244140625,309.25,78.87000274658203,669.1199951171875,424.4599914550781,209.25
271.1002502441406,265.05999755859375,384.79998779296875,313.2300109863281,78.76000213623047,611.9099731445312,407.7799987792969,199.57000732421875
279.88214111328125,268.260009765625,385.69000244140625,312.4700012207031,78.58000183105469,608.75,414.44000244140625,198.4499969482422
276.5751647949219,272.04998779296875,383.25,307.6499938964844,78.19000244140625,610.4099731445312,413.6199951171875,198.47999572753906
283.9184265136719,273.54998779296875,388.42999267578125,309.3999938964844,78.4800033569336,604.9600219726562,411.3800048828125,196.5
287.245361328125,274.989990234375,398.0400085449219,314.8999938964844,79.2300033569336,612.8800048828125,413.9599914550781,207.8300018310547
287.1754150390625,271.1700134277344,397.989990234375,306.2699890136719,78.43000030517578,616.8099975585938,420.7699890136719,211.5
293.0500183105469,272.67999267578125,400.79998779296875,302.1000061035156,78.41999816894531,609.6300048828125,415.1199951171875,215.1999969482422
292.67999267578125,268.989990234375,388.6400146484375,300.0,78.66000366210938,598.8599853515625,412.6600036621094,219.44000244140625
294.79998779296875,265.82000732421875,387.3500061035156,304.8800048828125,80.02999877929688,603.0,407.7699890136719,220.77999877929688
298.8699951171875,270.1300048828125,402.6199951171875,300.25,80.26000213623047,616.6300048828125,405.2099914550781,225.8300018310547
298.2099914550781,267.2200012207031,401.07000732421875,299.9100036621094,80.44999694824219,618.4299926757812,409.42999267578125,235.74000549316406
300.2300109863281,264.1400146484375,396.7799987792969,297.80999755859375,80.81999969482422,614.22998046875,421.9200134277344,225.32000732421875
297.8399963378906,264.8599853515625,396.94000244140625,300.7300109863281,81.19999694824219,611.2100219726562,423.5400085449219,222.32000732421875
298.9700012207031,259.3399963378906,387.6600036621094,295.70001220703125,81.91999816894531,602.6099853515625,417.4200134277344,220.61000061035156
302.25,265.010009765625,388.9100036621094,301.9800109863281,81.55000305175781,605.0599975585938,421.05999755859375,223.47000122070312
304.989990234375,268.4599914550781,387.6600036621094,303.0,81.16999816894531,607.3800048828125,419.0899963378906,219.50999450683594
